Elapsed_s,Sample_ID,Test_ID,Test_Family,RH_Command,Temperature_Setpoint_C,Direction,Chamber_State,RH_Reference,RH_DUT,Temperature_Reference_C,Temperature_DUT_C,Period_s,Frequency_Hz
0.000000,1,DY-SIN-001,DYNAMIC_SINUSOIDAL,50.000000,25.000000,DOWN,TRANSIENT,50.360000,49.700000,25.011000,25.011000,600,0.001667
1.000000,2,DY-SIN-001,DYNAMIC_SINUSOIDAL,50.104718,25.000000,UP,TRANSIENT,50.380000,49.000000,24.979000,24.979000,600,0.001667
2.000000,3,DY-SIN-001,DYNAMIC_SINUSOIDAL,50.209424,25.000000,UP,TRANSIENT,50.330000,48.700000,25.036000,25.036000,600,0.001667
3.000000,4,DY-SIN-001,DYNAMIC_SINUSOIDAL,50.314108,25.000000,UP,TRANSIENT,50.220000,48.800000,24.979000,24.979000,600,0.001667
4.000000,5,DY-SIN-001,DYNAMIC_SINUSOIDAL,50.418757,25.000000,UP,TRANSIENT,50.210000,49.100000,25.045000,25.045000,600,0.001667
5.000000,6,DY-SIN-001,DYNAMIC_SINUSOIDAL,50.523360,25.000000,UP,TRANSIENT,50.250000,48.700000,25.027000,25.027000,600,0.001667
6.000000,7,DY-SIN-001,DYNAMIC_SINUSOIDAL,50.627905,25.000000,UP,TRANSIENT,50.290000,49.000000,25.027000,25.027000,600,0.001667
7.000000,8,DY-SIN-001,DYNAMIC_SINUSOIDAL,50.732382,25.000000,UP,TRANSIENT,50.280000,48.800000,25.075000,25.075000,600,0.001667
8.000000,9,DY-SIN-001,DYNAMIC_SINUSOIDAL,50.836778,25.000000,UP,TRANSIENT,50.320000,48.200000,24.984000,24.984000,600,0.001667
9.000000,10,DY-SIN-001,DYNAMIC_SINUSOIDAL,50.941083,25.000000,UP,TRANSIENT,50.340000,48.700000,25.005000,25.005000,600,0.001667
10.000000,11,DY-SIN-001,DYNAMIC_SINUSOIDAL,51.045285,25.000000,UP,TRANSIENT,50.350000,48.300000,24.926000,24.926000,600,0.001667
11.000000,12,DY-SIN-001,DYNAMIC_SINUSOIDAL,51.149372,25.000000,UP,TRANSIENT,50.360000,48.700000,25.022000,25.022000,600,0.001667
12.000000,13,DY-SIN-001,DYNAMIC_SINUSOIDAL,51.253332,25.000000,UP,TRANSIENT,50.420000,49.300000,25.025000,25.025000,600,0.001667
13.000000,14,DY-SIN-001,DYNAMIC_SINUSOIDAL,51.357156,25.000000,UP,TRANSIENT,50.380000,48.700000,25.033000,25.033000,600,0.001667
14.000000,15,DY-SIN-001,DYNAMIC_SINUSOIDAL,51.460830,25.000000,UP,TRANSIENT,50.500000,48.900000,25.011000,25.011000,600,0.001667
15.000000,16,DY-SIN-001,DYNAMIC_SINUSOIDAL,51.564345,25.000000,UP,TRANSIENT,50.440000,49.000000,25.040000,25.040000,600,0.001667
16.000000,17,DY-SIN-001,DYNAMIC_SINUSOIDAL,51.667687,25.000000,UP,TRANSIENT,50.420000,49.000000,25.034000,25.034000,600,0.001667
17.000000,18,DY-SIN-001,DYNAMIC_SINUSOIDAL,51.770847,25.000000,UP,TRANSIENT,50.460000,48.900000,25.041000,25.041000,600,0.001667
18.000000,19,DY-SIN-001,DYNAMIC_SINUSOIDAL,51.873813,25.000000,UP,TRANSIENT,50.400000,48.900000,25.023000,25.023000,600,0.001667
19.000000,20,DY-SIN-001,DYNAMIC_SINUSOIDAL,51.976573,25.000000,UP,TRANSIENT,50.450000,48.800000,24.989000,24.989000,600,0.001667
20.000000,21,DY-SIN-001,DYNAMIC_SINUSOIDAL,52.079117,25.000000,UP,TRANSIENT,50.560000,48.400000,24.953000,24.953000,600,0.001667
21.000000,22,DY-SIN-001,DYNAMIC_SINUSOIDAL,52.181432,25.000000,UP,TRANSIENT,50.590000,49.100000,25.015000,25.015000,600,0.001667
22.000000,23,DY-SIN-001,DYNAMIC_SINUSOIDAL,52.283509,25.000000,UP,TRANSIENT,50.600000,48.900000,25.000000,25.000000,600,0.001667
23.000000,24,DY-SIN-001,DYNAMIC_SINUSOIDAL,52.385335,25.000000,UP,TRANSIENT,50.740000,49.200000,25.044000,25.044000,600,0.001667
24.000000,25,DY-SIN-001,DYNAMIC_SINUSOIDAL,52.486899,25.000000,UP,TRANSIENT,50.730000,49.100000,24.979000,24.979000,600,0.001667
25.000000,26,DY-SIN-001,DYNAMIC_SINUSOIDAL,52.588190,25.000000,UP,TRANSIENT,50.720000,49.400000,25.067000,25.067000,600,0.001667
26.000000,27,DY-SIN-001,DYNAMIC_SINUSOIDAL,52.689198,25.000000,UP,TRANSIENT,50.860000,48.900000,24.935000,24.935000,600,0.001667
27.000000,28,DY-SIN-001,DYNAMIC_SINUSOIDAL,52.789911,25.000000,UP,TRANSIENT,50.960000,48.500000,25.021000,25.021000,600,0.001667
28.000000,29,DY-SIN-001,DYNAMIC_SINUSOIDAL,52.890318,25.000000,UP,TRANSIENT,50.980000,49.200000,25.017000,25.017000,600,0.001667
29.000000,30,DY-SIN-001,DYNAMIC_SINUSOIDAL,52.990408,25.000000,UP,TRANSIENT,51.020000,48.800000,25.018000,25.018000,600,0.001667
30.000000,31,DY-SIN-001,DYNAMIC_SINUSOIDAL,53.090170,25.000000,UP,TRANSIENT,51.040000,48.500000,25.030000,25.030000,600,0.001667
31.000000,32,DY-SIN-001,DYNAMIC_SINUSOIDAL,53.189593,25.000000,UP,TRANSIENT,51.130000,49.000000,25.011000,25.011000,600,0.001667
32.000000,33,DY-SIN-001,DYNAMIC_SINUSOIDAL,53.288666,25.000000,UP,TRANSIENT,51.130000,48.700000,24.954000,24.954000,600,0.001667
33.000000,34,DY-SIN-001,DYNAMIC_SINUSOIDAL,53.387379,25.000000,UP,TRANSIENT,51.170000,48.500000,25.055000,25.055000,600,0.001667
34.000000,35,DY-SIN-001,DYNAMIC_SINUSOIDAL,53.485720,25.000000,UP,TRANSIENT,51.170000,49.000000,25.007000,25.007000,600,0.001667
35.000000,36,DY-SIN-001,DYNAMIC_SINUSOIDAL,53.583679,25.000000,UP,TRANSIENT,51.240000,48.800000,24.963000,24.963000,600,0.001667
36.000000,37,DY-SIN-001,DYNAMIC_SINUSOIDAL,53.681246,25.000000,UP,TRANSIENT,51.320000,49.300000,25.056000,25.056000,600,0.001667
37.000000,38,DY-SIN-001,DYNAMIC_SINUSOIDAL,53.778408,25.000000,UP,TRANSIENT,51.420000,48.500000,24.994000,24.994000,600,0.001667
38.000000,39,DY-SIN-001,DYNAMIC_SINUSOIDAL,53.875156,25.000000,UP,TRANSIENT,51.390000,49.300000,25.008000,25.008000,600,0.001667
39.000000,40,DY-SIN-001,DYNAMIC_SINUSOIDAL,53.971479,25.000000,UP,TRANSIENT,51.530000,49.200000,25.013000,25.013000,600,0.001667
40.000000,41,DY-SIN-001,DYNAMIC_SINUSOIDAL,54.067366,25.000000,UP,TRANSIENT,51.620000,49.000000,25.022000,25.022000,600,0.001667
41.000000,42,DY-SIN-001,DYNAMIC_SINUSOIDAL,54.162808,25.000000,UP,TRANSIENT,51.620000,49.800000,25.020000,25.020000,600,0.001667
42.000000,43,DY-SIN-001,DYNAMIC_SINUSOIDAL,54.257793,25.000000,UP,TRANSIENT,51.750000,49.300000,25.042000,25.042000,600,0.001667
43.000000,44,DY-SIN-001,DYNAMIC_SINUSOIDAL,54.352311,25.000000,UP,TRANSIENT,51.840000,49.300000,25.069000,25.069000,600,0.001667
44.000000,45,DY-SIN-001,DYNAMIC_SINUSOIDAL,54.446352,25.000000,UP,TRANSIENT,51.930000,49.700000,24.964000,24.964000,600,0.001667
45.000000,46,DY-SIN-001,DYNAMIC_SINUSOIDAL,54.539905,25.000000,UP,TRANSIENT,51.920000,49.200000,25.026000,25.026000,600,0.001667
46.000000,47,DY-SIN-001,DYNAMIC_SINUSOIDAL,54.632960,25.000000,UP,TRANSIENT,52.000000,49.000000,25.015000,25.015000,600,0.001667
47.000000,48,DY-SIN-001,DYNAMIC_SINUSOIDAL,54.725508,25.000000,UP,TRANSIENT,52.030000,49.400000,24.990000,24.990000,600,0.001667
48.000000,49,DY-SIN-001,DYNAMIC_SINUSOIDAL,54.817537,25.000000,UP,TRANSIENT,52.160000,49.200000,25.011000,25.011000,600,0.001667
49.000000,50,DY-SIN-001,DYNAMIC_SINUSOIDAL,54.909038,25.000000,UP,TRANSIENT,52.190000,49.700000,25.041000,25.041000,600,0.001667
50.000000,51,DY-SIN-001,DYNAMIC_SINUSOIDAL,55.000000,25.000000,UP,TRANSIENT,52.230000,49.400000,25.031000,25.031000,600,0.001667
51.000000,52,DY-SIN-001,DYNAMIC_SINUSOIDAL,55.090414,25.000000,UP,TRANSIENT,52.370000,49.800000,25.007000,25.007000,600,0.001667
52.000000,53,DY-SIN-001,DYNAMIC_SINUSOIDAL,55.180270,25.000000,UP,TRANSIENT,52.420000,49.700000,24.979000,24.979000,600,0.001667
53.000000,54,DY-SIN-001,DYNAMIC_SINUSOIDAL,55.269558,25.000000,UP,TRANSIENT,52.450000,49.300000,25.048000,25.048000,600,0.001667
54.000000,55,DY-SIN-001,DYNAMIC_SINUSOIDAL,55.358268,25.000000,UP,TRANSIENT,52.470000,49.700000,25.047000,25.047000,600,0.001667
55.000000,56,DY-SIN-001,DYNAMIC_SINUSOIDAL,55.446390,25.000000,UP,TRANSIENT,52.620000,49.600000,25.040000,25.040000,600,0.001667
56.000000,57,DY-SIN-001,DYNAMIC_SINUSOIDAL,55.533915,25.000000,UP,TRANSIENT,52.700000,49.800000,25.025000,25.025000,600,0.001667
57.000000,58,DY-SIN-001,DYNAMIC_SINUSOIDAL,55.620834,25.000000,UP,TRANSIENT,52.740000,49.700000,24.972000,24.972000,600,0.001667
58.000000,59,DY-SIN-001,DYNAMIC_SINUSOIDAL,55.707136,25.000000,UP,TRANSIENT,52.930000,50.200000,24.986000,24.986000,600,0.001667
59.000000,60,DY-SIN-001,DYNAMIC_SINUSOIDAL,55.792812,25.000000,UP,TRANSIENT,52.890000,49.900000,25.003000,25.003000,600,0.001667
60.000000,61,DY-SIN-001,DYNAMIC_SINUSOIDAL,55.877853,25.000000,UP,TRANSIENT,52.980000,50.100000,25.004000,25.004000,600,0.001667
61.000000,62,DY-SIN-001,DYNAMIC_SINUSOIDAL,55.962249,25.000000,UP,TRANSIENT,53.100000,50.000000,24.996000,24.996000,600,0.001667
62.000000,63,DY-SIN-001,DYNAMIC_SINUSOIDAL,56.045991,25.000000,UP,TRANSIENT,53.050000,50.100000,25.023000,25.023000,600,0.001667
63.000000,64,DY-SIN-001,DYNAMIC_SINUSOIDAL,56.129071,25.000000,UP,TRANSIENT,53.260000,50.100000,25.082000,25.082000,600,0.001667
64.000000,65,DY-SIN-001,DYNAMIC_SINUSOIDAL,56.211478,25.000000,UP,TRANSIENT,53.330000,49.900000,24.987000,24.987000,600,0.001667
65.000000,66,DY-SIN-001,DYNAMIC_SINUSOIDAL,56.293204,25.000000,UP,TRANSIENT,53.310000,50.500000,25.056000,25.056000,600,0.001667
66.000000,67,DY-SIN-001,DYNAMIC_SINUSOIDAL,56.374240,25.000000,UP,TRANSIENT,53.410000,50.300000,25.012000,25.012000,600,0.001667
67.000000,68,DY-SIN-001,DYNAMIC_SINUSOIDAL,56.454577,25.000000,UP,TRANSIENT,53.530000,50.300000,25.023000,25.023000,600,0.001667
68.000000,69,DY-SIN-001,DYNAMIC_SINUSOIDAL,56.534206,25.000000,UP,TRANSIENT,53.590000,50.600000,25.016000,25.016000,600,0.001667
69.000000,70,DY-SIN-001,DYNAMIC_SINUSOIDAL,56.613119,25.000000,UP,TRANSIENT,53.640000,50.700000,24.964000,24.964000,600,0.001667
70.000000,71,DY-SIN-001,DYNAMIC_SINUSOIDAL,56.691306,25.000000,UP,TRANSIENT,53.790000,50.700000,25.042000,25.042000,600,0.001667
71.000000,72,DY-SIN-001,DYNAMIC_SINUSOIDAL,56.768760,25.000000,UP,TRANSIENT,53.840000,50.800000,25.011000,25.011000,600,0.001667
72.000000,73,DY-SIN-001,DYNAMIC_SINUSOIDAL,56.845471,25.000000,UP,TRANSIENT,53.910000,51.000000,24.999000,24.999000,600,0.001667
73.000000,74,DY-SIN-001,DYNAMIC_SINUSOIDAL,56.921432,25.000000,UP,TRANSIENT,54.010000,50.500000,25.035000,25.035000,600,0.001667
74.000000,75,DY-SIN-001,DYNAMIC_SINUSOIDAL,56.996633,25.000000,UP,TRANSIENT,54.100000,50.700000,24.982000,24.982000,600,0.001667
75.000000,76,DY-SIN-001,DYNAMIC_SINUSOIDAL,57.071068,25.000000,UP,TRANSIENT,54.220000,51.000000,25.021000,25.021000,600,0.001667
76.000000,77,DY-SIN-001,DYNAMIC_SINUSOIDAL,57.144727,25.000000,UP,TRANSIENT,54.290000,51.300000,25.072000,25.072000,600,0.001667
77.000000,78,DY-SIN-001,DYNAMIC_SINUSOIDAL,57.217602,25.000000,UP,TRANSIENT,54.280000,51.000000,24.991000,24.991000,600,0.001667
78.000000,79,DY-SIN-001,DYNAMIC_SINUSOIDAL,57.289686,25.000000,UP,TRANSIENT,54.390000,51.500000,25.048000,25.048000,600,0.001667
79.000000,80,DY-SIN-001,DYNAMIC_SINUSOIDAL,57.360971,25.000000,UP,TRANSIENT,54.550000,51.000000,25.047000,25.047000,600,0.001667
80.000000,81,DY-SIN-001,DYNAMIC_SINUSOIDAL,57.431448,25.000000,UP,TRANSIENT,54.590000,51.400000,25.009000,25.009000,600,0.001667
81.000000,82,DY-SIN-001,DYNAMIC_SINUSOIDAL,57.501111,25.000000,UP,TRANSIENT,54.670000,51.400000,25.046000,25.046000,600,0.001667
82.000000,83,DY-SIN-001,DYNAMIC_SINUSOIDAL,57.569951,25.000000,UP,TRANSIENT,54.770000,51.300000,25.059000,25.059000,600,0.001667
83.000000,84,DY-SIN-001,DYNAMIC_SINUSOIDAL,57.637960,25.000000,UP,TRANSIENT,54.800000,50.700000,24.977000,24.977000,600,0.001667
84.000000,85,DY-SIN-001,DYNAMIC_SINUSOIDAL,57.705132,25.000000,UP,TRANSIENT,54.880000,51.500000,24.981000,24.981000,600,0.001667
85.000000,86,DY-SIN-001,DYNAMIC_SINUSOIDAL,57.771460,25.000000,UP,TRANSIENT,54.940000,51.400000,25.044000,25.044000,600,0.001667
86.000000,87,DY-SIN-001,DYNAMIC_SINUSOIDAL,57.836935,25.000000,UP,TRANSIENT,55.010000,52.000000,25.018000,25.018000,600,0.001667
87.000000,88,DY-SIN-001,DYNAMIC_SINUSOIDAL,57.901550,25.000000,UP,TRANSIENT,55.190000,51.700000,25.045000,25.045000,600,0.001667
88.000000,89,DY-SIN-001,DYNAMIC_SINUSOIDAL,57.965299,25.000000,UP,TRANSIENT,55.240000,51.900000,25.026000,25.026000,600,0.001667
89.000000,90,DY-SIN-001,DYNAMIC_SINUSOIDAL,58.028175,25.000000,UP,TRANSIENT,55.300000,51.900000,24.996000,24.996000,600,0.001667
90.000000,91,DY-SIN-001,DYNAMIC_SINUSOIDAL,58.090170,25.000000,UP,TRANSIENT,55.470000,52.200000,25.004000,25.004000,600,0.001667
91.000000,92,DY-SIN-001,DYNAMIC_SINUSOIDAL,58.151278,25.000000,UP,TRANSIENT,55.500000,52.000000,25.057000,25.057000,600,0.001667
92.000000,93,DY-SIN-001,DYNAMIC_SINUSOIDAL,58.211492,25.000000,UP,TRANSIENT,55.550000,51.900000,25.023000,25.023000,600,0.001667
93.000000,94,DY-SIN-001,DYNAMIC_SINUSOIDAL,58.270806,25.000000,UP,TRANSIENT,55.620000,52.500000,24.962000,24.962000,600,0.001667
94.000000,95,DY-SIN-001,DYNAMIC_SINUSOIDAL,58.329212,25.000000,UP,TRANSIENT,55.680000,52.400000,24.995000,24.995000,600,0.001667
95.000000,96,DY-SIN-001,DYNAMIC_SINUSOIDAL,58.386706,25.000000,UP,TRANSIENT,55.740000,52.400000,24.995000,24.995000,600,0.001667
96.000000,97,DY-SIN-001,DYNAMIC_SINUSOIDAL,58.443279,25.000000,UP,TRANSIENT,55.790000,52.300000,25.014000,25.014000,600,0.001667
97.000000,98,DY-SIN-001,DYNAMIC_SINUSOIDAL,58.498927,25.000000,UP,TRANSIENT,55.970000,52.300000,24.955000,24.955000,600,0.001667
98.000000,99,DY-SIN-001,DYNAMIC_SINUSOIDAL,58.553643,25.000000,UP,TRANSIENT,56.020000,52.100000,25.007000,25.007000,600,0.001667
99.000000,100,DY-SIN-001,DYNAMIC_SINUSOIDAL,58.607420,25.000000,UP,TRANSIENT,56.080000,52.900000,25.044000,25.044000,600,0.001667
100.000000,101,DY-SIN-001,DYNAMIC_SINUSOIDAL,58.660254,25.000000,UP,TRANSIENT,56.140000,52.300000,24.978000,24.978000,600,0.001667
101.000000,102,DY-SIN-001,DYNAMIC_SINUSOIDAL,58.712138,25.000000,UP,TRANSIENT,56.200000,52.500000,25.040000,25.040000,600,0.001667
102.000000,103,DY-SIN-001,DYNAMIC_SINUSOIDAL,58.763067,25.000000,UP,TRANSIENT,56.340000,52.700000,25.033000,25.033000,600,0.001667
103.000000,104,DY-SIN-001,DYNAMIC_SINUSOIDAL,58.813035,25.000000,UP,TRANSIENT,56.460000,52.600000,24.977000,24.977000,600,0.001667
104.000000,105,DY-SIN-001,DYNAMIC_SINUSOIDAL,58.862036,25.000000,UP,TRANSIENT,56.510000,52.900000,24.956000,24.956000,600,0.001667
105.000000,106,DY-SIN-001,DYNAMIC_SINUSOIDAL,58.910065,25.000000,UP,TRANSIENT,56.550000,53.100000,25.011000,25.011000,600,0.001667
106.000000,107,DY-SIN-001,DYNAMIC_SINUSOIDAL,58.957118,25.000000,UP,TRANSIENT,56.660000,53.000000,25.064000,25.064000,600,0.001667
107.000000,108,DY-SIN-001,DYNAMIC_SINUSOIDAL,59.003188,25.000000,UP,TRANSIENT,56.720000,53.400000,25.042000,25.042000,600,0.001667
108.000000,109,DY-SIN-001,DYNAMIC_SINUSOIDAL,59.048271,25.000000,UP,TRANSIENT,56.700000,53.400000,25.098000,25.098000,600,0.001667
109.000000,110,DY-SIN-001,DYNAMIC_SINUSOIDAL,59.092361,25.000000,UP,TRANSIENT,56.840000,53.500000,25.062000,25.062000,600,0.001667
110.000000,111,DY-SIN-001,DYNAMIC_SINUSOIDAL,59.135455,25.000000,UP,TRANSIENT,56.840000,53.700000,24.971000,24.971000,600,0.001667
111.000000,112,DY-SIN-001,DYNAMIC_SINUSOIDAL,59.177546,25.000000,UP,TRANSIENT,57.000000,53.200000,24.978000,24.978000,600,0.001667
112.000000,113,DY-SIN-001,DYNAMIC_SINUSOIDAL,59.218632,25.000000,UP,TRANSIENT,57.030000,53.700000,25.050000,25.050000,600,0.001667
113.000000,114,DY-SIN-001,DYNAMIC_SINUSOIDAL,59.258706,25.000000,UP,TRANSIENT,57.070000,54.100000,25.042000,25.042000,600,0.001667
114.000000,115,DY-SIN-001,DYNAMIC_SINUSOIDAL,59.297765,25.000000,UP,TRANSIENT,57.160000,53.300000,25.000000,25.000000,600,0.001667
115.000000,116,DY-SIN-001,DYNAMIC_SINUSOIDAL,59.335804,25.000000,UP,TRANSIENT,57.240000,53.700000,25.023000,25.023000,600,0.001667
116.000000,117,DY-SIN-001,DYNAMIC_SINUSOIDAL,59.372820,25.000000,UP,TRANSIENT,57.350000,53.900000,24.997000,24.997000,600,0.001667
117.000000,118,DY-SIN-001,DYNAMIC_SINUSOIDAL,59.408808,25.000000,UP,TRANSIENT,57.350000,54.200000,24.949000,24.949000,600,0.001667
118.000000,119,DY-SIN-001,DYNAMIC_SINUSOIDAL,59.443764,25.000000,UP,TRANSIENT,57.450000,53.900000,25.022000,25.022000,600,0.001667
119.000000,120,DY-SIN-001,DYNAMIC_SINUSOIDAL,59.477684,25.000000,UP,TRANSIENT,57.510000,54.300000,24.997000,24.997000,600,0.001667
120.000000,121,DY-SIN-001,DYNAMIC_SINUSOIDAL,59.510565,25.000000,UP,TRANSIENT,57.570000,54.000000,24.988000,24.988000,600,0.001667
121.000000,122,DY-SIN-001,DYNAMIC_SINUSOIDAL,59.542403,25.000000,UP,TRANSIENT,57.520000,54.200000,24.980000,24.980000,600,0.001667
122.000000,123,DY-SIN-001,DYNAMIC_SINUSOIDAL,59.573195,25.000000,UP,TRANSIENT,57.610000,54.200000,25.093000,25.093000,600,0.001667
123.000000,124,DY-SIN-001,DYNAMIC_SINUSOIDAL,59.602937,25.000000,UP,TRANSIENT,57.680000,54.100000,25.016000,25.016000,600,0.001667
124.000000,125,DY-SIN-001,DYNAMIC_SINUSOIDAL,59.631626,25.000000,UP,TRANSIENT,57.850000,54.300000,25.013000,25.013000,600,0.001667
125.000000,126,DY-SIN-001,DYNAMIC_SINUSOIDAL,59.659258,25.000000,UP,TRANSIENT,57.850000,54.400000,25.006000,25.006000,600,0.001667
126.000000,127,DY-SIN-001,DYNAMIC_SINUSOIDAL,59.685832,25.000000,UP,TRANSIENT,57.940000,54.500000,25.049000,25.049000,600,0.001667
127.000000,128,DY-SIN-001,DYNAMIC_SINUSOIDAL,59.711343,25.000000,UP,TRANSIENT,58.000000,54.100000,25.093000,25.093000,600,0.001667
128.000000,129,DY-SIN-001,DYNAMIC_SINUSOIDAL,59.735789,25.000000,UP,TRANSIENT,57.990000,54.500000,24.998000,24.998000,600,0.001667
129.000000,130,DY-SIN-001,DYNAMIC_SINUSOIDAL,59.759168,25.000000,UP,TRANSIENT,58.010000,54.900000,25.034000,25.034000,600,0.001667
130.000000,131,DY-SIN-001,DYNAMIC_SINUSOIDAL,59.781476,25.000000,UP,TRANSIENT,58.100000,54.600000,25.036000,25.036000,600,0.001667
131.000000,132,DY-SIN-001,DYNAMIC_SINUSOIDAL,59.802712,25.000000,UP,TRANSIENT,58.170000,54.900000,25.026000,25.026000,600,0.001667
132.000000,133,DY-SIN-001,DYNAMIC_SINUSOIDAL,59.822873,25.000000,UP,TRANSIENT,58.280000,55.000000,25.020000,25.020000,600,0.001667
133.000000,134,DY-SIN-001,DYNAMIC_SINUSOIDAL,59.841956,25.000000,UP,TRANSIENT,58.340000,54.900000,25.006000,25.006000,600,0.001667
134.000000,135,DY-SIN-001,DYNAMIC_SINUSOIDAL,59.859960,25.000000,UP,TRANSIENT,58.290000,55.200000,25.051000,25.051000,600,0.001667
135.000000,136,DY-SIN-001,DYNAMIC_SINUSOIDAL,59.876883,25.000000,UP,TRANSIENT,58.370000,55.200000,25.002000,25.002000,600,0.001667
136.000000,137,DY-SIN-001,DYNAMIC_SINUSOIDAL,59.892723,25.000000,UP,TRANSIENT,58.420000,54.800000,25.021000,25.021000,600,0.001667
137.000000,138,DY-SIN-001,DYNAMIC_SINUSOIDAL,59.907478,25.000000,UP,TRANSIENT,58.400000,55.500000,25.027000,25.027000,600,0.001667
138.000000,139,DY-SIN-001,DYNAMIC_SINUSOIDAL,59.921147,25.000000,UP,TRANSIENT,58.460000,55.100000,25.017000,25.017000,600,0.001667
139.000000,140,DY-SIN-001,DYNAMIC_SINUSOIDAL,59.933728,25.000000,UP,TRANSIENT,58.510000,55.900000,24.979000,24.979000,600,0.001667
140.000000,141,DY-SIN-001,DYNAMIC_SINUSOIDAL,59.945219,25.000000,UP,TRANSIENT,58.640000,55.200000,25.058000,25.058000,600,0.001667
141.000000,142,DY-SIN-001,DYNAMIC_SINUSOIDAL,59.955620,25.000000,UP,TRANSIENT,58.620000,55.000000,25.053000,25.053000,600,0.001667
142.000000,143,DY-SIN-001,DYNAMIC_SINUSOIDAL,59.964929,25.000000,UP,TRANSIENT,58.690000,55.500000,25.075000,25.075000,600,0.001667
143.000000,144,DY-SIN-001,DYNAMIC_SINUSOIDAL,59.973145,25.000000,UP,TRANSIENT,58.770000,55.400000,24.963000,24.963000,600,0.001667
144.000000,145,DY-SIN-001,DYNAMIC_SINUSOIDAL,59.980267,25.000000,UP,TRANSIENT,58.760000,55.800000,25.062000,25.062000,600,0.001667
145.000000,146,DY-SIN-001,DYNAMIC_SINUSOIDAL,59.986295,25.000000,UP,TRANSIENT,58.780000,56.100000,24.984000,24.984000,600,0.001667
146.000000,147,DY-SIN-001,DYNAMIC_SINUSOIDAL,59.991228,25.000000,UP,TRANSIENT,58.840000,55.800000,25.089000,25.089000,600,0.001667
147.000000,148,DY-SIN-001,DYNAMIC_SINUSOIDAL,59.995066,25.000000,UP,TRANSIENT,58.820000,55.500000,24.991000,24.991000,600,0.001667
148.000000,149,DY-SIN-001,DYNAMIC_SINUSOIDAL,59.997807,25.000000,UP,TRANSIENT,58.850000,56.000000,25.033000,25.033000,600,0.001667
149.000000,150,DY-SIN-001,DYNAMIC_SINUSOIDAL,59.999452,25.000000,UP,TRANSIENT,58.890000,56.000000,25.014000,25.014000,600,0.001667
150.000000,151,DY-SIN-001,DYNAMIC_SINUSOIDAL,60.000000,25.000000,UP,TRANSIENT,59.040000,55.900000,25.056000,25.056000,600,0.001667
151.000000,152,DY-SIN-001,DYNAMIC_SINUSOIDAL,59.999452,25.000000,DOWN,TRANSIENT,58.990000,56.900000,25.027000,25.027000,600,0.001667
152.000000,153,DY-SIN-001,DYNAMIC_SINUSOIDAL,59.997807,25.000000,DOWN,TRANSIENT,59.060000,57.200000,25.055000,25.055000,600,0.001667
153.000000,154,DY-SIN-001,DYNAMIC_SINUSOIDAL,59.995066,25.000000,DOWN,TRANSIENT,59.140000,56.700000,25.018000,25.018000,600,0.001667
154.000000,155,DY-SIN-001,DYNAMIC_SINUSOIDAL,59.991228,25.000000,DOWN,TRANSIENT,59.160000,57.400000,24.955000,24.955000,600,0.001667
155.000000,156,DY-SIN-001,DYNAMIC_SINUSOIDAL,59.986295,25.000000,DOWN,TRANSIENT,59.220000,57.200000,25.002000,25.002000,600,0.001667
156.000000,157,DY-SIN-001,DYNAMIC_SINUSOIDAL,59.980267,25.000000,DOWN,TRANSIENT,59.200000,57.500000,25.036000,25.036000,600,0.001667
157.000000,158,DY-SIN-001,DYNAMIC_SINUSOIDAL,59.973145,25.000000,DOWN,TRANSIENT,59.290000,57.200000,25.016000,25.016000,600,0.001667
158.000000,159,DY-SIN-001,DYNAMIC_SINUSOIDAL,59.964929,25.000000,DOWN,TRANSIENT,59.250000,57.100000,24.990000,24.990000,600,0.001667
159.000000,160,DY-SIN-001,DYNAMIC_SINUSOIDAL,59.955620,25.000000,DOWN,TRANSIENT,59.350000,57.800000,25.006000,25.006000,600,0.001667
160.000000,161,DY-SIN-001,DYNAMIC_SINUSOIDAL,59.945219,25.000000,DOWN,TRANSIENT,59.360000,58.000000,24.959000,24.959000,600,0.001667
161.000000,162,DY-SIN-001,DYNAMIC_SINUSOIDAL,59.933728,25.000000,DOWN,TRANSIENT,59.370000,57.900000,25.001000,25.001000,600,0.001667
162.000000,163,DY-SIN-001,DYNAMIC_SINUSOIDAL,59.921147,25.000000,DOWN,TRANSIENT,59.390000,57.400000,25.059000,25.059000,600,0.001667
163.000000,164,DY-SIN-001,DYNAMIC_SINUSOIDAL,59.907478,25.000000,DOWN,TRANSIENT,59.440000,57.500000,25.021000,25.021000,600,0.001667
164.000000,165,DY-SIN-001,DYNAMIC_SINUSOIDAL,59.892723,25.000000,DOWN,TRANSIENT,59.420000,58.000000,25.004000,25.004000,600,0.001667
165.000000,166,DY-SIN-001,DYNAMIC_SINUSOIDAL,59.876883,25.000000,DOWN,TRANSIENT,59.540000,57.300000,25.096000,25.096000,600,0.001667
166.000000,167,DY-SIN-001,DYNAMIC_SINUSOIDAL,59.859960,25.000000,DOWN,TRANSIENT,59.520000,58.000000,25.046000,25.046000,600,0.001667
167.000000,168,DY-SIN-001,DYNAMIC_SINUSOIDAL,59.841956,25.000000,DOWN,TRANSIENT,59.610000,57.600000,25.043000,25.043000,600,0.001667
168.000000,169,DY-SIN-001,DYNAMIC_SINUSOIDAL,59.822873,25.000000,DOWN,TRANSIENT,59.680000,57.500000,24.992000,24.992000,600,0.001667
169.000000,170,DY-SIN-001,DYNAMIC_SINUSOIDAL,59.802712,25.000000,DOWN,TRANSIENT,59.540000,57.600000,24.984000,24.984000,600,0.001667
170.000000,171,DY-SIN-001,DYNAMIC_SINUSOIDAL,59.781476,25.000000,DOWN,TRANSIENT,59.670000,57.700000,25.000000,25.000000,600,0.001667
171.000000,172,DY-SIN-001,DYNAMIC_SINUSOIDAL,59.759168,25.000000,DOWN,TRANSIENT,59.620000,57.700000,25.053000,25.053000,600,0.001667
172.000000,173,DY-SIN-001,DYNAMIC_SINUSOIDAL,59.735789,25.000000,DOWN,TRANSIENT,59.640000,58.000000,24.991000,24.991000,600,0.001667
173.000000,174,DY-SIN-001,DYNAMIC_SINUSOIDAL,59.711343,25.000000,DOWN,TRANSIENT,59.580000,58.200000,25.067000,25.067000,600,0.001667
174.000000,175,DY-SIN-001,DYNAMIC_SINUSOIDAL,59.685832,25.000000,DOWN,TRANSIENT,59.630000,58.300000,25.025000,25.025000,600,0.001667
175.000000,176,DY-SIN-001,DYNAMIC_SINUSOIDAL,59.659258,25.000000,DOWN,TRANSIENT,59.640000,58.200000,25.069000,25.069000,600,0.001667
176.000000,177,DY-SIN-001,DYNAMIC_SINUSOIDAL,59.631626,25.000000,DOWN,TRANSIENT,59.680000,58.300000,24.988000,24.988000,600,0.001667
177.000000,178,DY-SIN-001,DYNAMIC_SINUSOIDAL,59.602937,25.000000,DOWN,TRANSIENT,59.670000,58.200000,25.041000,25.041000,600,0.001667
178.000000,179,DY-SIN-001,DYNAMIC_SINUSOIDAL,59.573195,25.000000,DOWN,TRANSIENT,59.650000,58.400000,24.982000,24.982000,600,0.001667
179.000000,180,DY-SIN-001,DYNAMIC_SINUSOIDAL,59.542403,25.000000,DOWN,TRANSIENT,59.780000,58.600000,24.993000,24.993000,600,0.001667
180.000000,181,DY-SIN-001,DYNAMIC_SINUSOIDAL,59.510565,25.000000,DOWN,TRANSIENT,59.700000,58.000000,25.068000,25.068000,600,0.001667
181.000000,182,DY-SIN-001,DYNAMIC_SINUSOIDAL,59.477684,25.000000,DOWN,TRANSIENT,59.690000,58.700000,25.036000,25.036000,600,0.001667
182.000000,183,DY-SIN-001,DYNAMIC_SINUSOIDAL,59.443764,25.000000,DOWN,TRANSIENT,59.720000,58.900000,25.027000,25.027000,600,0.001667
183.000000,184,DY-SIN-001,DYNAMIC_SINUSOIDAL,59.408808,25.000000,DOWN,TRANSIENT,59.730000,58.700000,25.049000,25.049000,600,0.001667
184.000000,185,DY-SIN-001,DYNAMIC_SINUSOIDAL,59.372820,25.000000,DOWN,TRANSIENT,59.800000,58.700000,25.083000,25.083000,600,0.001667
185.000000,186,DY-SIN-001,DYNAMIC_SINUSOIDAL,59.335804,25.000000,DOWN,TRANSIENT,59.760000,58.700000,25.030000,25.030000,600,0.001667
186.000000,187,DY-SIN-001,DYNAMIC_SINUSOIDAL,59.297765,25.000000,DOWN,TRANSIENT,59.770000,58.200000,25.045000,25.045000,600,0.001667
187.000000,188,DY-SIN-001,DYNAMIC_SINUSOIDAL,59.258706,25.000000,DOWN,TRANSIENT,59.730000,58.600000,24.993000,24.993000,600,0.001667
188.000000,189,DY-SIN-001,DYNAMIC_SINUSOIDAL,59.218632,25.000000,DOWN,TRANSIENT,59.740000,58.700000,25.040000,25.040000,600,0.001667
189.000000,190,DY-SIN-001,DYNAMIC_SINUSOIDAL,59.177546,25.000000,DOWN,TRANSIENT,59.680000,58.400000,25.043000,25.043000,600,0.001667
190.000000,191,DY-SIN-001,DYNAMIC_SINUSOIDAL,59.135455,25.000000,DOWN,TRANSIENT,59.700000,58.600000,25.039000,25.039000,600,0.001667
191.000000,192,DY-SIN-001,DYNAMIC_SINUSOIDAL,59.092361,25.000000,DOWN,TRANSIENT,59.790000,58.500000,25.021000,25.021000,600,0.001667
192.000000,193,DY-SIN-001,DYNAMIC_SINUSOIDAL,59.048271,25.000000,DOWN,TRANSIENT,59.760000,59.100000,25.069000,25.069000,600,0.001667
193.000000,194,DY-SIN-001,DYNAMIC_SINUSOIDAL,59.003188,25.000000,DOWN,TRANSIENT,59.800000,58.600000,24.981000,24.981000,600,0.001667
194.000000,195,DY-SIN-001,DYNAMIC_SINUSOIDAL,58.957118,25.000000,DOWN,TRANSIENT,59.790000,58.700000,25.032000,25.032000,600,0.001667
195.000000,196,DY-SIN-001,DYNAMIC_SINUSOIDAL,58.910065,25.000000,DOWN,TRANSIENT,59.680000,58.700000,24.972000,24.972000,600,0.001667
196.000000,197,DY-SIN-001,DYNAMIC_SINUSOIDAL,58.862036,25.000000,DOWN,TRANSIENT,59.780000,58.800000,25.055000,25.055000,600,0.001667
197.000000,198,DY-SIN-001,DYNAMIC_SINUSOIDAL,58.813035,25.000000,DOWN,TRANSIENT,59.750000,59.300000,25.002000,25.002000,600,0.001667
198.000000,199,DY-SIN-001,DYNAMIC_SINUSOIDAL,58.763067,25.000000,DOWN,TRANSIENT,59.660000,58.800000,25.047000,25.047000,600,0.001667
199.000000,200,DY-SIN-001,DYNAMIC_SINUSOIDAL,58.712138,25.000000,DOWN,TRANSIENT,59.610000,58.800000,25.002000,25.002000,600,0.001667
200.000000,201,DY-SIN-001,DYNAMIC_SINUSOIDAL,58.660254,25.000000,DOWN,TRANSIENT,59.650000,58.600000,24.969000,24.969000,600,0.001667
201.000000,202,DY-SIN-001,DYNAMIC_SINUSOIDAL,58.607420,25.000000,DOWN,TRANSIENT,59.640000,58.800000,25.018000,25.018000,600,0.001667
202.000000,203,DY-SIN-001,DYNAMIC_SINUSOIDAL,58.553643,25.000000,DOWN,TRANSIENT,59.610000,58.600000,25.045000,25.045000,600,0.001667
203.000000,204,DY-SIN-001,DYNAMIC_SINUSOIDAL,58.498927,25.000000,DOWN,TRANSIENT,59.510000,58.600000,25.038000,25.038000,600,0.001667
204.000000,205,DY-SIN-001,DYNAMIC_SINUSOIDAL,58.443279,25.000000,DOWN,TRANSIENT,59.570000,58.700000,25.051000,25.051000,600,0.001667
205.000000,206,DY-SIN-001,DYNAMIC_SINUSOIDAL,58.386706,25.000000,DOWN,TRANSIENT,59.500000,58.000000,25.040000,25.040000,600,0.001667
206.000000,207,DY-SIN-001,DYNAMIC_SINUSOIDAL,58.329212,25.000000,DOWN,TRANSIENT,59.550000,58.600000,25.036000,25.036000,600,0.001667
207.000000,208,DY-SIN-001,DYNAMIC_SINUSOIDAL,58.270806,25.000000,DOWN,TRANSIENT,59.560000,58.900000,24.968000,24.968000,600,0.001667
208.000000,209,DY-SIN-001,DYNAMIC_SINUSOIDAL,58.211492,25.000000,DOWN,TRANSIENT,59.510000,58.800000,25.010000,25.010000,600,0.001667
209.000000,210,DY-SIN-001,DYNAMIC_SINUSOIDAL,58.151278,25.000000,DOWN,TRANSIENT,59.490000,59.100000,25.003000,25.003000,600,0.001667
210.000000,211,DY-SIN-001,DYNAMIC_SINUSOIDAL,58.090170,25.000000,DOWN,TRANSIENT,59.530000,58.700000,24.988000,24.988000,600,0.001667
211.000000,212,DY-SIN-001,DYNAMIC_SINUSOIDAL,58.028175,25.000000,DOWN,TRANSIENT,59.520000,59.000000,25.028000,25.028000,600,0.001667
212.000000,213,DY-SIN-001,DYNAMIC_SINUSOIDAL,57.965299,25.000000,DOWN,TRANSIENT,59.460000,58.500000,25.019000,25.019000,600,0.001667
213.000000,214,DY-SIN-001,DYNAMIC_SINUSOIDAL,57.901550,25.000000,DOWN,TRANSIENT,59.410000,58.600000,24.996000,24.996000,600,0.001667
214.000000,215,DY-SIN-001,DYNAMIC_SINUSOIDAL,57.836935,25.000000,DOWN,TRANSIENT,59.440000,58.500000,25.033000,25.033000,600,0.001667
215.000000,216,DY-SIN-001,DYNAMIC_SINUSOIDAL,57.771460,25.000000,DOWN,TRANSIENT,59.310000,58.700000,24.929000,24.929000,600,0.001667
216.000000,217,DY-SIN-001,DYNAMIC_SINUSOIDAL,57.705132,25.000000,DOWN,TRANSIENT,59.370000,58.800000,25.055000,25.055000,600,0.001667
217.000000,218,DY-SIN-001,DYNAMIC_SINUSOIDAL,57.637960,25.000000,DOWN,TRANSIENT,59.280000,58.900000,25.011000,25.011000,600,0.001667
218.000000,219,DY-SIN-001,DYNAMIC_SINUSOIDAL,57.569951,25.000000,DOWN,TRANSIENT,59.180000,58.400000,24.994000,24.994000,600,0.001667
219.000000,220,DY-SIN-001,DYNAMIC_SINUSOIDAL,57.501111,25.000000,DOWN,TRANSIENT,59.190000,58.800000,25.023000,25.023000,600,0.001667
220.000000,221,DY-SIN-001,DYNAMIC_SINUSOIDAL,57.431448,25.000000,DOWN,TRANSIENT,59.150000,58.700000,24.999000,24.999000,600,0.001667
221.000000,222,DY-SIN-001,DYNAMIC_SINUSOIDAL,57.360971,25.000000,DOWN,TRANSIENT,59.150000,58.400000,25.067000,25.067000,600,0.001667
222.000000,223,DY-SIN-001,DYNAMIC_SINUSOIDAL,57.289686,25.000000,DOWN,TRANSIENT,59.140000,58.400000,25.066000,25.066000,600,0.001667
223.000000,224,DY-SIN-001,DYNAMIC_SINUSOIDAL,57.217602,25.000000,DOWN,TRANSIENT,59.110000,59.000000,24.991000,24.991000,600,0.001667
224.000000,225,DY-SIN-001,DYNAMIC_SINUSOIDAL,57.144727,25.000000,DOWN,TRANSIENT,59.100000,58.900000,24.985000,24.985000,600,0.001667
225.000000,226,DY-SIN-001,DYNAMIC_SINUSOIDAL,57.071068,25.000000,DOWN,TRANSIENT,59.080000,58.200000,25.047000,25.047000,600,0.001667
226.000000,227,DY-SIN-001,DYNAMIC_SINUSOIDAL,56.996633,25.000000,DOWN,TRANSIENT,59.040000,58.400000,25.083000,25.083000,600,0.001667
227.000000,228,DY-SIN-001,DYNAMIC_SINUSOIDAL,56.921432,25.000000,DOWN,TRANSIENT,59.010000,58.400000,25.033000,25.033000,600,0.001667
228.000000,229,DY-SIN-001,DYNAMIC_SINUSOIDAL,56.845471,25.000000,DOWN,TRANSIENT,58.860000,58.700000,25.040000,25.040000,600,0.001667
229.000000,230,DY-SIN-001,DYNAMIC_SINUSOIDAL,56.768760,25.000000,DOWN,TRANSIENT,58.870000,58.600000,25.004000,25.004000,600,0.001667
230.000000,231,DY-SIN-001,DYNAMIC_SINUSOIDAL,56.691306,25.000000,DOWN,TRANSIENT,58.780000,58.300000,24.907000,24.907000,600,0.001667
231.000000,232,DY-SIN-001,DYNAMIC_SINUSOIDAL,56.613119,25.000000,DOWN,TRANSIENT,58.730000,58.600000,25.019000,25.019000,600,0.001667
232.000000,233,DY-SIN-001,DYNAMIC_SINUSOIDAL,56.534206,25.000000,DOWN,TRANSIENT,58.700000,58.700000,25.017000,25.017000,600,0.001667
233.000000,234,DY-SIN-001,DYNAMIC_SINUSOIDAL,56.454577,25.000000,DOWN,TRANSIENT,58.560000,58.500000,25.040000,25.040000,600,0.001667
234.000000,235,DY-SIN-001,DYNAMIC_SINUSOIDAL,56.374240,25.000000,DOWN,TRANSIENT,58.630000,58.500000,25.034000,25.034000,600,0.001667
235.000000,236,DY-SIN-001,DYNAMIC_SINUSOIDAL,56.293204,25.000000,DOWN,TRANSIENT,58.570000,58.300000,25.028000,25.028000,600,0.001667
236.000000,237,DY-SIN-001,DYNAMIC_SINUSOIDAL,56.211478,25.000000,DOWN,TRANSIENT,58.460000,58.400000,25.024000,25.024000,600,0.001667
237.000000,238,DY-SIN-001,DYNAMIC_SINUSOIDAL,56.129071,25.000000,DOWN,TRANSIENT,58.480000,58.400000,25.016000,25.016000,600,0.001667
238.000000,239,DY-SIN-001,DYNAMIC_SINUSOIDAL,56.045991,25.000000,DOWN,TRANSIENT,58.470000,58.300000,24.991000,24.991000,600,0.001667
239.000000,240,DY-SIN-001,DYNAMIC_SINUSOIDAL,55.962249,25.000000,DOWN,TRANSIENT,58.410000,58.100000,25.023000,25.023000,600,0.001667
240.000000,241,DY-SIN-001,DYNAMIC_SINUSOIDAL,55.877853,25.000000,DOWN,TRANSIENT,58.340000,58.300000,25.032000,25.032000,600,0.001667
241.000000,242,DY-SIN-001,DYNAMIC_SINUSOIDAL,55.792812,25.000000,DOWN,TRANSIENT,58.290000,57.800000,25.003000,25.003000,600,0.001667
242.000000,243,DY-SIN-001,DYNAMIC_SINUSOIDAL,55.707136,25.000000,DOWN,TRANSIENT,58.250000,57.900000,24.990000,24.990000,600,0.001667
243.000000,244,DY-SIN-001,DYNAMIC_SINUSOIDAL,55.620834,25.000000,DOWN,TRANSIENT,58.130000,58.100000,25.042000,25.042000,600,0.001667
244.000000,245,DY-SIN-001,DYNAMIC_SINUSOIDAL,55.533915,25.000000,DOWN,TRANSIENT,58.090000,58.100000,25.031000,25.031000,600,0.001667
245.000000,246,DY-SIN-001,DYNAMIC_SINUSOIDAL,55.446390,25.000000,DOWN,TRANSIENT,58.070000,58.100000,24.977000,24.977000,600,0.001667
246.000000,247,DY-SIN-001,DYNAMIC_SINUSOIDAL,55.358268,25.000000,DOWN,TRANSIENT,58.000000,57.800000,25.065000,25.065000,600,0.001667
247.000000,248,DY-SIN-001,DYNAMIC_SINUSOIDAL,55.269558,25.000000,DOWN,TRANSIENT,57.930000,57.800000,25.045000,25.045000,600,0.001667
248.000000,249,DY-SIN-001,DYNAMIC_SINUSOIDAL,55.180270,25.000000,DOWN,TRANSIENT,57.920000,57.600000,25.007000,25.007000,600,0.001667
249.000000,250,DY-SIN-001,DYNAMIC_SINUSOIDAL,55.090414,25.000000,DOWN,TRANSIENT,57.780000,57.900000,25.016000,25.016000,600,0.001667
250.000000,251,DY-SIN-001,DYNAMIC_SINUSOIDAL,55.000000,25.000000,DOWN,TRANSIENT,57.780000,57.700000,25.010000,25.010000,600,0.001667
251.000000,252,DY-SIN-001,DYNAMIC_SINUSOIDAL,54.909038,25.000000,DOWN,TRANSIENT,57.730000,57.600000,24.987000,24.987000,600,0.001667
252.000000,253,DY-SIN-001,DYNAMIC_SINUSOIDAL,54.817537,25.000000,DOWN,TRANSIENT,57.610000,57.700000,25.001000,25.001000,600,0.001667
253.000000,254,DY-SIN-001,DYNAMIC_SINUSOIDAL,54.725508,25.000000,DOWN,TRANSIENT,57.640000,57.800000,25.020000,25.020000,600,0.001667
254.000000,255,DY-SIN-001,DYNAMIC_SINUSOIDAL,54.632960,25.000000,DOWN,TRANSIENT,57.470000,57.700000,25.038000,25.038000,600,0.001667
255.000000,256,DY-SIN-001,DYNAMIC_SINUSOIDAL,54.539905,25.000000,DOWN,TRANSIENT,57.400000,57.500000,25.099000,25.099000,600,0.001667
256.000000,257,DY-SIN-001,DYNAMIC_SINUSOIDAL,54.446352,25.000000,DOWN,TRANSIENT,57.350000,57.400000,25.021000,25.021000,600,0.001667
257.000000,258,DY-SIN-001,DYNAMIC_SINUSOIDAL,54.352311,25.000000,DOWN,TRANSIENT,57.290000,57.800000,24.995000,24.995000,600,0.001667
258.000000,259,DY-SIN-001,DYNAMIC_SINUSOIDAL,54.257793,25.000000,DOWN,TRANSIENT,57.170000,57.500000,25.018000,25.018000,600,0.001667
259.000000,260,DY-SIN-001,DYNAMIC_SINUSOIDAL,54.162808,25.000000,DOWN,TRANSIENT,57.130000,57.400000,25.028000,25.028000,600,0.001667
260.000000,261,DY-SIN-001,DYNAMIC_SINUSOIDAL,54.067366,25.000000,DOWN,TRANSIENT,57.080000,57.400000,25.001000,25.001000,600,0.001667
261.000000,262,DY-SIN-001,DYNAMIC_SINUSOIDAL,53.971479,25.000000,DOWN,TRANSIENT,56.980000,57.700000,25.048000,25.048000,600,0.001667
262.000000,263,DY-SIN-001,DYNAMIC_SINUSOIDAL,53.875156,25.000000,DOWN,TRANSIENT,56.930000,57.300000,24.981000,24.981000,600,0.001667
263.000000,264,DY-SIN-001,DYNAMIC_SINUSOIDAL,53.778408,25.000000,DOWN,TRANSIENT,56.820000,57.200000,25.045000,25.045000,600,0.001667
264.000000,265,DY-SIN-001,DYNAMIC_SINUSOIDAL,53.681246,25.000000,DOWN,TRANSIENT,56.800000,57.200000,24.983000,24.983000,600,0.001667
265.000000,266,DY-SIN-001,DYNAMIC_SINUSOIDAL,53.583679,25.000000,DOWN,TRANSIENT,56.700000,57.500000,24.990000,24.990000,600,0.001667
266.000000,267,DY-SIN-001,DYNAMIC_SINUSOIDAL,53.485720,25.000000,DOWN,TRANSIENT,56.600000,56.900000,24.977000,24.977000,600,0.001667
267.000000,268,DY-SIN-001,DYNAMIC_SINUSOIDAL,53.387379,25.000000,DOWN,TRANSIENT,56.510000,57.100000,24.971000,24.971000,600,0.001667
268.000000,269,DY-SIN-001,DYNAMIC_SINUSOIDAL,53.288666,25.000000,DOWN,TRANSIENT,56.500000,56.800000,25.005000,25.005000,600,0.001667
269.000000,270,DY-SIN-001,DYNAMIC_SINUSOIDAL,53.189593,25.000000,DOWN,TRANSIENT,56.410000,56.800000,25.041000,25.041000,600,0.001667
270.000000,271,DY-SIN-001,DYNAMIC_SINUSOIDAL,53.090170,25.000000,DOWN,TRANSIENT,56.350000,56.900000,24.989000,24.989000,600,0.001667
271.000000,272,DY-SIN-001,DYNAMIC_SINUSOIDAL,52.990408,25.000000,DOWN,TRANSIENT,56.200000,57.300000,25.079000,25.079000,600,0.001667
272.000000,273,DY-SIN-001,DYNAMIC_SINUSOIDAL,52.890318,25.000000,DOWN,TRANSIENT,56.190000,56.700000,24.972000,24.972000,600,0.001667
273.000000,274,DY-SIN-001,DYNAMIC_SINUSOIDAL,52.789911,25.000000,DOWN,TRANSIENT,56.010000,56.300000,24.985000,24.985000,600,0.001667
274.000000,275,DY-SIN-001,DYNAMIC_SINUSOIDAL,52.689198,25.000000,DOWN,TRANSIENT,55.940000,56.400000,25.025000,25.025000,600,0.001667
275.000000,276,DY-SIN-001,DYNAMIC_SINUSOIDAL,52.588190,25.000000,DOWN,TRANSIENT,55.860000,55.900000,25.002000,25.002000,600,0.001667
276.000000,277,DY-SIN-001,DYNAMIC_SINUSOIDAL,52.486899,25.000000,DOWN,TRANSIENT,55.810000,56.500000,25.000000,25.000000,600,0.001667
277.000000,278,DY-SIN-001,DYNAMIC_SINUSOIDAL,52.385335,25.000000,DOWN,TRANSIENT,55.640000,56.300000,24.967000,24.967000,600,0.001667
278.000000,279,DY-SIN-001,DYNAMIC_SINUSOIDAL,52.283509,25.000000,DOWN,TRANSIENT,55.650000,56.300000,25.016000,25.016000,600,0.001667
279.000000,280,DY-SIN-001,DYNAMIC_SINUSOIDAL,52.181432,25.000000,DOWN,TRANSIENT,55.520000,56.300000,25.020000,25.020000,600,0.001667
280.000000,281,DY-SIN-001,DYNAMIC_SINUSOIDAL,52.079117,25.000000,DOWN,TRANSIENT,55.440000,56.400000,25.027000,25.027000,600,0.001667
281.000000,282,DY-SIN-001,DYNAMIC_SINUSOIDAL,51.976573,25.000000,DOWN,TRANSIENT,55.360000,55.900000,25.042000,25.042000,600,0.001667
282.000000,283,DY-SIN-001,DYNAMIC_SINUSOIDAL,51.873813,25.000000,DOWN,TRANSIENT,55.290000,55.800000,25.013000,25.013000,600,0.001667
283.000000,284,DY-SIN-001,DYNAMIC_SINUSOIDAL,51.770847,25.000000,DOWN,TRANSIENT,55.250000,56.000000,25.109000,25.109000,600,0.001667
284.000000,285,DY-SIN-001,DYNAMIC_SINUSOIDAL,51.667687,25.000000,DOWN,TRANSIENT,55.110000,55.900000,24.968000,24.968000,600,0.001667
285.000000,286,DY-SIN-001,DYNAMIC_SINUSOIDAL,51.564345,25.000000,DOWN,TRANSIENT,55.110000,55.600000,25.032000,25.032000,600,0.001667
286.000000,287,DY-SIN-001,DYNAMIC_SINUSOIDAL,51.460830,25.000000,DOWN,TRANSIENT,55.050000,55.900000,24.978000,24.978000,600,0.001667
287.000000,288,DY-SIN-001,DYNAMIC_SINUSOIDAL,51.357156,25.000000,DOWN,TRANSIENT,54.950000,55.700000,25.014000,25.014000,600,0.001667
288.000000,289,DY-SIN-001,DYNAMIC_SINUSOIDAL,51.253332,25.000000,DOWN,TRANSIENT,54.780000,55.800000,25.055000,25.055000,600,0.001667
289.000000,290,DY-SIN-001,DYNAMIC_SINUSOIDAL,51.149372,25.000000,DOWN,TRANSIENT,54.730000,55.600000,24.988000,24.988000,600,0.001667
290.000000,291,DY-SIN-001,DYNAMIC_SINUSOIDAL,51.045285,25.000000,DOWN,TRANSIENT,54.700000,55.100000,25.038000,25.038000,600,0.001667
291.000000,292,DY-SIN-001,DYNAMIC_SINUSOIDAL,50.941083,25.000000,DOWN,TRANSIENT,54.560000,55.600000,24.964000,24.964000,600,0.001667
292.000000,293,DY-SIN-001,DYNAMIC_SINUSOIDAL,50.836778,25.000000,DOWN,TRANSIENT,54.440000,55.500000,25.001000,25.001000,600,0.001667
293.000000,294,DY-SIN-001,DYNAMIC_SINUSOIDAL,50.732382,25.000000,DOWN,TRANSIENT,54.370000,55.400000,24.947000,24.947000,600,0.001667
294.000000,295,DY-SIN-001,DYNAMIC_SINUSOIDAL,50.627905,25.000000,DOWN,TRANSIENT,54.230000,55.000000,25.062000,25.062000,600,0.001667
295.000000,296,DY-SIN-001,DYNAMIC_SINUSOIDAL,50.523360,25.000000,DOWN,TRANSIENT,54.190000,54.800000,25.052000,25.052000,600,0.001667
296.000000,297,DY-SIN-001,DYNAMIC_SINUSOIDAL,50.418757,25.000000,DOWN,TRANSIENT,54.010000,55.000000,24.989000,24.989000,600,0.001667
297.000000,298,DY-SIN-001,DYNAMIC_SINUSOIDAL,50.314108,25.000000,DOWN,TRANSIENT,53.900000,54.800000,25.069000,25.069000,600,0.001667
298.000000,299,DY-SIN-001,DYNAMIC_SINUSOIDAL,50.209424,25.000000,DOWN,TRANSIENT,53.840000,55.300000,24.947000,24.947000,600,0.001667
299.000000,300,DY-SIN-001,DYNAMIC_SINUSOIDAL,50.104718,25.000000,DOWN,TRANSIENT,53.810000,55.200000,25.043000,25.043000,600,0.001667
300.000000,301,DY-SIN-001,DYNAMIC_SINUSOIDAL,50.000000,25.000000,DOWN,TRANSIENT,53.720000,55.000000,25.031000,25.031000,600,0.001667
301.000000,302,DY-SIN-001,DYNAMIC_SINUSOIDAL,49.895282,25.000000,DOWN,TRANSIENT,53.660000,54.900000,25.022000,25.022000,600,0.001667
302.000000,303,DY-SIN-001,DYNAMIC_SINUSOIDAL,49.790576,25.000000,DOWN,TRANSIENT,53.570000,54.700000,25.052000,25.052000,600,0.001667
303.000000,304,DY-SIN-001,DYNAMIC_SINUSOIDAL,49.685892,25.000000,DOWN,TRANSIENT,53.490000,54.300000,25.034000,25.034000,600,0.001667
304.000000,305,DY-SIN-001,DYNAMIC_SINUSOIDAL,49.581243,25.000000,DOWN,TRANSIENT,53.400000,54.400000,25.041000,25.041000,600,0.001667
305.000000,306,DY-SIN-001,DYNAMIC_SINUSOIDAL,49.476640,25.000000,DOWN,TRANSIENT,53.250000,54.000000,25.018000,25.018000,600,0.001667
306.000000,307,DY-SIN-001,DYNAMIC_SINUSOIDAL,49.372095,25.000000,DOWN,TRANSIENT,53.150000,54.300000,25.004000,25.004000,600,0.001667
307.000000,308,DY-SIN-001,DYNAMIC_SINUSOIDAL,49.267618,25.000000,DOWN,TRANSIENT,53.050000,53.900000,24.975000,24.975000,600,0.001667
308.000000,309,DY-SIN-001,DYNAMIC_SINUSOIDAL,49.163222,25.000000,DOWN,TRANSIENT,53.050000,54.000000,24.986000,24.986000,600,0.001667
309.000000,310,DY-SIN-001,DYNAMIC_SINUSOIDAL,49.058917,25.000000,DOWN,TRANSIENT,52.950000,54.400000,25.028000,25.028000,600,0.001667
310.000000,311,DY-SIN-001,DYNAMIC_SINUSOIDAL,48.954715,25.000000,DOWN,TRANSIENT,52.810000,53.700000,25.012000,25.012000,600,0.001667
311.000000,312,DY-SIN-001,DYNAMIC_SINUSOIDAL,48.850628,25.000000,DOWN,TRANSIENT,52.720000,54.000000,25.042000,25.042000,600,0.001667
312.000000,313,DY-SIN-001,DYNAMIC_SINUSOIDAL,48.746668,25.000000,DOWN,TRANSIENT,52.570000,54.000000,25.021000,25.021000,600,0.001667
313.000000,314,DY-SIN-001,DYNAMIC_SINUSOIDAL,48.642844,25.000000,DOWN,TRANSIENT,52.590000,53.600000,25.027000,25.027000,600,0.001667
314.000000,315,DY-SIN-001,DYNAMIC_SINUSOIDAL,48.539170,25.000000,DOWN,TRANSIENT,52.370000,53.500000,25.057000,25.057000,600,0.001667
315.000000,316,DY-SIN-001,DYNAMIC_SINUSOIDAL,48.435655,25.000000,DOWN,TRANSIENT,52.320000,53.700000,24.983000,24.983000,600,0.001667
316.000000,317,DY-SIN-001,DYNAMIC_SINUSOIDAL,48.332313,25.000000,DOWN,TRANSIENT,52.240000,53.400000,25.052000,25.052000,600,0.001667
317.000000,318,DY-SIN-001,DYNAMIC_SINUSOIDAL,48.229153,25.000000,DOWN,TRANSIENT,52.070000,53.300000,24.992000,24.992000,600,0.001667
318.000000,319,DY-SIN-001,DYNAMIC_SINUSOIDAL,48.126187,25.000000,DOWN,TRANSIENT,52.080000,52.700000,25.042000,25.042000,600,0.001667
319.000000,320,DY-SIN-001,DYNAMIC_SINUSOIDAL,48.023427,25.000000,DOWN,TRANSIENT,51.960000,53.200000,25.007000,25.007000,600,0.001667
320.000000,321,DY-SIN-001,DYNAMIC_SINUSOIDAL,47.920883,25.000000,DOWN,TRANSIENT,51.800000,52.800000,25.016000,25.016000,600,0.001667
321.000000,322,DY-SIN-001,DYNAMIC_SINUSOIDAL,47.818568,25.000000,DOWN,TRANSIENT,51.800000,52.700000,25.024000,25.024000,600,0.001667
322.000000,323,DY-SIN-001,DYNAMIC_SINUSOIDAL,47.716491,25.000000,DOWN,TRANSIENT,51.690000,52.800000,24.994000,24.994000,600,0.001667
323.000000,324,DY-SIN-001,DYNAMIC_SINUSOIDAL,47.614665,25.000000,DOWN,TRANSIENT,51.500000,52.600000,25.018000,25.018000,600,0.001667
324.000000,325,DY-SIN-001,DYNAMIC_SINUSOIDAL,47.513101,25.000000,DOWN,TRANSIENT,51.420000,52.300000,25.021000,25.021000,600,0.001667
325.000000,326,DY-SIN-001,DYNAMIC_SINUSOIDAL,47.411810,25.000000,DOWN,TRANSIENT,51.330000,51.900000,24.941000,24.941000,600,0.001667
326.000000,327,DY-SIN-001,DYNAMIC_SINUSOIDAL,47.310802,25.000000,DOWN,TRANSIENT,51.220000,52.700000,24.969000,24.969000,600,0.001667
327.000000,328,DY-SIN-001,DYNAMIC_SINUSOIDAL,47.210089,25.000000,DOWN,TRANSIENT,51.160000,52.600000,25.004000,25.004000,600,0.001667
328.000000,329,DY-SIN-001,DYNAMIC_SINUSOIDAL,47.109682,25.000000,DOWN,TRANSIENT,51.050000,52.200000,25.056000,25.056000,600,0.001667
329.000000,330,DY-SIN-001,DYNAMIC_SINUSOIDAL,47.009592,25.000000,DOWN,TRANSIENT,50.890000,52.100000,24.977000,24.977000,600,0.001667
330.000000,331,DY-SIN-001,DYNAMIC_SINUSOIDAL,46.909830,25.000000,DOWN,TRANSIENT,50.800000,51.900000,25.048000,25.048000,600,0.001667
331.000000,332,DY-SIN-001,DYNAMIC_SINUSOIDAL,46.810407,25.000000,DOWN,TRANSIENT,50.700000,51.900000,25.055000,25.055000,600,0.001667
332.000000,333,DY-SIN-001,DYNAMIC_SINUSOIDAL,46.711334,25.000000,DOWN,TRANSIENT,50.570000,52.100000,25.029000,25.029000,600,0.001667
333.000000,334,DY-SIN-001,DYNAMIC_SINUSOIDAL,46.612621,25.000000,DOWN,TRANSIENT,50.560000,51.200000,25.011000,25.011000,600,0.001667
334.000000,335,DY-SIN-001,DYNAMIC_SINUSOIDAL,46.514280,25.000000,DOWN,TRANSIENT,50.440000,52.000000,25.029000,25.029000,600,0.001667
335.000000,336,DY-SIN-001,DYNAMIC_SINUSOIDAL,46.416321,25.000000,DOWN,TRANSIENT,50.370000,51.300000,24.944000,24.944000,600,0.001667
336.000000,337,DY-SIN-001,DYNAMIC_SINUSOIDAL,46.318754,25.000000,DOWN,TRANSIENT,50.210000,51.600000,25.026000,25.026000,600,0.001667
337.000000,338,DY-SIN-001,DYNAMIC_SINUSOIDAL,46.221592,25.000000,DOWN,TRANSIENT,50.180000,51.000000,25.030000,25.030000,600,0.001667
338.000000,339,DY-SIN-001,DYNAMIC_SINUSOIDAL,46.124844,25.000000,DOWN,TRANSIENT,50.030000,51.400000,25.057000,25.057000,600,0.001667
339.000000,340,DY-SIN-001,DYNAMIC_SINUSOIDAL,46.028521,25.000000,DOWN,TRANSIENT,49.940000,50.900000,25.047000,25.047000,600,0.001667
340.000000,341,DY-SIN-001,DYNAMIC_SINUSOIDAL,45.932634,25.000000,DOWN,TRANSIENT,49.840000,51.000000,25.049000,25.049000,600,0.001667
341.000000,342,DY-SIN-001,DYNAMIC_SINUSOIDAL,45.837192,25.000000,DOWN,TRANSIENT,49.690000,51.000000,25.066000,25.066000,600,0.001667
342.000000,343,DY-SIN-001,DYNAMIC_SINUSOIDAL,45.742207,25.000000,DOWN,TRANSIENT,49.610000,51.100000,24.996000,24.996000,600,0.001667
343.000000,344,DY-SIN-001,DYNAMIC_SINUSOIDAL,45.647689,25.000000,DOWN,TRANSIENT,49.470000,50.400000,25.035000,25.035000,600,0.001667
344.000000,345,DY-SIN-001,DYNAMIC_SINUSOIDAL,45.553648,25.000000,DOWN,TRANSIENT,49.400000,50.400000,24.980000,24.980000,600,0.001667
345.000000,346,DY-SIN-001,DYNAMIC_SINUSOIDAL,45.460095,25.000000,DOWN,TRANSIENT,49.320000,50.700000,25.036000,25.036000,600,0.001667
346.000000,347,DY-SIN-001,DYNAMIC_SINUSOIDAL,45.367040,25.000000,DOWN,TRANSIENT,49.230000,50.400000,24.935000,24.935000,600,0.001667
347.000000,348,DY-SIN-001,DYNAMIC_SINUSOIDAL,45.274492,25.000000,DOWN,TRANSIENT,49.150000,50.800000,25.047000,25.047000,600,0.001667
348.000000,349,DY-SIN-001,DYNAMIC_SINUSOIDAL,45.182463,25.000000,DOWN,TRANSIENT,49.020000,50.200000,24.977000,24.977000,600,0.001667
349.000000,350,DY-SIN-001,DYNAMIC_SINUSOIDAL,45.090962,25.000000,DOWN,TRANSIENT,49.000000,50.500000,25.013000,25.013000,600,0.001667
350.000000,351,DY-SIN-001,DYNAMIC_SINUSOIDAL,45.000000,25.000000,DOWN,TRANSIENT,48.910000,50.100000,25.055000,25.055000,600,0.001667
351.000000,352,DY-SIN-001,DYNAMIC_SINUSOIDAL,44.909586,25.000000,DOWN,TRANSIENT,48.780000,49.500000,25.041000,25.041000,600,0.001667
352.000000,353,DY-SIN-001,DYNAMIC_SINUSOIDAL,44.819730,25.000000,DOWN,TRANSIENT,48.760000,50.000000,25.021000,25.021000,600,0.001667
353.000000,354,DY-SIN-001,DYNAMIC_SINUSOIDAL,44.730442,25.000000,DOWN,TRANSIENT,48.580000,49.400000,25.051000,25.051000,600,0.001667
354.000000,355,DY-SIN-001,DYNAMIC_SINUSOIDAL,44.641732,25.000000,DOWN,TRANSIENT,48.440000,49.600000,25.011000,25.011000,600,0.001667
355.000000,356,DY-SIN-001,DYNAMIC_SINUSOIDAL,44.553610,25.000000,DOWN,TRANSIENT,48.300000,50.000000,25.022000,25.022000,600,0.001667
356.000000,357,DY-SIN-001,DYNAMIC_SINUSOIDAL,44.466085,25.000000,DOWN,TRANSIENT,48.260000,49.200000,25.028000,25.028000,600,0.001667
357.000000,358,DY-SIN-001,DYNAMIC_SINUSOIDAL,44.379166,25.000000,DOWN,TRANSIENT,48.180000,49.500000,25.000000,25.000000,600,0.001667
358.000000,359,DY-SIN-001,DYNAMIC_SINUSOIDAL,44.292864,25.000000,DOWN,TRANSIENT,48.020000,49.100000,25.019000,25.019000,600,0.001667
359.000000,360,DY-SIN-001,DYNAMIC_SINUSOIDAL,44.207188,25.000000,DOWN,TRANSIENT,47.910000,48.900000,25.040000,25.040000,600,0.001667
360.000000,361,DY-SIN-001,DYNAMIC_SINUSOIDAL,44.122147,25.000000,DOWN,TRANSIENT,47.760000,48.700000,25.051000,25.051000,600,0.001667
361.000000,362,DY-SIN-001,DYNAMIC_SINUSOIDAL,44.037751,25.000000,DOWN,TRANSIENT,47.630000,49.300000,25.079000,25.079000,600,0.001667
362.000000,363,DY-SIN-001,DYNAMIC_SINUSOIDAL,43.954009,25.000000,DOWN,TRANSIENT,47.660000,48.700000,25.003000,25.003000,600,0.001667
363.000000,364,DY-SIN-001,DYNAMIC_SINUSOIDAL,43.870929,25.000000,DOWN,TRANSIENT,47.610000,48.800000,25.012000,25.012000,600,0.001667
364.000000,365,DY-SIN-001,DYNAMIC_SINUSOIDAL,43.788522,25.000000,DOWN,TRANSIENT,47.490000,48.600000,24.989000,24.989000,600,0.001667
365.000000,366,DY-SIN-001,DYNAMIC_SINUSOIDAL,43.706796,25.000000,DOWN,TRANSIENT,47.390000,48.700000,25.066000,25.066000,600,0.001667
366.000000,367,DY-SIN-001,DYNAMIC_SINUSOIDAL,43.625760,25.000000,DOWN,TRANSIENT,47.360000,48.400000,25.068000,25.068000,600,0.001667
367.000000,368,DY-SIN-001,DYNAMIC_SINUSOIDAL,43.545423,25.000000,DOWN,TRANSIENT,47.220000,48.600000,25.025000,25.025000,600,0.001667
368.000000,369,DY-SIN-001,DYNAMIC_SINUSOIDAL,43.465794,25.000000,DOWN,TRANSIENT,47.210000,48.600000,25.054000,25.054000,600,0.001667
369.000000,370,DY-SIN-001,DYNAMIC_SINUSOIDAL,43.386881,25.000000,DOWN,TRANSIENT,47.000000,48.500000,24.994000,24.994000,600,0.001667
370.000000,371,DY-SIN-001,DYNAMIC_SINUSOIDAL,43.308694,25.000000,DOWN,TRANSIENT,46.970000,47.800000,24.997000,24.997000,600,0.001667
371.000000,372,DY-SIN-001,DYNAMIC_SINUSOIDAL,43.231240,25.000000,DOWN,TRANSIENT,46.830000,47.700000,25.015000,25.015000,600,0.001667
372.000000,373,DY-SIN-001,DYNAMIC_SINUSOIDAL,43.154529,25.000000,DOWN,TRANSIENT,46.740000,47.900000,24.990000,24.990000,600,0.001667
373.000000,374,DY-SIN-001,DYNAMIC_SINUSOIDAL,43.078568,25.000000,DOWN,TRANSIENT,46.640000,47.800000,25.006000,25.006000,600,0.001667
374.000000,375,DY-SIN-001,DYNAMIC_SINUSOIDAL,43.003367,25.000000,DOWN,TRANSIENT,46.530000,47.500000,25.002000,25.002000,600,0.001667
375.000000,376,DY-SIN-001,DYNAMIC_SINUSOIDAL,42.928932,25.000000,DOWN,TRANSIENT,46.510000,47.600000,24.942000,24.942000,600,0.001667
376.000000,377,DY-SIN-001,DYNAMIC_SINUSOIDAL,42.855273,25.000000,DOWN,TRANSIENT,46.280000,47.500000,25.036000,25.036000,600,0.001667
377.000000,378,DY-SIN-001,DYNAMIC_SINUSOIDAL,42.782398,25.000000,DOWN,TRANSIENT,46.170000,47.400000,24.997000,24.997000,600,0.001667
378.000000,379,DY-SIN-001,DYNAMIC_SINUSOIDAL,42.710314,25.000000,DOWN,TRANSIENT,46.190000,47.100000,25.063000,25.063000,600,0.001667
379.000000,380,DY-SIN-001,DYNAMIC_SINUSOIDAL,42.639029,25.000000,DOWN,TRANSIENT,46.050000,47.600000,24.991000,24.991000,600,0.001667
380.000000,381,DY-SIN-001,DYNAMIC_SINUSOIDAL,42.568552,25.000000,DOWN,TRANSIENT,45.950000,47.400000,25.050000,25.050000,600,0.001667
381.000000,382,DY-SIN-001,DYNAMIC_SINUSOIDAL,42.498889,25.000000,DOWN,TRANSIENT,45.900000,47.100000,25.021000,25.021000,600,0.001667
382.000000,383,DY-SIN-001,DYNAMIC_SINUSOIDAL,42.430049,25.000000,DOWN,TRANSIENT,45.820000,46.900000,25.058000,25.058000,600,0.001667
383.000000,384,DY-SIN-001,DYNAMIC_SINUSOIDAL,42.362040,25.000000,DOWN,TRANSIENT,45.770000,47.500000,25.001000,25.001000,600,0.001667
384.000000,385,DY-SIN-001,DYNAMIC_SINUSOIDAL,42.294868,25.000000,DOWN,TRANSIENT,45.690000,46.900000,24.999000,24.999000,600,0.001667
385.000000,386,DY-SIN-001,DYNAMIC_SINUSOIDAL,42.228540,25.000000,DOWN,TRANSIENT,45.550000,46.800000,24.990000,24.990000,600,0.001667
386.000000,387,DY-SIN-001,DYNAMIC_SINUSOIDAL,42.163065,25.000000,DOWN,TRANSIENT,45.470000,47.100000,24.981000,24.981000,600,0.001667
387.000000,388,DY-SIN-001,DYNAMIC_SINUSOIDAL,42.098450,25.000000,DOWN,TRANSIENT,45.360000,46.900000,25.058000,25.058000,600,0.001667
388.000000,389,DY-SIN-001,DYNAMIC_SINUSOIDAL,42.034701,25.000000,DOWN,TRANSIENT,45.310000,47.000000,25.061000,25.061000,600,0.001667
389.000000,390,DY-SIN-001,DYNAMIC_SINUSOIDAL,41.971825,25.000000,DOWN,TRANSIENT,45.110000,46.600000,25.019000,25.019000,600,0.001667
390.000000,391,DY-SIN-001,DYNAMIC_SINUSOIDAL,41.909830,25.000000,DOWN,TRANSIENT,45.060000,46.500000,24.995000,24.995000,600,0.001667
391.000000,392,DY-SIN-001,DYNAMIC_SINUSOIDAL,41.848722,25.000000,DOWN,TRANSIENT,44.890000,46.500000,24.998000,24.998000,600,0.001667
392.000000,393,DY-SIN-001,DYNAMIC_SINUSOIDAL,41.788508,25.000000,DOWN,TRANSIENT,44.900000,45.900000,24.960000,24.960000,600,0.001667
393.000000,394,DY-SIN-001,DYNAMIC_SINUSOIDAL,41.729194,25.000000,DOWN,TRANSIENT,44.860000,45.700000,25.018000,25.018000,600,0.001667
394.000000,395,DY-SIN-001,DYNAMIC_SINUSOIDAL,41.670788,25.000000,DOWN,TRANSIENT,44.760000,45.400000,25.021000,25.021000,600,0.001667
395.000000,396,DY-SIN-001,DYNAMIC_SINUSOIDAL,41.613294,25.000000,DOWN,TRANSIENT,44.670000,46.200000,25.056000,25.056000,600,0.001667
396.000000,397,DY-SIN-001,DYNAMIC_SINUSOIDAL,41.556721,25.000000,DOWN,TRANSIENT,44.630000,45.800000,25.032000,25.032000,600,0.001667
397.000000,398,DY-SIN-001,DYNAMIC_SINUSOIDAL,41.501073,25.000000,DOWN,TRANSIENT,44.560000,45.300000,25.028000,25.028000,600,0.001667
398.000000,399,DY-SIN-001,DYNAMIC_SINUSOIDAL,41.446357,25.000000,DOWN,TRANSIENT,44.480000,46.100000,25.041000,25.041000,600,0.001667
399.000000,400,DY-SIN-001,DYNAMIC_SINUSOIDAL,41.392580,25.000000,DOWN,TRANSIENT,44.380000,45.600000,24.978000,24.978000,600,0.001667
400.000000,401,DY-SIN-001,DYNAMIC_SINUSOIDAL,41.339746,25.000000,DOWN,TRANSIENT,44.300000,45.700000,25.003000,25.003000,600,0.001667
401.000000,402,DY-SIN-001,DYNAMIC_SINUSOIDAL,41.287862,25.000000,DOWN,TRANSIENT,44.290000,45.100000,25.049000,25.049000,600,0.001667
402.000000,403,DY-SIN-001,DYNAMIC_SINUSOIDAL,41.236933,25.000000,DOWN,TRANSIENT,44.190000,45.300000,25.022000,25.022000,600,0.001667
403.000000,404,DY-SIN-001,DYNAMIC_SINUSOIDAL,41.186965,25.000000,DOWN,TRANSIENT,44.020000,45.100000,25.035000,25.035000,600,0.001667
404.000000,405,DY-SIN-001,DYNAMIC_SINUSOIDAL,41.137964,25.000000,DOWN,TRANSIENT,44.030000,44.800000,25.002000,25.002000,600,0.001667
405.000000,406,DY-SIN-001,DYNAMIC_SINUSOIDAL,41.089935,25.000000,DOWN,TRANSIENT,43.850000,44.700000,25.074000,25.074000,600,0.001667
406.000000,407,DY-SIN-001,DYNAMIC_SINUSOIDAL,41.042882,25.000000,DOWN,TRANSIENT,43.830000,45.400000,25.043000,25.043000,600,0.001667
407.000000,408,DY-SIN-001,DYNAMIC_SINUSOIDAL,40.996812,25.000000,DOWN,TRANSIENT,43.730000,44.700000,25.051000,25.051000,600,0.001667
408.000000,409,DY-SIN-001,DYNAMIC_SINUSOIDAL,40.951729,25.000000,DOWN,TRANSIENT,43.760000,44.600000,25.031000,25.031000,600,0.001667
409.000000,410,DY-SIN-001,DYNAMIC_SINUSOIDAL,40.907639,25.000000,DOWN,TRANSIENT,43.620000,44.600000,24.989000,24.989000,600,0.001667
410.000000,411,DY-SIN-001,DYNAMIC_SINUSOIDAL,40.864545,25.000000,DOWN,TRANSIENT,43.510000,44.700000,25.002000,25.002000,600,0.001667
411.000000,412,DY-SIN-001,DYNAMIC_SINUSOIDAL,40.822454,25.000000,DOWN,TRANSIENT,43.460000,44.400000,25.003000,25.003000,600,0.001667
412.000000,413,DY-SIN-001,DYNAMIC_SINUSOIDAL,40.781368,25.000000,DOWN,TRANSIENT,43.410000,44.000000,25.018000,25.018000,600,0.001667
413.000000,414,DY-SIN-001,DYNAMIC_SINUSOIDAL,40.741294,25.000000,DOWN,TRANSIENT,43.260000,44.100000,25.039000,25.039000,600,0.001667
414.000000,415,DY-SIN-001,DYNAMIC_SINUSOIDAL,40.702235,25.000000,DOWN,TRANSIENT,43.290000,44.300000,25.013000,25.013000,600,0.001667
415.000000,416,DY-SIN-001,DYNAMIC_SINUSOIDAL,40.664196,25.000000,DOWN,TRANSIENT,43.170000,43.700000,25.051000,25.051000,600,0.001667
416.000000,417,DY-SIN-001,DYNAMIC_SINUSOIDAL,40.627180,25.000000,DOWN,TRANSIENT,43.080000,43.900000,25.003000,25.003000,600,0.001667
417.000000,418,DY-SIN-001,DYNAMIC_SINUSOIDAL,40.591192,25.000000,DOWN,TRANSIENT,43.210000,44.100000,25.040000,25.040000,600,0.001667
418.000000,419,DY-SIN-001,DYNAMIC_SINUSOIDAL,40.556236,25.000000,DOWN,TRANSIENT,43.070000,44.400000,24.965000,24.965000,600,0.001667
419.000000,420,DY-SIN-001,DYNAMIC_SINUSOIDAL,40.522316,25.000000,DOWN,TRANSIENT,42.990000,43.700000,25.040000,25.040000,600,0.001667
420.000000,421,DY-SIN-001,DYNAMIC_SINUSOIDAL,40.489435,25.000000,DOWN,TRANSIENT,42.880000,44.000000,25.008000,25.008000,600,0.001667
421.000000,422,DY-SIN-001,DYNAMIC_SINUSOIDAL,40.457597,25.000000,DOWN,TRANSIENT,42.840000,43.800000,25.053000,25.053000,600,0.001667
422.000000,423,DY-SIN-001,DYNAMIC_SINUSOIDAL,40.426805,25.000000,DOWN,TRANSIENT,42.820000,43.400000,25.019000,25.019000,600,0.001667
423.000000,424,DY-SIN-001,DYNAMIC_SINUSOIDAL,40.397063,25.000000,DOWN,TRANSIENT,42.790000,43.500000,24.996000,24.996000,600,0.001667
424.000000,425,DY-SIN-001,DYNAMIC_SINUSOIDAL,40.368374,25.000000,DOWN,TRANSIENT,42.700000,43.200000,25.021000,25.021000,600,0.001667
425.000000,426,DY-SIN-001,DYNAMIC_SINUSOIDAL,40.340742,25.000000,DOWN,TRANSIENT,42.620000,43.500000,25.053000,25.053000,600,0.001667
426.000000,427,DY-SIN-001,DYNAMIC_SINUSOIDAL,40.314168,25.000000,DOWN,TRANSIENT,42.560000,43.600000,25.002000,25.002000,600,0.001667
427.000000,428,DY-SIN-001,DYNAMIC_SINUSOIDAL,40.288657,25.000000,DOWN,TRANSIENT,42.500000,43.200000,25.044000,25.044000,600,0.001667
428.000000,429,DY-SIN-001,DYNAMIC_SINUSOIDAL,40.264211,25.000000,DOWN,TRANSIENT,42.440000,42.900000,24.998000,24.998000,600,0.001667
429.000000,430,DY-SIN-001,DYNAMIC_SINUSOIDAL,40.240832,25.000000,DOWN,TRANSIENT,42.300000,42.900000,25.016000,25.016000,600,0.001667
430.000000,431,DY-SIN-001,DYNAMIC_SINUSOIDAL,40.218524,25.000000,DOWN,TRANSIENT,42.270000,43.200000,25.014000,25.014000,600,0.001667
431.000000,432,DY-SIN-001,DYNAMIC_SINUSOIDAL,40.197288,25.000000,DOWN,TRANSIENT,42.230000,43.400000,24.987000,24.987000,600,0.001667
432.000000,433,DY-SIN-001,DYNAMIC_SINUSOIDAL,40.177127,25.000000,DOWN,TRANSIENT,42.130000,43.200000,25.018000,25.018000,600,0.001667
433.000000,434,DY-SIN-001,DYNAMIC_SINUSOIDAL,40.158044,25.000000,DOWN,TRANSIENT,42.080000,42.800000,24.991000,24.991000,600,0.001667
434.000000,435,DY-SIN-001,DYNAMIC_SINUSOIDAL,40.140040,25.000000,DOWN,TRANSIENT,42.130000,42.500000,25.000000,25.000000,600,0.001667
435.000000,436,DY-SIN-001,DYNAMIC_SINUSOIDAL,40.123117,25.000000,DOWN,TRANSIENT,42.030000,42.600000,25.085000,25.085000,600,0.001667
436.000000,437,DY-SIN-001,DYNAMIC_SINUSOIDAL,40.107277,25.000000,DOWN,TRANSIENT,41.980000,42.800000,25.030000,25.030000,600,0.001667
437.000000,438,DY-SIN-001,DYNAMIC_SINUSOIDAL,40.092522,25.000000,DOWN,TRANSIENT,41.960000,42.200000,25.016000,25.016000,600,0.001667
438.000000,439,DY-SIN-001,DYNAMIC_SINUSOIDAL,40.078853,25.000000,DOWN,TRANSIENT,41.930000,42.500000,25.049000,25.049000,600,0.001667
439.000000,440,DY-SIN-001,DYNAMIC_SINUSOIDAL,40.066272,25.000000,DOWN,TRANSIENT,41.910000,42.000000,25.035000,25.035000,600,0.001667
440.000000,441,DY-SIN-001,DYNAMIC_SINUSOIDAL,40.054781,25.000000,DOWN,TRANSIENT,41.790000,42.200000,25.043000,25.043000,600,0.001667
441.000000,442,DY-SIN-001,DYNAMIC_SINUSOIDAL,40.044380,25.000000,DOWN,TRANSIENT,41.780000,42.800000,25.088000,25.088000,600,0.001667
442.000000,443,DY-SIN-001,DYNAMIC_SINUSOIDAL,40.035071,25.000000,DOWN,TRANSIENT,41.820000,42.300000,25.012000,25.012000,600,0.001667
443.000000,444,DY-SIN-001,DYNAMIC_SINUSOIDAL,40.026855,25.000000,DOWN,TRANSIENT,41.750000,42.000000,24.987000,24.987000,600,0.001667
444.000000,445,DY-SIN-001,DYNAMIC_SINUSOIDAL,40.019733,25.000000,DOWN,TRANSIENT,41.650000,41.600000,24.997000,24.997000,600,0.001667
445.000000,446,DY-SIN-001,DYNAMIC_SINUSOIDAL,40.013705,25.000000,DOWN,TRANSIENT,41.650000,42.100000,25.042000,25.042000,600,0.001667
446.000000,447,DY-SIN-001,DYNAMIC_SINUSOIDAL,40.008772,25.000000,DOWN,TRANSIENT,41.570000,41.900000,24.972000,24.972000,600,0.001667
447.000000,448,DY-SIN-001,DYNAMIC_SINUSOIDAL,40.004934,25.000000,DOWN,TRANSIENT,41.580000,41.900000,25.002000,25.002000,600,0.001667
448.000000,449,DY-SIN-001,DYNAMIC_SINUSOIDAL,40.002193,25.000000,DOWN,TRANSIENT,41.530000,42.000000,25.029000,25.029000,600,0.001667
449.000000,450,DY-SIN-001,DYNAMIC_SINUSOIDAL,40.000548,25.000000,DOWN,TRANSIENT,41.460000,41.800000,25.005000,25.005000,600,0.001667
450.000000,451,DY-SIN-001,DYNAMIC_SINUSOIDAL,40.000000,25.000000,DOWN,TRANSIENT,41.410000,41.600000,25.052000,25.052000,600,0.001667
451.000000,452,DY-SIN-001,DYNAMIC_SINUSOIDAL,40.000548,25.000000,UP,TRANSIENT,41.370000,40.600000,25.015000,25.015000,600,0.001667
452.000000,453,DY-SIN-001,DYNAMIC_SINUSOIDAL,40.002193,25.000000,UP,TRANSIENT,41.350000,41.400000,25.019000,25.019000,600,0.001667
453.000000,454,DY-SIN-001,DYNAMIC_SINUSOIDAL,40.004934,25.000000,UP,TRANSIENT,41.280000,40.500000,25.010000,25.010000,600,0.001667
454.000000,455,DY-SIN-001,DYNAMIC_SINUSOIDAL,40.008772,25.000000,UP,TRANSIENT,41.300000,40.900000,25.035000,25.035000,600,0.001667
455.000000,456,DY-SIN-001,DYNAMIC_SINUSOIDAL,40.013705,25.000000,UP,TRANSIENT,41.300000,40.700000,25.070000,25.070000,600,0.001667
456.000000,457,DY-SIN-001,DYNAMIC_SINUSOIDAL,40.019733,25.000000,UP,TRANSIENT,41.170000,40.600000,24.980000,24.980000,600,0.001667
457.000000,458,DY-SIN-001,DYNAMIC_SINUSOIDAL,40.026855,25.000000,UP,TRANSIENT,41.160000,40.800000,25.040000,25.040000,600,0.001667
458.000000,459,DY-SIN-001,DYNAMIC_SINUSOIDAL,40.035071,25.000000,UP,TRANSIENT,41.150000,40.700000,24.979000,24.979000,600,0.001667
459.000000,460,DY-SIN-001,DYNAMIC_SINUSOIDAL,40.044380,25.000000,UP,TRANSIENT,41.130000,40.100000,25.070000,25.070000,600,0.001667
460.000000,461,DY-SIN-001,DYNAMIC_SINUSOIDAL,40.054781,25.000000,UP,TRANSIENT,41.040000,40.500000,25.016000,25.016000,600,0.001667
461.000000,462,DY-SIN-001,DYNAMIC_SINUSOIDAL,40.066272,25.000000,UP,TRANSIENT,40.990000,40.400000,25.019000,25.019000,600,0.001667
462.000000,463,DY-SIN-001,DYNAMIC_SINUSOIDAL,40.078853,25.000000,UP,TRANSIENT,41.000000,40.000000,25.029000,25.029000,600,0.001667
463.000000,464,DY-SIN-001,DYNAMIC_SINUSOIDAL,40.092522,25.000000,UP,TRANSIENT,41.020000,40.500000,25.004000,25.004000,600,0.001667
464.000000,465,DY-SIN-001,DYNAMIC_SINUSOIDAL,40.107277,25.000000,UP,TRANSIENT,40.960000,40.200000,25.007000,25.007000,600,0.001667
465.000000,466,DY-SIN-001,DYNAMIC_SINUSOIDAL,40.123117,25.000000,UP,TRANSIENT,40.990000,40.400000,25.054000,25.054000,600,0.001667
466.000000,467,DY-SIN-001,DYNAMIC_SINUSOIDAL,40.140040,25.000000,UP,TRANSIENT,40.940000,40.300000,24.989000,24.989000,600,0.001667
467.000000,468,DY-SIN-001,DYNAMIC_SINUSOIDAL,40.158044,25.000000,UP,TRANSIENT,40.920000,40.100000,25.020000,25.020000,600,0.001667
468.000000,469,DY-SIN-001,DYNAMIC_SINUSOIDAL,40.177127,25.000000,UP,TRANSIENT,40.830000,40.400000,25.015000,25.015000,600,0.001667
469.000000,470,DY-SIN-001,DYNAMIC_SINUSOIDAL,40.197288,25.000000,UP,TRANSIENT,40.940000,40.100000,25.016000,25.016000,600,0.001667
470.000000,471,DY-SIN-001,DYNAMIC_SINUSOIDAL,40.218524,25.000000,UP,TRANSIENT,40.970000,40.200000,25.027000,25.027000,600,0.001667
471.000000,472,DY-SIN-001,DYNAMIC_SINUSOIDAL,40.240832,25.000000,UP,TRANSIENT,40.920000,40.100000,25.011000,25.011000,600,0.001667
472.000000,473,DY-SIN-001,DYNAMIC_SINUSOIDAL,40.264211,25.000000,UP,TRANSIENT,40.860000,40.000000,24.993000,24.993000,600,0.001667
473.000000,474,DY-SIN-001,DYNAMIC_SINUSOIDAL,40.288657,25.000000,UP,TRANSIENT,40.750000,40.100000,25.084000,25.084000,600,0.001667
474.000000,475,DY-SIN-001,DYNAMIC_SINUSOIDAL,40.314168,25.000000,UP,TRANSIENT,40.800000,40.500000,25.005000,25.005000,600,0.001667
475.000000,476,DY-SIN-001,DYNAMIC_SINUSOIDAL,40.340742,25.000000,UP,TRANSIENT,40.830000,39.900000,24.996000,24.996000,600,0.001667
476.000000,477,DY-SIN-001,DYNAMIC_SINUSOIDAL,40.368374,25.000000,UP,TRANSIENT,40.800000,40.000000,25.006000,25.006000,600,0.001667
477.000000,478,DY-SIN-001,DYNAMIC_SINUSOIDAL,40.397063,25.000000,UP,TRANSIENT,40.820000,40.100000,25.035000,25.035000,600,0.001667
478.000000,479,DY-SIN-001,DYNAMIC_SINUSOIDAL,40.426805,25.000000,UP,TRANSIENT,40.670000,40.400000,24.958000,24.958000,600,0.001667
479.000000,480,DY-SIN-001,DYNAMIC_SINUSOIDAL,40.457597,25.000000,UP,TRANSIENT,40.760000,39.700000,25.009000,25.009000,600,0.001667
480.000000,481,DY-SIN-001,DYNAMIC_SINUSOIDAL,40.489435,25.000000,UP,TRANSIENT,40.770000,40.100000,25.050000,25.050000,600,0.001667
481.000000,482,DY-SIN-001,DYNAMIC_SINUSOIDAL,40.522316,25.000000,UP,TRANSIENT,40.800000,40.000000,25.053000,25.053000,600,0.001667
482.000000,483,DY-SIN-001,DYNAMIC_SINUSOIDAL,40.556236,25.000000,UP,TRANSIENT,40.770000,40.100000,24.989000,24.989000,600,0.001667
483.000000,484,DY-SIN-001,DYNAMIC_SINUSOIDAL,40.591192,25.000000,UP,TRANSIENT,40.750000,39.900000,25.036000,25.036000,600,0.001667
484.000000,485,DY-SIN-001,DYNAMIC_SINUSOIDAL,40.627180,25.000000,UP,TRANSIENT,40.690000,39.900000,24.970000,24.970000,600,0.001667
485.000000,486,DY-SIN-001,DYNAMIC_SINUSOIDAL,40.664196,25.000000,UP,TRANSIENT,40.700000,39.400000,24.997000,24.997000,600,0.001667
486.000000,487,DY-SIN-001,DYNAMIC_SINUSOIDAL,40.702235,25.000000,UP,TRANSIENT,40.790000,39.700000,25.031000,25.031000,600,0.001667
487.000000,488,DY-SIN-001,DYNAMIC_SINUSOIDAL,40.741294,25.000000,UP,TRANSIENT,40.840000,40.000000,24.994000,24.994000,600,0.001667
488.000000,489,DY-SIN-001,DYNAMIC_SINUSOIDAL,40.781368,25.000000,UP,TRANSIENT,40.740000,39.700000,24.987000,24.987000,600,0.001667
489.000000,490,DY-SIN-001,DYNAMIC_SINUSOIDAL,40.822454,25.000000,UP,TRANSIENT,40.810000,39.700000,24.986000,24.986000,600,0.001667
490.000000,491,DY-SIN-001,DYNAMIC_SINUSOIDAL,40.864545,25.000000,UP,TRANSIENT,40.730000,39.700000,25.054000,25.054000,600,0.001667
491.000000,492,DY-SIN-001,DYNAMIC_SINUSOIDAL,40.907639,25.000000,UP,TRANSIENT,40.810000,39.700000,25.029000,25.029000,600,0.001667
492.000000,493,DY-SIN-001,DYNAMIC_SINUSOIDAL,40.951729,25.000000,UP,TRANSIENT,40.820000,39.200000,25.002000,25.002000,600,0.001667
493.000000,494,DY-SIN-001,DYNAMIC_SINUSOIDAL,40.996812,25.000000,UP,TRANSIENT,40.800000,39.600000,24.984000,24.984000,600,0.001667
494.000000,495,DY-SIN-001,DYNAMIC_SINUSOIDAL,41.042882,25.000000,UP,TRANSIENT,40.690000,39.400000,25.038000,25.038000,600,0.001667
495.000000,496,DY-SIN-001,DYNAMIC_SINUSOIDAL,41.089935,25.000000,UP,TRANSIENT,40.730000,39.700000,24.971000,24.971000,600,0.001667
496.000000,497,DY-SIN-001,DYNAMIC_SINUSOIDAL,41.137964,25.000000,UP,TRANSIENT,40.850000,39.400000,24.978000,24.978000,600,0.001667
497.000000,498,DY-SIN-001,DYNAMIC_SINUSOIDAL,41.186965,25.000000,UP,TRANSIENT,40.820000,39.300000,25.026000,25.026000,600,0.001667
498.000000,499,DY-SIN-001,DYNAMIC_SINUSOIDAL,41.236933,25.000000,UP,TRANSIENT,40.770000,39.300000,25.032000,25.032000,600,0.001667
499.000000,500,DY-SIN-001,DYNAMIC_SINUSOIDAL,41.287862,25.000000,UP,TRANSIENT,40.840000,39.600000,25.014000,25.014000,600,0.001667
500.000000,501,DY-SIN-001,DYNAMIC_SINUSOIDAL,41.339746,25.000000,UP,TRANSIENT,40.810000,39.400000,25.034000,25.034000,600,0.001667
501.000000,502,DY-SIN-001,DYNAMIC_SINUSOIDAL,41.392580,25.000000,UP,TRANSIENT,40.860000,39.500000,24.985000,24.985000,600,0.001667
502.000000,503,DY-SIN-001,DYNAMIC_SINUSOIDAL,41.446357,25.000000,UP,TRANSIENT,40.860000,39.600000,25.001000,25.001000,600,0.001667
503.000000,504,DY-SIN-001,DYNAMIC_SINUSOIDAL,41.501073,25.000000,UP,TRANSIENT,40.910000,39.700000,24.999000,24.999000,600,0.001667
504.000000,505,DY-SIN-001,DYNAMIC_SINUSOIDAL,41.556721,25.000000,UP,TRANSIENT,40.880000,39.600000,25.017000,25.017000,600,0.001667
505.000000,506,DY-SIN-001,DYNAMIC_SINUSOIDAL,41.613294,25.000000,UP,TRANSIENT,40.900000,39.600000,25.090000,25.090000,600,0.001667
506.000000,507,DY-SIN-001,DYNAMIC_SINUSOIDAL,41.670788,25.000000,UP,TRANSIENT,40.880000,39.800000,25.060000,25.060000,600,0.001667
507.000000,508,DY-SIN-001,DYNAMIC_SINUSOIDAL,41.729194,25.000000,UP,TRANSIENT,40.940000,39.300000,25.015000,25.015000,600,0.001667
508.000000,509,DY-SIN-001,DYNAMIC_SINUSOIDAL,41.788508,25.000000,UP,TRANSIENT,40.920000,39.600000,25.007000,25.007000,600,0.001667
509.000000,510,DY-SIN-001,DYNAMIC_SINUSOIDAL,41.848722,25.000000,UP,TRANSIENT,41.030000,39.800000,24.996000,24.996000,600,0.001667
510.000000,511,DY-SIN-001,DYNAMIC_SINUSOIDAL,41.909830,25.000000,UP,TRANSIENT,41.080000,39.700000,25.033000,25.033000,600,0.001667
511.000000,512,DY-SIN-001,DYNAMIC_SINUSOIDAL,41.971825,25.000000,UP,TRANSIENT,41.080000,39.700000,25.037000,25.037000,600,0.001667
512.000000,513,DY-SIN-001,DYNAMIC_SINUSOIDAL,42.034701,25.000000,UP,TRANSIENT,41.070000,39.500000,25.079000,25.079000,600,0.001667
513.000000,514,DY-SIN-001,DYNAMIC_SINUSOIDAL,42.098450,25.000000,UP,TRANSIENT,41.100000,39.500000,25.065000,25.065000,600,0.001667
514.000000,515,DY-SIN-001,DYNAMIC_SINUSOIDAL,42.163065,25.000000,UP,TRANSIENT,41.100000,39.300000,25.017000,25.017000,600,0.001667
515.000000,516,DY-SIN-001,DYNAMIC_SINUSOIDAL,42.228540,25.000000,UP,TRANSIENT,41.170000,39.400000,25.006000,25.006000,600,0.001667
516.000000,517,DY-SIN-001,DYNAMIC_SINUSOIDAL,42.294868,25.000000,UP,TRANSIENT,41.160000,38.800000,25.003000,25.003000,600,0.001667
517.000000,518,DY-SIN-001,DYNAMIC_SINUSOIDAL,42.362040,25.000000,UP,TRANSIENT,41.240000,39.500000,25.015000,25.015000,600,0.001667
518.000000,519,DY-SIN-001,DYNAMIC_SINUSOIDAL,42.430049,25.000000,UP,TRANSIENT,41.200000,39.800000,24.999000,24.999000,600,0.001667
519.000000,520,DY-SIN-001,DYNAMIC_SINUSOIDAL,42.498889,25.000000,UP,TRANSIENT,41.230000,39.000000,25.043000,25.043000,600,0.001667
520.000000,521,DY-SIN-001,DYNAMIC_SINUSOIDAL,42.568552,25.000000,UP,TRANSIENT,41.370000,39.700000,25.060000,25.060000,600,0.001667
521.000000,522,DY-SIN-001,DYNAMIC_SINUSOIDAL,42.639029,25.000000,UP,TRANSIENT,41.280000,39.600000,25.053000,25.053000,600,0.001667
522.000000,523,DY-SIN-001,DYNAMIC_SINUSOIDAL,42.710314,25.000000,UP,TRANSIENT,41.460000,39.500000,25.069000,25.069000,600,0.001667
523.000000,524,DY-SIN-001,DYNAMIC_SINUSOIDAL,42.782398,25.000000,UP,TRANSIENT,41.420000,39.400000,25.054000,25.054000,600,0.001667
524.000000,525,DY-SIN-001,DYNAMIC_SINUSOIDAL,42.855273,25.000000,UP,TRANSIENT,41.510000,39.100000,24.993000,24.993000,600,0.001667
525.000000,526,DY-SIN-001,DYNAMIC_SINUSOIDAL,42.928932,25.000000,UP,TRANSIENT,41.400000,39.200000,25.031000,25.031000,600,0.001667
526.000000,527,DY-SIN-001,DYNAMIC_SINUSOIDAL,43.003367,25.000000,UP,TRANSIENT,41.500000,39.600000,25.017000,25.017000,600,0.001667
527.000000,528,DY-SIN-001,DYNAMIC_SINUSOIDAL,43.078568,25.000000,UP,TRANSIENT,41.620000,39.900000,24.981000,24.981000,600,0.001667
528.000000,529,DY-SIN-001,DYNAMIC_SINUSOIDAL,43.154529,25.000000,UP,TRANSIENT,41.630000,39.500000,25.027000,25.027000,600,0.001667
529.000000,530,DY-SIN-001,DYNAMIC_SINUSOIDAL,43.231240,25.000000,UP,TRANSIENT,41.700000,39.700000,25.048000,25.048000,600,0.001667
530.000000,531,DY-SIN-001,DYNAMIC_SINUSOIDAL,43.308694,25.000000,UP,TRANSIENT,41.680000,39.900000,25.029000,25.029000,600,0.001667
531.000000,532,DY-SIN-001,DYNAMIC_SINUSOIDAL,43.386881,25.000000,UP,TRANSIENT,41.760000,39.200000,25.021000,25.021000,600,0.001667
532.000000,533,DY-SIN-001,DYNAMIC_SINUSOIDAL,43.465794,25.000000,UP,TRANSIENT,41.830000,39.600000,25.008000,25.008000,600,0.001667
533.000000,534,DY-SIN-001,DYNAMIC_SINUSOIDAL,43.545423,25.000000,UP,TRANSIENT,41.800000,39.300000,25.055000,25.055000,600,0.001667
534.000000,535,DY-SIN-001,DYNAMIC_SINUSOIDAL,43.625760,25.000000,UP,TRANSIENT,41.940000,39.800000,25.017000,25.017000,600,0.001667
535.000000,536,DY-SIN-001,DYNAMIC_SINUSOIDAL,43.706796,25.000000,UP,TRANSIENT,41.930000,39.700000,24.951000,24.951000,600,0.001667
536.000000,537,DY-SIN-001,DYNAMIC_SINUSOIDAL,43.788522,25.000000,UP,TRANSIENT,41.960000,39.400000,25.006000,25.006000,600,0.001667
537.000000,538,DY-SIN-001,DYNAMIC_SINUSOIDAL,43.870929,25.000000,UP,TRANSIENT,42.000000,40.100000,25.013000,25.013000,600,0.001667
538.000000,539,DY-SIN-001,DYNAMIC_SINUSOIDAL,43.954009,25.000000,UP,TRANSIENT,42.100000,39.700000,24.947000,24.947000,600,0.001667
539.000000,540,DY-SIN-001,DYNAMIC_SINUSOIDAL,44.037751,25.000000,UP,TRANSIENT,42.090000,40.000000,24.996000,24.996000,600,0.001667
540.000000,541,DY-SIN-001,DYNAMIC_SINUSOIDAL,44.122147,25.000000,UP,TRANSIENT,42.160000,40.100000,25.075000,25.075000,600,0.001667
541.000000,542,DY-SIN-001,DYNAMIC_SINUSOIDAL,44.207188,25.000000,UP,TRANSIENT,42.190000,39.800000,24.985000,24.985000,600,0.001667
542.000000,543,DY-SIN-001,DYNAMIC_SINUSOIDAL,44.292864,25.000000,UP,TRANSIENT,42.220000,39.600000,25.026000,25.026000,600,0.001667
543.000000,544,DY-SIN-001,DYNAMIC_SINUSOIDAL,44.379166,25.000000,UP,TRANSIENT,42.290000,39.900000,24.985000,24.985000,600,0.001667
544.000000,545,DY-SIN-001,DYNAMIC_SINUSOIDAL,44.466085,25.000000,UP,TRANSIENT,42.450000,40.100000,25.049000,25.049000,600,0.001667
545.000000,546,DY-SIN-001,DYNAMIC_SINUSOIDAL,44.553610,25.000000,UP,TRANSIENT,42.440000,40.000000,25.004000,25.004000,600,0.001667
546.000000,547,DY-SIN-001,DYNAMIC_SINUSOIDAL,44.641732,25.000000,UP,TRANSIENT,42.540000,40.000000,25.059000,25.059000,600,0.001667
547.000000,548,DY-SIN-001,DYNAMIC_SINUSOIDAL,44.730442,25.000000,UP,TRANSIENT,42.620000,39.900000,25.058000,25.058000,600,0.001667
548.000000,549,DY-SIN-001,DYNAMIC_SINUSOIDAL,44.819730,25.000000,UP,TRANSIENT,42.570000,40.300000,25.099000,25.099000,600,0.001667
549.000000,550,DY-SIN-001,DYNAMIC_SINUSOIDAL,44.909586,25.000000,UP,TRANSIENT,42.650000,40.300000,24.992000,24.992000,600,0.001667
550.000000,551,DY-SIN-001,DYNAMIC_SINUSOIDAL,45.000000,25.000000,UP,TRANSIENT,42.620000,40.200000,24.977000,24.977000,600,0.001667
551.000000,552,DY-SIN-001,DYNAMIC_SINUSOIDAL,45.090962,25.000000,UP,TRANSIENT,42.700000,40.500000,25.014000,25.014000,600,0.001667
552.000000,553,DY-SIN-001,DYNAMIC_SINUSOIDAL,45.182463,25.000000,UP,TRANSIENT,42.850000,40.000000,25.034000,25.034000,600,0.001667
553.000000,554,DY-SIN-001,DYNAMIC_SINUSOIDAL,45.274492,25.000000,UP,TRANSIENT,42.860000,39.800000,24.985000,24.985000,600,0.001667
554.000000,555,DY-SIN-001,DYNAMIC_SINUSOIDAL,45.367040,25.000000,UP,TRANSIENT,42.920000,40.800000,24.947000,24.947000,600,0.001667
555.000000,556,DY-SIN-001,DYNAMIC_SINUSOIDAL,45.460095,25.000000,UP,TRANSIENT,42.960000,40.300000,25.022000,25.022000,600,0.001667
556.000000,557,DY-SIN-001,DYNAMIC_SINUSOIDAL,45.553648,25.000000,UP,TRANSIENT,43.000000,40.400000,25.030000,25.030000,600,0.001667
557.000000,558,DY-SIN-001,DYNAMIC_SINUSOIDAL,45.647689,25.000000,UP,TRANSIENT,43.140000,40.900000,25.003000,25.003000,600,0.001667
558.000000,559,DY-SIN-001,DYNAMIC_SINUSOIDAL,45.742207,25.000000,UP,TRANSIENT,43.100000,40.800000,24.999000,24.999000,600,0.001667
559.000000,560,DY-SIN-001,DYNAMIC_SINUSOIDAL,45.837192,25.000000,UP,TRANSIENT,43.210000,40.900000,25.018000,25.018000,600,0.001667
560.000000,561,DY-SIN-001,DYNAMIC_SINUSOIDAL,45.932634,25.000000,UP,TRANSIENT,43.310000,40.300000,24.988000,24.988000,600,0.001667
561.000000,562,DY-SIN-001,DYNAMIC_SINUSOIDAL,46.028521,25.000000,UP,TRANSIENT,43.400000,40.400000,25.011000,25.011000,600,0.001667
562.000000,563,DY-SIN-001,DYNAMIC_SINUSOIDAL,46.124844,25.000000,UP,TRANSIENT,43.460000,40.700000,25.028000,25.028000,600,0.001667
563.000000,564,DY-SIN-001,DYNAMIC_SINUSOIDAL,46.221592,25.000000,UP,TRANSIENT,43.600000,40.700000,24.984000,24.984000,600,0.001667
564.000000,565,DY-SIN-001,DYNAMIC_SINUSOIDAL,46.318754,25.000000,UP,TRANSIENT,43.570000,40.600000,25.017000,25.017000,600,0.001667
565.000000,566,DY-SIN-001,DYNAMIC_SINUSOIDAL,46.416321,25.000000,UP,TRANSIENT,43.730000,40.800000,25.055000,25.055000,600,0.001667
566.000000,567,DY-SIN-001,DYNAMIC_SINUSOIDAL,46.514280,25.000000,UP,TRANSIENT,43.750000,40.900000,25.042000,25.042000,600,0.001667
567.000000,568,DY-SIN-001,DYNAMIC_SINUSOIDAL,46.612621,25.000000,UP,TRANSIENT,43.840000,40.800000,25.074000,25.074000,600,0.001667
568.000000,569,DY-SIN-001,DYNAMIC_SINUSOIDAL,46.711334,25.000000,UP,TRANSIENT,43.840000,41.200000,24.980000,24.980000,600,0.001667
569.000000,570,DY-SIN-001,DYNAMIC_SINUSOIDAL,46.810407,25.000000,UP,TRANSIENT,43.930000,41.400000,25.018000,25.018000,600,0.001667
570.000000,571,DY-SIN-001,DYNAMIC_SINUSOIDAL,46.909830,25.000000,UP,TRANSIENT,44.090000,40.800000,24.992000,24.992000,600,0.001667
571.000000,572,DY-SIN-001,DYNAMIC_SINUSOIDAL,47.009592,25.000000,UP,TRANSIENT,44.190000,40.900000,25.031000,25.031000,600,0.001667
572.000000,573,DY-SIN-001,DYNAMIC_SINUSOIDAL,47.109682,25.000000,UP,TRANSIENT,44.230000,41.400000,24.983000,24.983000,600,0.001667
573.000000,574,DY-SIN-001,DYNAMIC_SINUSOIDAL,47.210089,25.000000,UP,TRANSIENT,44.300000,41.100000,25.005000,25.005000,600,0.001667
574.000000,575,DY-SIN-001,DYNAMIC_SINUSOIDAL,47.310802,25.000000,UP,TRANSIENT,44.410000,41.000000,25.001000,25.001000,600,0.001667
575.000000,576,DY-SIN-001,DYNAMIC_SINUSOIDAL,47.411810,25.000000,UP,TRANSIENT,44.450000,41.200000,25.079000,25.079000,600,0.001667
576.000000,577,DY-SIN-001,DYNAMIC_SINUSOIDAL,47.513101,25.000000,UP,TRANSIENT,44.510000,41.100000,25.039000,25.039000,600,0.001667
577.000000,578,DY-SIN-001,DYNAMIC_SINUSOIDAL,47.614665,25.000000,UP,TRANSIENT,44.640000,41.400000,25.026000,25.026000,600,0.001667
578.000000,579,DY-SIN-001,DYNAMIC_SINUSOIDAL,47.716491,25.000000,UP,TRANSIENT,44.750000,41.800000,25.066000,25.066000,600,0.001667
579.000000,580,DY-SIN-001,DYNAMIC_SINUSOIDAL,47.818568,25.000000,UP,TRANSIENT,44.860000,41.100000,25.019000,25.019000,600,0.001667
580.000000,581,DY-SIN-001,DYNAMIC_SINUSOIDAL,47.920883,25.000000,UP,TRANSIENT,44.870000,41.600000,24.987000,24.987000,600,0.001667
581.000000,582,DY-SIN-001,DYNAMIC_SINUSOIDAL,48.023427,25.000000,UP,TRANSIENT,44.990000,41.900000,25.004000,25.004000,600,0.001667
582.000000,583,DY-SIN-001,DYNAMIC_SINUSOIDAL,48.126187,25.000000,UP,TRANSIENT,45.140000,42.200000,25.048000,25.048000,600,0.001667
583.000000,584,DY-SIN-001,DYNAMIC_SINUSOIDAL,48.229153,25.000000,UP,TRANSIENT,45.180000,41.600000,25.066000,25.066000,600,0.001667
584.000000,585,DY-SIN-001,DYNAMIC_SINUSOIDAL,48.332313,25.000000,UP,TRANSIENT,45.170000,42.100000,24.979000,24.979000,600,0.001667
585.000000,586,DY-SIN-001,DYNAMIC_SINUSOIDAL,48.435655,25.000000,UP,TRANSIENT,45.220000,42.300000,25.099000,25.099000,600,0.001667
586.000000,587,DY-SIN-001,DYNAMIC_SINUSOIDAL,48.539170,25.000000,UP,TRANSIENT,45.360000,41.900000,25.047000,25.047000,600,0.001667
587.000000,588,DY-SIN-001,DYNAMIC_SINUSOIDAL,48.642844,25.000000,UP,TRANSIENT,45.470000,42.000000,25.000000,25.000000,600,0.001667
588.000000,589,DY-SIN-001,DYNAMIC_SINUSOIDAL,48.746668,25.000000,UP,TRANSIENT,45.580000,42.700000,25.012000,25.012000,600,0.001667
589.000000,590,DY-SIN-001,DYNAMIC_SINUSOIDAL,48.850628,25.000000,UP,TRANSIENT,45.590000,42.700000,25.000000,25.000000,600,0.001667
590.000000,591,DY-SIN-001,DYNAMIC_SINUSOIDAL,48.954715,25.000000,UP,TRANSIENT,45.750000,42.300000,25.026000,25.026000,600,0.001667
591.000000,592,DY-SIN-001,DYNAMIC_SINUSOIDAL,49.058917,25.000000,UP,TRANSIENT,45.860000,42.500000,25.067000,25.067000,600,0.001667
592.000000,593,DY-SIN-001,DYNAMIC_SINUSOIDAL,49.163222,25.000000,UP,TRANSIENT,45.900000,42.600000,25.013000,25.013000,600,0.001667
593.000000,594,DY-SIN-001,DYNAMIC_SINUSOIDAL,49.267618,25.000000,UP,TRANSIENT,45.990000,42.100000,25.040000,25.040000,600,0.001667
594.000000,595,DY-SIN-001,DYNAMIC_SINUSOIDAL,49.372095,25.000000,UP,TRANSIENT,46.100000,42.600000,25.020000,25.020000,600,0.001667
595.000000,596,DY-SIN-001,DYNAMIC_SINUSOIDAL,49.476640,25.000000,UP,TRANSIENT,46.170000,42.600000,24.986000,24.986000,600,0.001667
596.000000,597,DY-SIN-001,DYNAMIC_SINUSOIDAL,49.581243,25.000000,UP,TRANSIENT,46.260000,43.000000,25.002000,25.002000,600,0.001667
597.000000,598,DY-SIN-001,DYNAMIC_SINUSOIDAL,49.685892,25.000000,UP,TRANSIENT,46.290000,42.500000,24.992000,24.992000,600,0.001667
598.000000,599,DY-SIN-001,DYNAMIC_SINUSOIDAL,49.790576,25.000000,UP,TRANSIENT,46.360000,43.000000,25.012000,25.012000,600,0.001667
599.000000,600,DY-SIN-001,DYNAMIC_SINUSOIDAL,49.895282,25.000000,UP,TRANSIENT,46.450000,43.200000,25.012000,25.012000,600,0.001667
600.000000,601,DY-SIN-001,DYNAMIC_SINUSOIDAL,50.000000,25.000000,UP,TRANSIENT,46.520000,43.300000,24.967000,24.967000,600,0.001667
601.000000,602,DY-SIN-001,DYNAMIC_SINUSOIDAL,50.104718,25.000000,UP,TRANSIENT,46.600000,43.300000,25.037000,25.037000,600,0.001667
602.000000,603,DY-SIN-001,DYNAMIC_SINUSOIDAL,50.209424,25.000000,UP,TRANSIENT,46.780000,42.900000,24.979000,24.979000,600,0.001667
603.000000,604,DY-SIN-001,DYNAMIC_SINUSOIDAL,50.314108,25.000000,UP,TRANSIENT,46.780000,43.700000,25.050000,25.050000,600,0.001667
604.000000,605,DY-SIN-001,DYNAMIC_SINUSOIDAL,50.418757,25.000000,UP,TRANSIENT,46.900000,43.200000,24.999000,24.999000,600,0.001667
605.000000,606,DY-SIN-001,DYNAMIC_SINUSOIDAL,50.523360,25.000000,UP,TRANSIENT,46.990000,43.800000,24.989000,24.989000,600,0.001667
606.000000,607,DY-SIN-001,DYNAMIC_SINUSOIDAL,50.627905,25.000000,UP,TRANSIENT,47.140000,43.500000,25.056000,25.056000,600,0.001667
607.000000,608,DY-SIN-001,DYNAMIC_SINUSOIDAL,50.732382,25.000000,UP,TRANSIENT,47.150000,44.000000,24.941000,24.941000,600,0.001667
608.000000,609,DY-SIN-001,DYNAMIC_SINUSOIDAL,50.836778,25.000000,UP,TRANSIENT,47.260000,43.700000,25.068000,25.068000,600,0.001667
609.000000,610,DY-SIN-001,DYNAMIC_SINUSOIDAL,50.941083,25.000000,UP,TRANSIENT,47.460000,43.800000,25.062000,25.062000,600,0.001667
610.000000,611,DY-SIN-001,DYNAMIC_SINUSOIDAL,51.045285,25.000000,UP,TRANSIENT,47.520000,43.900000,25.006000,25.006000,600,0.001667
611.000000,612,DY-SIN-001,DYNAMIC_SINUSOIDAL,51.149372,25.000000,UP,TRANSIENT,47.680000,43.700000,25.067000,25.067000,600,0.001667
612.000000,613,DY-SIN-001,DYNAMIC_SINUSOIDAL,51.253332,25.000000,UP,TRANSIENT,47.650000,43.500000,25.020000,25.020000,600,0.001667
613.000000,614,DY-SIN-001,DYNAMIC_SINUSOIDAL,51.357156,25.000000,UP,TRANSIENT,47.840000,44.300000,25.028000,25.028000,600,0.001667
614.000000,615,DY-SIN-001,DYNAMIC_SINUSOIDAL,51.460830,25.000000,UP,TRANSIENT,47.880000,44.000000,25.008000,25.008000,600,0.001667
615.000000,616,DY-SIN-001,DYNAMIC_SINUSOIDAL,51.564345,25.000000,UP,TRANSIENT,47.990000,44.200000,25.036000,25.036000,600,0.001667
616.000000,617,DY-SIN-001,DYNAMIC_SINUSOIDAL,51.667687,25.000000,UP,TRANSIENT,48.030000,44.400000,25.004000,25.004000,600,0.001667
617.000000,618,DY-SIN-001,DYNAMIC_SINUSOIDAL,51.770847,25.000000,UP,TRANSIENT,48.140000,44.600000,24.945000,24.945000,600,0.001667
618.000000,619,DY-SIN-001,DYNAMIC_SINUSOIDAL,51.873813,25.000000,UP,TRANSIENT,48.310000,44.600000,25.025000,25.025000,600,0.001667
619.000000,620,DY-SIN-001,DYNAMIC_SINUSOIDAL,51.976573,25.000000,UP,TRANSIENT,48.380000,44.500000,25.022000,25.022000,600,0.001667
620.000000,621,DY-SIN-001,DYNAMIC_SINUSOIDAL,52.079117,25.000000,UP,TRANSIENT,48.410000,44.500000,25.039000,25.039000,600,0.001667
621.000000,622,DY-SIN-001,DYNAMIC_SINUSOIDAL,52.181432,25.000000,UP,TRANSIENT,48.500000,44.900000,25.074000,25.074000,600,0.001667
622.000000,623,DY-SIN-001,DYNAMIC_SINUSOIDAL,52.283509,25.000000,UP,TRANSIENT,48.680000,45.000000,25.020000,25.020000,600,0.001667
623.000000,624,DY-SIN-001,DYNAMIC_SINUSOIDAL,52.385335,25.000000,UP,TRANSIENT,48.790000,44.900000,25.054000,25.054000,600,0.001667
624.000000,625,DY-SIN-001,DYNAMIC_SINUSOIDAL,52.486899,25.000000,UP,TRANSIENT,48.820000,45.000000,25.061000,25.061000,600,0.001667
625.000000,626,DY-SIN-001,DYNAMIC_SINUSOIDAL,52.588190,25.000000,UP,TRANSIENT,49.010000,44.900000,25.001000,25.001000,600,0.001667
626.000000,627,DY-SIN-001,DYNAMIC_SINUSOIDAL,52.689198,25.000000,UP,TRANSIENT,49.100000,45.400000,24.950000,24.950000,600,0.001667
627.000000,628,DY-SIN-001,DYNAMIC_SINUSOIDAL,52.789911,25.000000,UP,TRANSIENT,49.160000,44.900000,25.055000,25.055000,600,0.001667
628.000000,629,DY-SIN-001,DYNAMIC_SINUSOIDAL,52.890318,25.000000,UP,TRANSIENT,49.230000,45.500000,25.022000,25.022000,600,0.001667
629.000000,630,DY-SIN-001,DYNAMIC_SINUSOIDAL,52.990408,25.000000,UP,TRANSIENT,49.370000,45.300000,24.980000,24.980000,600,0.001667
630.000000,631,DY-SIN-001,DYNAMIC_SINUSOIDAL,53.090170,25.000000,UP,TRANSIENT,49.470000,45.200000,25.040000,25.040000,600,0.001667
631.000000,632,DY-SIN-001,DYNAMIC_SINUSOIDAL,53.189593,25.000000,UP,TRANSIENT,49.580000,46.000000,25.006000,25.006000,600,0.001667
632.000000,633,DY-SIN-001,DYNAMIC_SINUSOIDAL,53.288666,25.000000,UP,TRANSIENT,49.640000,45.700000,24.946000,24.946000,600,0.001667
633.000000,634,DY-SIN-001,DYNAMIC_SINUSOIDAL,53.387379,25.000000,UP,TRANSIENT,49.710000,45.900000,25.014000,25.014000,600,0.001667
634.000000,635,DY-SIN-001,DYNAMIC_SINUSOIDAL,53.485720,25.000000,UP,TRANSIENT,49.860000,46.000000,24.998000,24.998000,600,0.001667
635.000000,636,DY-SIN-001,DYNAMIC_SINUSOIDAL,53.583679,25.000000,UP,TRANSIENT,49.910000,46.100000,24.994000,24.994000,600,0.001667
636.000000,637,DY-SIN-001,DYNAMIC_SINUSOIDAL,53.681246,25.000000,UP,TRANSIENT,49.960000,45.900000,24.990000,24.990000,600,0.001667
637.000000,638,DY-SIN-001,DYNAMIC_SINUSOIDAL,53.778408,25.000000,UP,TRANSIENT,50.130000,46.600000,25.012000,25.012000,600,0.001667
638.000000,639,DY-SIN-001,DYNAMIC_SINUSOIDAL,53.875156,25.000000,UP,TRANSIENT,50.220000,46.100000,25.003000,25.003000,600,0.001667
639.000000,640,DY-SIN-001,DYNAMIC_SINUSOIDAL,53.971479,25.000000,UP,TRANSIENT,50.310000,46.400000,25.040000,25.040000,600,0.001667
640.000000,641,DY-SIN-001,DYNAMIC_SINUSOIDAL,54.067366,25.000000,UP,TRANSIENT,50.450000,46.300000,25.045000,25.045000,600,0.001667
641.000000,642,DY-SIN-001,DYNAMIC_SINUSOIDAL,54.162808,25.000000,UP,TRANSIENT,50.590000,46.400000,25.081000,25.081000,600,0.001667
642.000000,643,DY-SIN-001,DYNAMIC_SINUSOIDAL,54.257793,25.000000,UP,TRANSIENT,50.680000,46.600000,25.012000,25.012000,600,0.001667
643.000000,644,DY-SIN-001,DYNAMIC_SINUSOIDAL,54.352311,25.000000,UP,TRANSIENT,50.720000,46.200000,25.060000,25.060000,600,0.001667
644.000000,645,DY-SIN-001,DYNAMIC_SINUSOIDAL,54.446352,25.000000,UP,TRANSIENT,50.850000,46.600000,24.996000,24.996000,600,0.001667
645.000000,646,DY-SIN-001,DYNAMIC_SINUSOIDAL,54.539905,25.000000,UP,TRANSIENT,50.920000,47.000000,25.041000,25.041000,600,0.001667
646.000000,647,DY-SIN-001,DYNAMIC_SINUSOIDAL,54.632960,25.000000,UP,TRANSIENT,51.050000,46.700000,24.997000,24.997000,600,0.001667
647.000000,648,DY-SIN-001,DYNAMIC_SINUSOIDAL,54.725508,25.000000,UP,TRANSIENT,51.160000,47.200000,24.989000,24.989000,600,0.001667
648.000000,649,DY-SIN-001,DYNAMIC_SINUSOIDAL,54.817537,25.000000,UP,TRANSIENT,51.180000,47.500000,25.052000,25.052000,600,0.001667
649.000000,650,DY-SIN-001,DYNAMIC_SINUSOIDAL,54.909038,25.000000,UP,TRANSIENT,51.270000,47.100000,24.969000,24.969000,600,0.001667
650.000000,651,DY-SIN-001,DYNAMIC_SINUSOIDAL,55.000000,25.000000,UP,TRANSIENT,51.470000,48.000000,25.012000,25.012000,600,0.001667
651.000000,652,DY-SIN-001,DYNAMIC_SINUSOIDAL,55.090414,25.000000,UP,TRANSIENT,51.480000,47.400000,25.026000,25.026000,600,0.001667
652.000000,653,DY-SIN-001,DYNAMIC_SINUSOIDAL,55.180270,25.000000,UP,TRANSIENT,51.560000,47.600000,25.016000,25.016000,600,0.001667
653.000000,654,DY-SIN-001,DYNAMIC_SINUSOIDAL,55.269558,25.000000,UP,TRANSIENT,51.710000,47.400000,25.013000,25.013000,600,0.001667
654.000000,655,DY-SIN-001,DYNAMIC_SINUSOIDAL,55.358268,25.000000,UP,TRANSIENT,51.780000,47.600000,24.954000,24.954000,600,0.001667
655.000000,656,DY-SIN-001,DYNAMIC_SINUSOIDAL,55.446390,25.000000,UP,TRANSIENT,51.840000,48.000000,24.973000,24.973000,600,0.001667
656.000000,657,DY-SIN-001,DYNAMIC_SINUSOIDAL,55.533915,25.000000,UP,TRANSIENT,51.930000,47.600000,25.038000,25.038000,600,0.001667
657.000000,658,DY-SIN-001,DYNAMIC_SINUSOIDAL,55.620834,25.000000,UP,TRANSIENT,52.040000,48.100000,25.035000,25.035000,600,0.001667
658.000000,659,DY-SIN-001,DYNAMIC_SINUSOIDAL,55.707136,25.000000,UP,TRANSIENT,52.190000,48.000000,25.016000,25.016000,600,0.001667
659.000000,660,DY-SIN-001,DYNAMIC_SINUSOIDAL,55.792812,25.000000,UP,TRANSIENT,52.320000,48.000000,25.032000,25.032000,600,0.001667
660.000000,661,DY-SIN-001,DYNAMIC_SINUSOIDAL,55.877853,25.000000,UP,TRANSIENT,52.410000,48.100000,25.014000,25.014000,600,0.001667
661.000000,662,DY-SIN-001,DYNAMIC_SINUSOIDAL,55.962249,25.000000,UP,TRANSIENT,52.530000,48.100000,24.993000,24.993000,600,0.001667
662.000000,663,DY-SIN-001,DYNAMIC_SINUSOIDAL,56.045991,25.000000,UP,TRANSIENT,52.550000,48.200000,25.026000,25.026000,600,0.001667
663.000000,664,DY-SIN-001,DYNAMIC_SINUSOIDAL,56.129071,25.000000,UP,TRANSIENT,52.680000,48.700000,25.018000,25.018000,600,0.001667
664.000000,665,DY-SIN-001,DYNAMIC_SINUSOIDAL,56.211478,25.000000,UP,TRANSIENT,52.830000,48.700000,25.026000,25.026000,600,0.001667
665.000000,666,DY-SIN-001,DYNAMIC_SINUSOIDAL,56.293204,25.000000,UP,TRANSIENT,52.790000,48.800000,24.982000,24.982000,600,0.001667
666.000000,667,DY-SIN-001,DYNAMIC_SINUSOIDAL,56.374240,25.000000,UP,TRANSIENT,52.940000,48.600000,25.002000,25.002000,600,0.001667
667.000000,668,DY-SIN-001,DYNAMIC_SINUSOIDAL,56.454577,25.000000,UP,TRANSIENT,53.070000,49.200000,25.012000,25.012000,600,0.001667
668.000000,669,DY-SIN-001,DYNAMIC_SINUSOIDAL,56.534206,25.000000,UP,TRANSIENT,53.130000,49.300000,24.990000,24.990000,600,0.001667
669.000000,670,DY-SIN-001,DYNAMIC_SINUSOIDAL,56.613119,25.000000,UP,TRANSIENT,53.220000,48.800000,24.980000,24.980000,600,0.001667
670.000000,671,DY-SIN-001,DYNAMIC_SINUSOIDAL,56.691306,25.000000,UP,TRANSIENT,53.270000,49.700000,25.015000,25.015000,600,0.001667
671.000000,672,DY-SIN-001,DYNAMIC_SINUSOIDAL,56.768760,25.000000,UP,TRANSIENT,53.400000,48.900000,25.013000,25.013000,600,0.001667
672.000000,673,DY-SIN-001,DYNAMIC_SINUSOIDAL,56.845471,25.000000,UP,TRANSIENT,53.460000,49.500000,25.059000,25.059000,600,0.001667
673.000000,674,DY-SIN-001,DYNAMIC_SINUSOIDAL,56.921432,25.000000,UP,TRANSIENT,53.660000,49.500000,24.997000,24.997000,600,0.001667
674.000000,675,DY-SIN-001,DYNAMIC_SINUSOIDAL,56.996633,25.000000,UP,TRANSIENT,53.730000,49.200000,24.974000,24.974000,600,0.001667
675.000000,676,DY-SIN-001,DYNAMIC_SINUSOIDAL,57.071068,25.000000,UP,TRANSIENT,53.920000,49.300000,25.001000,25.001000,600,0.001667
676.000000,677,DY-SIN-001,DYNAMIC_SINUSOIDAL,57.144727,25.000000,UP,TRANSIENT,53.900000,49.800000,25.000000,25.000000,600,0.001667
677.000000,678,DY-SIN-001,DYNAMIC_SINUSOIDAL,57.217602,25.000000,UP,TRANSIENT,54.030000,50.100000,25.043000,25.043000,600,0.001667
678.000000,679,DY-SIN-001,DYNAMIC_SINUSOIDAL,57.289686,25.000000,UP,TRANSIENT,54.090000,50.000000,25.106000,25.106000,600,0.001667
679.000000,680,DY-SIN-001,DYNAMIC_SINUSOIDAL,57.360971,25.000000,UP,TRANSIENT,54.210000,50.100000,24.994000,24.994000,600,0.001667
680.000000,681,DY-SIN-001,DYNAMIC_SINUSOIDAL,57.431448,25.000000,UP,TRANSIENT,54.340000,50.500000,24.999000,24.999000,600,0.001667
681.000000,682,DY-SIN-001,DYNAMIC_SINUSOIDAL,57.501111,25.000000,UP,TRANSIENT,54.340000,50.500000,24.979000,24.979000,600,0.001667
682.000000,683,DY-SIN-001,DYNAMIC_SINUSOIDAL,57.569951,25.000000,UP,TRANSIENT,54.410000,50.700000,25.065000,25.065000,600,0.001667
683.000000,684,DY-SIN-001,DYNAMIC_SINUSOIDAL,57.637960,25.000000,UP,TRANSIENT,54.520000,50.300000,25.042000,25.042000,600,0.001667
684.000000,685,DY-SIN-001,DYNAMIC_SINUSOIDAL,57.705132,25.000000,UP,TRANSIENT,54.540000,50.700000,25.063000,25.063000,600,0.001667
685.000000,686,DY-SIN-001,DYNAMIC_SINUSOIDAL,57.771460,25.000000,UP,TRANSIENT,54.710000,50.500000,25.020000,25.020000,600,0.001667
686.000000,687,DY-SIN-001,DYNAMIC_SINUSOIDAL,57.836935,25.000000,UP,TRANSIENT,54.830000,50.900000,25.072000,25.072000,600,0.001667
687.000000,688,DY-SIN-001,DYNAMIC_SINUSOIDAL,57.901550,25.000000,UP,TRANSIENT,54.900000,51.300000,25.028000,25.028000,600,0.001667
688.000000,689,DY-SIN-001,DYNAMIC_SINUSOIDAL,57.965299,25.000000,UP,TRANSIENT,54.920000,50.600000,25.016000,25.016000,600,0.001667
689.000000,690,DY-SIN-001,DYNAMIC_SINUSOIDAL,58.028175,25.000000,UP,TRANSIENT,55.050000,51.400000,25.025000,25.025000,600,0.001667
690.000000,691,DY-SIN-001,DYNAMIC_SINUSOIDAL,58.090170,25.000000,UP,TRANSIENT,55.140000,51.200000,24.968000,24.968000,600,0.001667
691.000000,692,DY-SIN-001,DYNAMIC_SINUSOIDAL,58.151278,25.000000,UP,TRANSIENT,55.160000,51.000000,25.030000,25.030000,600,0.001667
692.000000,693,DY-SIN-001,DYNAMIC_SINUSOIDAL,58.211492,25.000000,UP,TRANSIENT,55.270000,51.500000,25.031000,25.031000,600,0.001667
693.000000,694,DY-SIN-001,DYNAMIC_SINUSOIDAL,58.270806,25.000000,UP,TRANSIENT,55.300000,51.000000,25.005000,25.005000,600,0.001667
694.000000,695,DY-SIN-001,DYNAMIC_SINUSOIDAL,58.329212,25.000000,UP,TRANSIENT,55.460000,51.200000,25.059000,25.059000,600,0.001667
695.000000,696,DY-SIN-001,DYNAMIC_SINUSOIDAL,58.386706,25.000000,UP,TRANSIENT,55.510000,51.900000,24.985000,24.985000,600,0.001667
696.000000,697,DY-SIN-001,DYNAMIC_SINUSOIDAL,58.443279,25.000000,UP,TRANSIENT,55.660000,51.000000,25.003000,25.003000,600,0.001667
697.000000,698,DY-SIN-001,DYNAMIC_SINUSOIDAL,58.498927,25.000000,UP,TRANSIENT,55.660000,52.000000,25.058000,25.058000,600,0.001667
698.000000,699,DY-SIN-001,DYNAMIC_SINUSOIDAL,58.553643,25.000000,UP,TRANSIENT,55.800000,51.700000,25.013000,25.013000,600,0.001667
699.000000,700,DY-SIN-001,DYNAMIC_SINUSOIDAL,58.607420,25.000000,UP,TRANSIENT,55.820000,52.100000,24.951000,24.951000,600,0.001667
700.000000,701,DY-SIN-001,DYNAMIC_SINUSOIDAL,58.660254,25.000000,UP,TRANSIENT,55.880000,51.600000,25.042000,25.042000,600,0.001667
701.000000,702,DY-SIN-001,DYNAMIC_SINUSOIDAL,58.712138,25.000000,UP,TRANSIENT,55.940000,51.700000,25.052000,25.052000,600,0.001667
702.000000,703,DY-SIN-001,DYNAMIC_SINUSOIDAL,58.763067,25.000000,UP,TRANSIENT,56.050000,52.400000,25.018000,25.018000,600,0.001667
703.000000,704,DY-SIN-001,DYNAMIC_SINUSOIDAL,58.813035,25.000000,UP,TRANSIENT,56.190000,51.900000,24.976000,24.976000,600,0.001667
704.000000,705,DY-SIN-001,DYNAMIC_SINUSOIDAL,58.862036,25.000000,UP,TRANSIENT,56.280000,52.300000,25.036000,25.036000,600,0.001667
705.000000,706,DY-SIN-001,DYNAMIC_SINUSOIDAL,58.910065,25.000000,UP,TRANSIENT,56.390000,52.600000,24.979000,24.979000,600,0.001667
706.000000,707,DY-SIN-001,DYNAMIC_SINUSOIDAL,58.957118,25.000000,UP,TRANSIENT,56.420000,52.800000,25.060000,25.060000,600,0.001667
707.000000,708,DY-SIN-001,DYNAMIC_SINUSOIDAL,59.003188,25.000000,UP,TRANSIENT,56.470000,53.000000,25.015000,25.015000,600,0.001667
708.000000,709,DY-SIN-001,DYNAMIC_SINUSOIDAL,59.048271,25.000000,UP,TRANSIENT,56.590000,52.800000,25.025000,25.025000,600,0.001667
709.000000,710,DY-SIN-001,DYNAMIC_SINUSOIDAL,59.092361,25.000000,UP,TRANSIENT,56.570000,53.200000,25.054000,25.054000,600,0.001667
710.000000,711,DY-SIN-001,DYNAMIC_SINUSOIDAL,59.135455,25.000000,UP,TRANSIENT,56.670000,52.800000,25.015000,25.015000,600,0.001667
711.000000,712,DY-SIN-001,DYNAMIC_SINUSOIDAL,59.177546,25.000000,UP,TRANSIENT,56.770000,52.700000,25.022000,25.022000,600,0.001667
712.000000,713,DY-SIN-001,DYNAMIC_SINUSOIDAL,59.218632,25.000000,UP,TRANSIENT,56.890000,53.000000,25.029000,25.029000,600,0.001667
713.000000,714,DY-SIN-001,DYNAMIC_SINUSOIDAL,59.258706,25.000000,UP,TRANSIENT,56.820000,52.500000,25.026000,25.026000,600,0.001667
714.000000,715,DY-SIN-001,DYNAMIC_SINUSOIDAL,59.297765,25.000000,UP,TRANSIENT,57.040000,53.100000,25.016000,25.016000,600,0.001667
715.000000,716,DY-SIN-001,DYNAMIC_SINUSOIDAL,59.335804,25.000000,UP,TRANSIENT,57.060000,53.700000,25.054000,25.054000,600,0.001667
716.000000,717,DY-SIN-001,DYNAMIC_SINUSOIDAL,59.372820,25.000000,UP,TRANSIENT,57.150000,53.300000,25.058000,25.058000,600,0.001667
717.000000,718,DY-SIN-001,DYNAMIC_SINUSOIDAL,59.408808,25.000000,UP,TRANSIENT,57.300000,53.300000,24.993000,24.993000,600,0.001667
718.000000,719,DY-SIN-001,DYNAMIC_SINUSOIDAL,59.443764,25.000000,UP,TRANSIENT,57.270000,53.500000,25.023000,25.023000,600,0.001667
719.000000,720,DY-SIN-001,DYNAMIC_SINUSOIDAL,59.477684,25.000000,UP,TRANSIENT,57.400000,53.500000,25.012000,25.012000,600,0.001667
720.000000,721,DY-SIN-001,DYNAMIC_SINUSOIDAL,59.510565,25.000000,UP,TRANSIENT,57.400000,53.600000,25.021000,25.021000,600,0.001667
721.000000,722,DY-SIN-001,DYNAMIC_SINUSOIDAL,59.542403,25.000000,UP,TRANSIENT,57.570000,53.600000,24.998000,24.998000,600,0.001667
722.000000,723,DY-SIN-001,DYNAMIC_SINUSOIDAL,59.573195,25.000000,UP,TRANSIENT,57.580000,53.700000,25.052000,25.052000,600,0.001667
723.000000,724,DY-SIN-001,DYNAMIC_SINUSOIDAL,59.602937,25.000000,UP,TRANSIENT,57.650000,53.800000,24.993000,24.993000,600,0.001667
724.000000,725,DY-SIN-001,DYNAMIC_SINUSOIDAL,59.631626,25.000000,UP,TRANSIENT,57.690000,54.100000,25.010000,25.010000,600,0.001667
725.000000,726,DY-SIN-001,DYNAMIC_SINUSOIDAL,59.659258,25.000000,UP,TRANSIENT,57.660000,54.000000,25.018000,25.018000,600,0.001667
726.000000,727,DY-SIN-001,DYNAMIC_SINUSOIDAL,59.685832,25.000000,UP,TRANSIENT,57.840000,54.000000,25.024000,25.024000,600,0.001667
727.000000,728,DY-SIN-001,DYNAMIC_SINUSOIDAL,59.711343,25.000000,UP,TRANSIENT,57.890000,54.800000,25.103000,25.103000,600,0.001667
728.000000,729,DY-SIN-001,DYNAMIC_SINUSOIDAL,59.735789,25.000000,UP,TRANSIENT,57.840000,54.900000,25.016000,25.016000,600,0.001667
729.000000,730,DY-SIN-001,DYNAMIC_SINUSOIDAL,59.759168,25.000000,UP,TRANSIENT,57.950000,54.300000,25.048000,25.048000,600,0.001667
730.000000,731,DY-SIN-001,DYNAMIC_SINUSOIDAL,59.781476,25.000000,UP,TRANSIENT,57.930000,54.400000,25.047000,25.047000,600,0.001667
731.000000,732,DY-SIN-001,DYNAMIC_SINUSOIDAL,59.802712,25.000000,UP,TRANSIENT,57.970000,54.700000,25.084000,25.084000,600,0.001667
732.000000,733,DY-SIN-001,DYNAMIC_SINUSOIDAL,59.822873,25.000000,UP,TRANSIENT,58.090000,54.800000,25.042000,25.042000,600,0.001667
733.000000,734,DY-SIN-001,DYNAMIC_SINUSOIDAL,59.841956,25.000000,UP,TRANSIENT,58.180000,54.900000,25.060000,25.060000,600,0.001667
734.000000,735,DY-SIN-001,DYNAMIC_SINUSOIDAL,59.859960,25.000000,UP,TRANSIENT,58.220000,55.100000,25.030000,25.030000,600,0.001667
735.000000,736,DY-SIN-001,DYNAMIC_SINUSOIDAL,59.876883,25.000000,UP,TRANSIENT,58.280000,55.400000,24.991000,24.991000,600,0.001667
736.000000,737,DY-SIN-001,DYNAMIC_SINUSOIDAL,59.892723,25.000000,UP,TRANSIENT,58.420000,54.900000,25.062000,25.062000,600,0.001667
737.000000,738,DY-SIN-001,DYNAMIC_SINUSOIDAL,59.907478,25.000000,UP,TRANSIENT,58.420000,54.600000,24.999000,24.999000,600,0.001667
738.000000,739,DY-SIN-001,DYNAMIC_SINUSOIDAL,59.921147,25.000000,UP,TRANSIENT,58.450000,54.700000,25.027000,25.027000,600,0.001667
739.000000,740,DY-SIN-001,DYNAMIC_SINUSOIDAL,59.933728,25.000000,UP,TRANSIENT,58.420000,55.300000,24.976000,24.976000,600,0.001667
740.000000,741,DY-SIN-001,DYNAMIC_SINUSOIDAL,59.945219,25.000000,UP,TRANSIENT,58.590000,54.800000,25.012000,25.012000,600,0.001667
741.000000,742,DY-SIN-001,DYNAMIC_SINUSOIDAL,59.955620,25.000000,UP,TRANSIENT,58.580000,55.900000,24.997000,24.997000,600,0.001667
742.000000,743,DY-SIN-001,DYNAMIC_SINUSOIDAL,59.964929,25.000000,UP,TRANSIENT,58.700000,55.700000,25.021000,25.021000,600,0.001667
743.000000,744,DY-SIN-001,DYNAMIC_SINUSOIDAL,59.973145,25.000000,UP,TRANSIENT,58.690000,55.200000,25.092000,25.092000,600,0.001667
744.000000,745,DY-SIN-001,DYNAMIC_SINUSOIDAL,59.980267,25.000000,UP,TRANSIENT,58.730000,55.600000,25.041000,25.041000,600,0.001667
745.000000,746,DY-SIN-001,DYNAMIC_SINUSOIDAL,59.986295,25.000000,UP,TRANSIENT,58.730000,55.500000,25.025000,25.025000,600,0.001667
746.000000,747,DY-SIN-001,DYNAMIC_SINUSOIDAL,59.991228,25.000000,UP,TRANSIENT,58.790000,55.200000,25.021000,25.021000,600,0.001667
747.000000,748,DY-SIN-001,DYNAMIC_SINUSOIDAL,59.995066,25.000000,UP,TRANSIENT,58.810000,55.400000,25.030000,25.030000,600,0.001667
748.000000,749,DY-SIN-001,DYNAMIC_SINUSOIDAL,59.997807,25.000000,UP,TRANSIENT,58.900000,55.900000,24.968000,24.968000,600,0.001667
749.000000,750,DY-SIN-001,DYNAMIC_SINUSOIDAL,59.999452,25.000000,UP,TRANSIENT,58.950000,56.100000,25.033000,25.033000,600,0.001667
750.000000,751,DY-SIN-001,DYNAMIC_SINUSOIDAL,60.000000,25.000000,UP,TRANSIENT,58.930000,55.900000,25.040000,25.040000,600,0.001667
751.000000,752,DY-SIN-001,DYNAMIC_SINUSOIDAL,59.999452,25.000000,DOWN,TRANSIENT,58.980000,56.400000,24.991000,24.991000,600,0.001667
752.000000,753,DY-SIN-001,DYNAMIC_SINUSOIDAL,59.997807,25.000000,DOWN,TRANSIENT,59.020000,56.600000,25.063000,25.063000,600,0.001667
753.000000,754,DY-SIN-001,DYNAMIC_SINUSOIDAL,59.995066,25.000000,DOWN,TRANSIENT,59.140000,57.000000,24.988000,24.988000,600,0.001667
754.000000,755,DY-SIN-001,DYNAMIC_SINUSOIDAL,59.991228,25.000000,DOWN,TRANSIENT,59.120000,57.300000,25.040000,25.040000,600,0.001667
755.000000,756,DY-SIN-001,DYNAMIC_SINUSOIDAL,59.986295,25.000000,DOWN,TRANSIENT,59.200000,57.100000,25.017000,25.017000,600,0.001667
756.000000,757,DY-SIN-001,DYNAMIC_SINUSOIDAL,59.980267,25.000000,DOWN,TRANSIENT,59.260000,56.600000,24.976000,24.976000,600,0.001667
757.000000,758,DY-SIN-001,DYNAMIC_SINUSOIDAL,59.973145,25.000000,DOWN,TRANSIENT,59.260000,57.200000,25.001000,25.001000,600,0.001667
758.000000,759,DY-SIN-001,DYNAMIC_SINUSOIDAL,59.964929,25.000000,DOWN,TRANSIENT,59.330000,57.000000,25.016000,25.016000,600,0.001667
759.000000,760,DY-SIN-001,DYNAMIC_SINUSOIDAL,59.955620,25.000000,DOWN,TRANSIENT,59.400000,57.500000,25.066000,25.066000,600,0.001667
760.000000,761,DY-SIN-001,DYNAMIC_SINUSOIDAL,59.945219,25.000000,DOWN,TRANSIENT,59.360000,57.500000,24.990000,24.990000,600,0.001667
761.000000,762,DY-SIN-001,DYNAMIC_SINUSOIDAL,59.933728,25.000000,DOWN,TRANSIENT,59.390000,57.400000,24.996000,24.996000,600,0.001667
762.000000,763,DY-SIN-001,DYNAMIC_SINUSOIDAL,59.921147,25.000000,DOWN,TRANSIENT,59.370000,57.500000,25.009000,25.009000,600,0.001667
763.000000,764,DY-SIN-001,DYNAMIC_SINUSOIDAL,59.907478,25.000000,DOWN,TRANSIENT,59.340000,57.400000,25.044000,25.044000,600,0.001667
764.000000,765,DY-SIN-001,DYNAMIC_SINUSOIDAL,59.892723,25.000000,DOWN,TRANSIENT,59.430000,57.700000,25.001000,25.001000,600,0.001667
765.000000,766,DY-SIN-001,DYNAMIC_SINUSOIDAL,59.876883,25.000000,DOWN,TRANSIENT,59.520000,57.900000,24.963000,24.963000,600,0.001667
766.000000,767,DY-SIN-001,DYNAMIC_SINUSOIDAL,59.859960,25.000000,DOWN,TRANSIENT,59.480000,57.700000,25.002000,25.002000,600,0.001667
767.000000,768,DY-SIN-001,DYNAMIC_SINUSOIDAL,59.841956,25.000000,DOWN,TRANSIENT,59.550000,58.100000,25.024000,25.024000,600,0.001667
768.000000,769,DY-SIN-001,DYNAMIC_SINUSOIDAL,59.822873,25.000000,DOWN,TRANSIENT,59.500000,57.400000,24.997000,24.997000,600,0.001667
769.000000,770,DY-SIN-001,DYNAMIC_SINUSOIDAL,59.802712,25.000000,DOWN,TRANSIENT,59.590000,58.200000,25.065000,25.065000,600,0.001667
770.000000,771,DY-SIN-001,DYNAMIC_SINUSOIDAL,59.781476,25.000000,DOWN,TRANSIENT,59.570000,57.900000,25.026000,25.026000,600,0.001667
771.000000,772,DY-SIN-001,DYNAMIC_SINUSOIDAL,59.759168,25.000000,DOWN,TRANSIENT,59.580000,57.900000,25.014000,25.014000,600,0.001667
772.000000,773,DY-SIN-001,DYNAMIC_SINUSOIDAL,59.735789,25.000000,DOWN,TRANSIENT,59.610000,57.700000,24.994000,24.994000,600,0.001667
773.000000,774,DY-SIN-001,DYNAMIC_SINUSOIDAL,59.711343,25.000000,DOWN,TRANSIENT,59.630000,58.300000,25.005000,25.005000,600,0.001667
774.000000,775,DY-SIN-001,DYNAMIC_SINUSOIDAL,59.685832,25.000000,DOWN,TRANSIENT,59.670000,58.000000,25.015000,25.015000,600,0.001667
775.000000,776,DY-SIN-001,DYNAMIC_SINUSOIDAL,59.659258,25.000000,DOWN,TRANSIENT,59.660000,58.200000,25.033000,25.033000,600,0.001667
776.000000,777,DY-SIN-001,DYNAMIC_SINUSOIDAL,59.631626,25.000000,DOWN,TRANSIENT,59.630000,57.900000,25.032000,25.032000,600,0.001667
777.000000,778,DY-SIN-001,DYNAMIC_SINUSOIDAL,59.602937,25.000000,DOWN,TRANSIENT,59.640000,58.700000,24.989000,24.989000,600,0.001667
778.000000,779,DY-SIN-001,DYNAMIC_SINUSOIDAL,59.573195,25.000000,DOWN,TRANSIENT,59.640000,58.000000,25.001000,25.001000,600,0.001667
779.000000,780,DY-SIN-001,DYNAMIC_SINUSOIDAL,59.542403,25.000000,DOWN,TRANSIENT,59.650000,58.500000,24.989000,24.989000,600,0.001667
780.000000,781,DY-SIN-001,DYNAMIC_SINUSOIDAL,59.510565,25.000000,DOWN,TRANSIENT,59.630000,58.000000,25.001000,25.001000,600,0.001667
781.000000,782,DY-SIN-001,DYNAMIC_SINUSOIDAL,59.477684,25.000000,DOWN,TRANSIENT,59.610000,58.000000,24.987000,24.987000,600,0.001667
782.000000,783,DY-SIN-001,DYNAMIC_SINUSOIDAL,59.443764,25.000000,DOWN,TRANSIENT,59.650000,58.500000,25.031000,25.031000,600,0.001667
783.000000,784,DY-SIN-001,DYNAMIC_SINUSOIDAL,59.408808,25.000000,DOWN,TRANSIENT,59.800000,58.600000,25.011000,25.011000,600,0.001667
784.000000,785,DY-SIN-001,DYNAMIC_SINUSOIDAL,59.372820,25.000000,DOWN,TRANSIENT,59.700000,58.200000,24.964000,24.964000,600,0.001667
785.000000,786,DY-SIN-001,DYNAMIC_SINUSOIDAL,59.335804,25.000000,DOWN,TRANSIENT,59.730000,57.800000,25.081000,25.081000,600,0.001667
786.000000,787,DY-SIN-001,DYNAMIC_SINUSOIDAL,59.297765,25.000000,DOWN,TRANSIENT,59.640000,58.200000,25.045000,25.045000,600,0.001667
787.000000,788,DY-SIN-001,DYNAMIC_SINUSOIDAL,59.258706,25.000000,DOWN,TRANSIENT,59.670000,58.700000,25.065000,25.065000,600,0.001667
788.000000,789,DY-SIN-001,DYNAMIC_SINUSOIDAL,59.218632,25.000000,DOWN,TRANSIENT,59.640000,58.300000,25.025000,25.025000,600,0.001667
789.000000,790,DY-SIN-001,DYNAMIC_SINUSOIDAL,59.177546,25.000000,DOWN,TRANSIENT,59.650000,58.400000,25.002000,25.002000,600,0.001667
790.000000,791,DY-SIN-001,DYNAMIC_SINUSOIDAL,59.135455,25.000000,DOWN,TRANSIENT,59.660000,58.200000,25.003000,25.003000,600,0.001667
791.000000,792,DY-SIN-001,DYNAMIC_SINUSOIDAL,59.092361,25.000000,DOWN,TRANSIENT,59.690000,58.100000,25.027000,25.027000,600,0.001667
792.000000,793,DY-SIN-001,DYNAMIC_SINUSOIDAL,59.048271,25.000000,DOWN,TRANSIENT,59.650000,58.600000,25.042000,25.042000,600,0.001667
793.000000,794,DY-SIN-001,DYNAMIC_SINUSOIDAL,59.003188,25.000000,DOWN,TRANSIENT,59.710000,58.500000,24.997000,24.997000,600,0.001667
794.000000,795,DY-SIN-001,DYNAMIC_SINUSOIDAL,58.957118,25.000000,DOWN,TRANSIENT,59.660000,58.600000,24.999000,24.999000,600,0.001667
795.000000,796,DY-SIN-001,DYNAMIC_SINUSOIDAL,58.910065,25.000000,DOWN,TRANSIENT,59.690000,58.500000,25.081000,25.081000,600,0.001667
796.000000,797,DY-SIN-001,DYNAMIC_SINUSOIDAL,58.862036,25.000000,DOWN,TRANSIENT,59.660000,58.400000,24.946000,24.946000,600,0.001667
797.000000,798,DY-SIN-001,DYNAMIC_SINUSOIDAL,58.813035,25.000000,DOWN,TRANSIENT,59.600000,58.300000,25.036000,25.036000,600,0.001667
798.000000,799,DY-SIN-001,DYNAMIC_SINUSOIDAL,58.763067,25.000000,DOWN,TRANSIENT,59.620000,59.000000,25.031000,25.031000,600,0.001667
799.000000,800,DY-SIN-001,DYNAMIC_SINUSOIDAL,58.712138,25.000000,DOWN,TRANSIENT,59.650000,59.100000,25.008000,25.008000,600,0.001667
800.000000,801,DY-SIN-001,DYNAMIC_SINUSOIDAL,58.660254,25.000000,DOWN,TRANSIENT,59.570000,58.700000,24.978000,24.978000,600,0.001667
801.000000,802,DY-SIN-001,DYNAMIC_SINUSOIDAL,58.607420,25.000000,DOWN,TRANSIENT,59.590000,58.900000,25.037000,25.037000,600,0.001667
802.000000,803,DY-SIN-001,DYNAMIC_SINUSOIDAL,58.553643,25.000000,DOWN,TRANSIENT,59.610000,58.600000,25.074000,25.074000,600,0.001667
803.000000,804,DY-SIN-001,DYNAMIC_SINUSOIDAL,58.498927,25.000000,DOWN,TRANSIENT,59.560000,58.700000,24.991000,24.991000,600,0.001667
804.000000,805,DY-SIN-001,DYNAMIC_SINUSOIDAL,58.443279,25.000000,DOWN,TRANSIENT,59.540000,59.000000,24.980000,24.980000,600,0.001667
805.000000,806,DY-SIN-001,DYNAMIC_SINUSOIDAL,58.386706,25.000000,DOWN,TRANSIENT,59.570000,58.700000,25.056000,25.056000,600,0.001667
806.000000,807,DY-SIN-001,DYNAMIC_SINUSOIDAL,58.329212,25.000000,DOWN,TRANSIENT,59.540000,58.800000,25.004000,25.004000,600,0.001667
807.000000,808,DY-SIN-001,DYNAMIC_SINUSOIDAL,58.270806,25.000000,DOWN,TRANSIENT,59.550000,58.900000,25.047000,25.047000,600,0.001667
808.000000,809,DY-SIN-001,DYNAMIC_SINUSOIDAL,58.211492,25.000000,DOWN,TRANSIENT,59.460000,58.700000,25.044000,25.044000,600,0.001667
809.000000,810,DY-SIN-001,DYNAMIC_SINUSOIDAL,58.151278,25.000000,DOWN,TRANSIENT,59.470000,58.500000,25.062000,25.062000,600,0.001667
810.000000,811,DY-SIN-001,DYNAMIC_SINUSOIDAL,58.090170,25.000000,DOWN,TRANSIENT,59.410000,58.500000,24.983000,24.983000,600,0.001667
811.000000,812,DY-SIN-001,DYNAMIC_SINUSOIDAL,58.028175,25.000000,DOWN,TRANSIENT,59.400000,59.200000,24.957000,24.957000,600,0.001667
812.000000,813,DY-SIN-001,DYNAMIC_SINUSOIDAL,57.965299,25.000000,DOWN,TRANSIENT,59.420000,58.900000,24.992000,24.992000,600,0.001667
813.000000,814,DY-SIN-001,DYNAMIC_SINUSOIDAL,57.901550,25.000000,DOWN,TRANSIENT,59.300000,58.800000,24.969000,24.969000,600,0.001667
814.000000,815,DY-SIN-001,DYNAMIC_SINUSOIDAL,57.836935,25.000000,DOWN,TRANSIENT,59.300000,58.600000,24.985000,24.985000,600,0.001667
815.000000,816,DY-SIN-001,DYNAMIC_SINUSOIDAL,57.771460,25.000000,DOWN,TRANSIENT,59.310000,58.800000,24.995000,24.995000,600,0.001667
816.000000,817,DY-SIN-001,DYNAMIC_SINUSOIDAL,57.705132,25.000000,DOWN,TRANSIENT,59.240000,58.900000,25.049000,25.049000,600,0.001667
817.000000,818,DY-SIN-001,DYNAMIC_SINUSOIDAL,57.637960,25.000000,DOWN,TRANSIENT,59.190000,58.600000,25.032000,25.032000,600,0.001667
818.000000,819,DY-SIN-001,DYNAMIC_SINUSOIDAL,57.569951,25.000000,DOWN,TRANSIENT,59.220000,58.400000,25.039000,25.039000,600,0.001667
819.000000,820,DY-SIN-001,DYNAMIC_SINUSOIDAL,57.501111,25.000000,DOWN,TRANSIENT,59.160000,58.600000,24.991000,24.991000,600,0.001667
820.000000,821,DY-SIN-001,DYNAMIC_SINUSOIDAL,57.431448,25.000000,DOWN,TRANSIENT,59.140000,58.500000,25.017000,25.017000,600,0.001667
821.000000,822,DY-SIN-001,DYNAMIC_SINUSOIDAL,57.360971,25.000000,DOWN,TRANSIENT,59.020000,58.800000,25.022000,25.022000,600,0.001667
822.000000,823,DY-SIN-001,DYNAMIC_SINUSOIDAL,57.289686,25.000000,DOWN,TRANSIENT,59.090000,58.900000,25.031000,25.031000,600,0.001667
823.000000,824,DY-SIN-001,DYNAMIC_SINUSOIDAL,57.217602,25.000000,DOWN,TRANSIENT,59.050000,58.400000,25.047000,25.047000,600,0.001667
824.000000,825,DY-SIN-001,DYNAMIC_SINUSOIDAL,57.144727,25.000000,DOWN,TRANSIENT,58.990000,58.900000,25.004000,25.004000,600,0.001667
825.000000,826,DY-SIN-001,DYNAMIC_SINUSOIDAL,57.071068,25.000000,DOWN,TRANSIENT,58.920000,59.200000,24.980000,24.980000,600,0.001667
826.000000,827,DY-SIN-001,DYNAMIC_SINUSOIDAL,56.996633,25.000000,DOWN,TRANSIENT,58.940000,58.600000,25.020000,25.020000,600,0.001667
827.000000,828,DY-SIN-001,DYNAMIC_SINUSOIDAL,56.921432,25.000000,DOWN,TRANSIENT,58.970000,58.800000,25.014000,25.014000,600,0.001667
828.000000,829,DY-SIN-001,DYNAMIC_SINUSOIDAL,56.845471,25.000000,DOWN,TRANSIENT,58.830000,58.400000,25.060000,25.060000,600,0.001667
829.000000,830,DY-SIN-001,DYNAMIC_SINUSOIDAL,56.768760,25.000000,DOWN,TRANSIENT,58.800000,58.800000,25.010000,25.010000,600,0.001667
830.000000,831,DY-SIN-001,DYNAMIC_SINUSOIDAL,56.691306,25.000000,DOWN,TRANSIENT,58.750000,58.600000,25.044000,25.044000,600,0.001667
831.000000,832,DY-SIN-001,DYNAMIC_SINUSOIDAL,56.613119,25.000000,DOWN,TRANSIENT,58.740000,58.500000,25.049000,25.049000,600,0.001667
832.000000,833,DY-SIN-001,DYNAMIC_SINUSOIDAL,56.534206,25.000000,DOWN,TRANSIENT,58.710000,58.600000,25.033000,25.033000,600,0.001667
833.000000,834,DY-SIN-001,DYNAMIC_SINUSOIDAL,56.454577,25.000000,DOWN,TRANSIENT,58.650000,58.600000,24.961000,24.961000,600,0.001667
834.000000,835,DY-SIN-001,DYNAMIC_SINUSOIDAL,56.374240,25.000000,DOWN,TRANSIENT,58.590000,58.400000,25.012000,25.012000,600,0.001667
835.000000,836,DY-SIN-001,DYNAMIC_SINUSOIDAL,56.293204,25.000000,DOWN,TRANSIENT,58.560000,58.500000,25.095000,25.095000,600,0.001667
836.000000,837,DY-SIN-001,DYNAMIC_SINUSOIDAL,56.211478,25.000000,DOWN,TRANSIENT,58.550000,58.000000,25.025000,25.025000,600,0.001667
837.000000,838,DY-SIN-001,DYNAMIC_SINUSOIDAL,56.129071,25.000000,DOWN,TRANSIENT,58.470000,58.400000,25.041000,25.041000,600,0.001667
838.000000,839,DY-SIN-001,DYNAMIC_SINUSOIDAL,56.045991,25.000000,DOWN,TRANSIENT,58.540000,58.200000,24.952000,24.952000,600,0.001667
839.000000,840,DY-SIN-001,DYNAMIC_SINUSOIDAL,55.962249,25.000000,DOWN,TRANSIENT,58.430000,58.600000,25.074000,25.074000,600,0.001667
840.000000,841,DY-SIN-001,DYNAMIC_SINUSOIDAL,55.877853,25.000000,DOWN,TRANSIENT,58.380000,59.000000,25.026000,25.026000,600,0.001667
841.000000,842,DY-SIN-001,DYNAMIC_SINUSOIDAL,55.792812,25.000000,DOWN,TRANSIENT,58.310000,58.300000,25.007000,25.007000,600,0.001667
842.000000,843,DY-SIN-001,DYNAMIC_SINUSOIDAL,55.707136,25.000000,DOWN,TRANSIENT,58.210000,58.400000,25.031000,25.031000,600,0.001667
843.000000,844,DY-SIN-001,DYNAMIC_SINUSOIDAL,55.620834,25.000000,DOWN,TRANSIENT,58.180000,58.800000,25.020000,25.020000,600,0.001667
844.000000,845,DY-SIN-001,DYNAMIC_SINUSOIDAL,55.533915,25.000000,DOWN,TRANSIENT,58.130000,58.300000,25.021000,25.021000,600,0.001667
845.000000,846,DY-SIN-001,DYNAMIC_SINUSOIDAL,55.446390,25.000000,DOWN,TRANSIENT,58.100000,58.200000,25.016000,25.016000,600,0.001667
846.000000,847,DY-SIN-001,DYNAMIC_SINUSOIDAL,55.358268,25.000000,DOWN,TRANSIENT,58.020000,57.500000,25.051000,25.051000,600,0.001667
847.000000,848,DY-SIN-001,DYNAMIC_SINUSOIDAL,55.269558,25.000000,DOWN,TRANSIENT,57.970000,57.900000,25.083000,25.083000,600,0.001667
848.000000,849,DY-SIN-001,DYNAMIC_SINUSOIDAL,55.180270,25.000000,DOWN,TRANSIENT,57.910000,58.200000,24.990000,24.990000,600,0.001667
849.000000,850,DY-SIN-001,DYNAMIC_SINUSOIDAL,55.090414,25.000000,DOWN,TRANSIENT,57.850000,58.300000,25.014000,25.014000,600,0.001667
850.000000,851,DY-SIN-001,DYNAMIC_SINUSOIDAL,55.000000,25.000000,DOWN,TRANSIENT,57.780000,57.900000,25.029000,25.029000,600,0.001667
851.000000,852,DY-SIN-001,DYNAMIC_SINUSOIDAL,54.909038,25.000000,DOWN,TRANSIENT,57.680000,57.900000,25.021000,25.021000,600,0.001667
852.000000,853,DY-SIN-001,DYNAMIC_SINUSOIDAL,54.817537,25.000000,DOWN,TRANSIENT,57.600000,57.700000,25.069000,25.069000,600,0.001667
853.000000,854,DY-SIN-001,DYNAMIC_SINUSOIDAL,54.725508,25.000000,DOWN,TRANSIENT,57.570000,57.800000,25.070000,25.070000,600,0.001667
854.000000,855,DY-SIN-001,DYNAMIC_SINUSOIDAL,54.632960,25.000000,DOWN,TRANSIENT,57.550000,58.100000,25.098000,25.098000,600,0.001667
855.000000,856,DY-SIN-001,DYNAMIC_SINUSOIDAL,54.539905,25.000000,DOWN,TRANSIENT,57.410000,58.000000,25.050000,25.050000,600,0.001667
856.000000,857,DY-SIN-001,DYNAMIC_SINUSOIDAL,54.446352,25.000000,DOWN,TRANSIENT,57.390000,57.300000,25.021000,25.021000,600,0.001667
857.000000,858,DY-SIN-001,DYNAMIC_SINUSOIDAL,54.352311,25.000000,DOWN,TRANSIENT,57.350000,58.000000,24.998000,24.998000,600,0.001667
858.000000,859,DY-SIN-001,DYNAMIC_SINUSOIDAL,54.257793,25.000000,DOWN,TRANSIENT,57.240000,57.500000,25.080000,25.080000,600,0.001667
859.000000,860,DY-SIN-001,DYNAMIC_SINUSOIDAL,54.162808,25.000000,DOWN,TRANSIENT,57.150000,57.400000,25.007000,25.007000,600,0.001667
860.000000,861,DY-SIN-001,DYNAMIC_SINUSOIDAL,54.067366,25.000000,DOWN,TRANSIENT,57.070000,57.300000,25.017000,25.017000,600,0.001667
861.000000,862,DY-SIN-001,DYNAMIC_SINUSOIDAL,53.971479,25.000000,DOWN,TRANSIENT,56.960000,57.200000,24.990000,24.990000,600,0.001667
862.000000,863,DY-SIN-001,DYNAMIC_SINUSOIDAL,53.875156,25.000000,DOWN,TRANSIENT,56.960000,57.200000,24.969000,24.969000,600,0.001667
863.000000,864,DY-SIN-001,DYNAMIC_SINUSOIDAL,53.778408,25.000000,DOWN,TRANSIENT,56.850000,56.700000,25.073000,25.073000,600,0.001667
864.000000,865,DY-SIN-001,DYNAMIC_SINUSOIDAL,53.681246,25.000000,DOWN,TRANSIENT,56.870000,57.000000,25.045000,25.045000,600,0.001667
865.000000,866,DY-SIN-001,DYNAMIC_SINUSOIDAL,53.583679,25.000000,DOWN,TRANSIENT,56.750000,56.600000,25.048000,25.048000,600,0.001667
866.000000,867,DY-SIN-001,DYNAMIC_SINUSOIDAL,53.485720,25.000000,DOWN,TRANSIENT,56.660000,57.000000,24.992000,24.992000,600,0.001667
867.000000,868,DY-SIN-001,DYNAMIC_SINUSOIDAL,53.387379,25.000000,DOWN,TRANSIENT,56.560000,57.000000,25.001000,25.001000,600,0.001667
868.000000,869,DY-SIN-001,DYNAMIC_SINUSOIDAL,53.288666,25.000000,DOWN,TRANSIENT,56.460000,56.900000,25.016000,25.016000,600,0.001667
869.000000,870,DY-SIN-001,DYNAMIC_SINUSOIDAL,53.189593,25.000000,DOWN,TRANSIENT,56.460000,56.900000,24.990000,24.990000,600,0.001667
870.000000,871,DY-SIN-001,DYNAMIC_SINUSOIDAL,53.090170,25.000000,DOWN,TRANSIENT,56.350000,56.900000,25.026000,25.026000,600,0.001667
871.000000,872,DY-SIN-001,DYNAMIC_SINUSOIDAL,52.990408,25.000000,DOWN,TRANSIENT,56.320000,57.000000,25.017000,25.017000,600,0.001667
872.000000,873,DY-SIN-001,DYNAMIC_SINUSOIDAL,52.890318,25.000000,DOWN,TRANSIENT,56.200000,57.100000,25.083000,25.083000,600,0.001667
873.000000,874,DY-SIN-001,DYNAMIC_SINUSOIDAL,52.789911,25.000000,DOWN,TRANSIENT,56.020000,56.700000,25.019000,25.019000,600,0.001667
874.000000,875,DY-SIN-001,DYNAMIC_SINUSOIDAL,52.689198,25.000000,DOWN,TRANSIENT,55.940000,56.700000,25.059000,25.059000,600,0.001667
875.000000,876,DY-SIN-001,DYNAMIC_SINUSOIDAL,52.588190,25.000000,DOWN,TRANSIENT,55.920000,56.500000,25.020000,25.020000,600,0.001667
876.000000,877,DY-SIN-001,DYNAMIC_SINUSOIDAL,52.486899,25.000000,DOWN,TRANSIENT,55.850000,56.300000,24.992000,24.992000,600,0.001667
877.000000,878,DY-SIN-001,DYNAMIC_SINUSOIDAL,52.385335,25.000000,DOWN,TRANSIENT,55.840000,56.400000,24.995000,24.995000,600,0.001667
878.000000,879,DY-SIN-001,DYNAMIC_SINUSOIDAL,52.283509,25.000000,DOWN,TRANSIENT,55.720000,56.700000,24.971000,24.971000,600,0.001667
879.000000,880,DY-SIN-001,DYNAMIC_SINUSOIDAL,52.181432,25.000000,DOWN,TRANSIENT,55.640000,55.900000,25.024000,25.024000,600,0.001667
880.000000,881,DY-SIN-001,DYNAMIC_SINUSOIDAL,52.079117,25.000000,DOWN,TRANSIENT,55.510000,56.600000,25.020000,25.020000,600,0.001667
881.000000,882,DY-SIN-001,DYNAMIC_SINUSOIDAL,51.976573,25.000000,DOWN,TRANSIENT,55.450000,56.400000,25.020000,25.020000,600,0.001667
882.000000,883,DY-SIN-001,DYNAMIC_SINUSOIDAL,51.873813,25.000000,DOWN,TRANSIENT,55.350000,55.900000,25.024000,25.024000,600,0.001667
883.000000,884,DY-SIN-001,DYNAMIC_SINUSOIDAL,51.770847,25.000000,DOWN,TRANSIENT,55.250000,55.500000,25.014000,25.014000,600,0.001667
884.000000,885,DY-SIN-001,DYNAMIC_SINUSOIDAL,51.667687,25.000000,DOWN,TRANSIENT,55.090000,56.400000,25.037000,25.037000,600,0.001667
885.000000,886,DY-SIN-001,DYNAMIC_SINUSOIDAL,51.564345,25.000000,DOWN,TRANSIENT,55.000000,55.500000,25.023000,25.023000,600,0.001667
886.000000,887,DY-SIN-001,DYNAMIC_SINUSOIDAL,51.460830,25.000000,DOWN,TRANSIENT,55.010000,55.500000,25.009000,25.009000,600,0.001667
887.000000,888,DY-SIN-001,DYNAMIC_SINUSOIDAL,51.357156,25.000000,DOWN,TRANSIENT,54.860000,55.900000,25.026000,25.026000,600,0.001667
888.000000,889,DY-SIN-001,DYNAMIC_SINUSOIDAL,51.253332,25.000000,DOWN,TRANSIENT,54.830000,55.200000,24.992000,24.992000,600,0.001667
889.000000,890,DY-SIN-001,DYNAMIC_SINUSOIDAL,51.149372,25.000000,DOWN,TRANSIENT,54.730000,55.200000,25.068000,25.068000,600,0.001667
890.000000,891,DY-SIN-001,DYNAMIC_SINUSOIDAL,51.045285,25.000000,DOWN,TRANSIENT,54.650000,55.900000,24.975000,24.975000,600,0.001667
891.000000,892,DY-SIN-001,DYNAMIC_SINUSOIDAL,50.941083,25.000000,DOWN,TRANSIENT,54.600000,55.100000,25.034000,25.034000,600,0.001667
892.000000,893,DY-SIN-001,DYNAMIC_SINUSOIDAL,50.836778,25.000000,DOWN,TRANSIENT,54.450000,55.300000,25.009000,25.009000,600,0.001667
893.000000,894,DY-SIN-001,DYNAMIC_SINUSOIDAL,50.732382,25.000000,DOWN,TRANSIENT,54.290000,55.200000,25.046000,25.046000,600,0.001667
894.000000,895,DY-SIN-001,DYNAMIC_SINUSOIDAL,50.627905,25.000000,DOWN,TRANSIENT,54.340000,55.100000,25.039000,25.039000,600,0.001667
895.000000,896,DY-SIN-001,DYNAMIC_SINUSOIDAL,50.523360,25.000000,DOWN,TRANSIENT,54.180000,55.300000,24.981000,24.981000,600,0.001667
896.000000,897,DY-SIN-001,DYNAMIC_SINUSOIDAL,50.418757,25.000000,DOWN,TRANSIENT,54.070000,55.000000,25.077000,25.077000,600,0.001667
897.000000,898,DY-SIN-001,DYNAMIC_SINUSOIDAL,50.314108,25.000000,DOWN,TRANSIENT,53.990000,55.100000,25.023000,25.023000,600,0.001667
898.000000,899,DY-SIN-001,DYNAMIC_SINUSOIDAL,50.209424,25.000000,DOWN,TRANSIENT,53.920000,55.400000,25.057000,25.057000,600,0.001667
899.000000,900,DY-SIN-001,DYNAMIC_SINUSOIDAL,50.104718,25.000000,DOWN,TRANSIENT,53.770000,54.800000,25.057000,25.057000,600,0.001667
900.000000,901,DY-SIN-001,DYNAMIC_SINUSOIDAL,50.000000,25.000000,DOWN,TRANSIENT,53.770000,54.800000,25.009000,25.009000,600,0.001667
901.000000,902,DY-SIN-001,DYNAMIC_SINUSOIDAL,49.895282,25.000000,DOWN,TRANSIENT,53.610000,54.600000,25.045000,25.045000,600,0.001667
902.000000,903,DY-SIN-001,DYNAMIC_SINUSOIDAL,49.790576,25.000000,DOWN,TRANSIENT,53.530000,54.900000,25.006000,25.006000,600,0.001667
903.000000,904,DY-SIN-001,DYNAMIC_SINUSOIDAL,49.685892,25.000000,DOWN,TRANSIENT,53.470000,54.300000,25.018000,25.018000,600,0.001667
904.000000,905,DY-SIN-001,DYNAMIC_SINUSOIDAL,49.581243,25.000000,DOWN,TRANSIENT,53.290000,54.000000,25.025000,25.025000,600,0.001667
905.000000,906,DY-SIN-001,DYNAMIC_SINUSOIDAL,49.476640,25.000000,DOWN,TRANSIENT,53.250000,54.200000,25.021000,25.021000,600,0.001667
906.000000,907,DY-SIN-001,DYNAMIC_SINUSOIDAL,49.372095,25.000000,DOWN,TRANSIENT,53.090000,54.300000,25.076000,25.076000,600,0.001667
907.000000,908,DY-SIN-001,DYNAMIC_SINUSOIDAL,49.267618,25.000000,DOWN,TRANSIENT,52.970000,54.200000,25.023000,25.023000,600,0.001667
908.000000,909,DY-SIN-001,DYNAMIC_SINUSOIDAL,49.163222,25.000000,DOWN,TRANSIENT,52.950000,54.100000,25.044000,25.044000,600,0.001667
909.000000,910,DY-SIN-001,DYNAMIC_SINUSOIDAL,49.058917,25.000000,DOWN,TRANSIENT,52.850000,53.600000,25.003000,25.003000,600,0.001667
910.000000,911,DY-SIN-001,DYNAMIC_SINUSOIDAL,48.954715,25.000000,DOWN,TRANSIENT,52.770000,53.900000,24.963000,24.963000,600,0.001667
911.000000,912,DY-SIN-001,DYNAMIC_SINUSOIDAL,48.850628,25.000000,DOWN,TRANSIENT,52.750000,53.500000,25.040000,25.040000,600,0.001667
912.000000,913,DY-SIN-001,DYNAMIC_SINUSOIDAL,48.746668,25.000000,DOWN,TRANSIENT,52.610000,53.500000,24.977000,24.977000,600,0.001667
913.000000,914,DY-SIN-001,DYNAMIC_SINUSOIDAL,48.642844,25.000000,DOWN,TRANSIENT,52.550000,53.400000,24.998000,24.998000,600,0.001667
914.000000,915,DY-SIN-001,DYNAMIC_SINUSOIDAL,48.539170,25.000000,DOWN,TRANSIENT,52.370000,53.400000,25.053000,25.053000,600,0.001667
915.000000,916,DY-SIN-001,DYNAMIC_SINUSOIDAL,48.435655,25.000000,DOWN,TRANSIENT,52.370000,53.100000,25.008000,25.008000,600,0.001667
916.000000,917,DY-SIN-001,DYNAMIC_SINUSOIDAL,48.332313,25.000000,DOWN,TRANSIENT,52.300000,53.300000,25.038000,25.038000,600,0.001667
917.000000,918,DY-SIN-001,DYNAMIC_SINUSOIDAL,48.229153,25.000000,DOWN,TRANSIENT,52.090000,53.100000,25.034000,25.034000,600,0.001667
918.000000,919,DY-SIN-001,DYNAMIC_SINUSOIDAL,48.126187,25.000000,DOWN,TRANSIENT,52.010000,53.200000,24.988000,24.988000,600,0.001667
919.000000,920,DY-SIN-001,DYNAMIC_SINUSOIDAL,48.023427,25.000000,DOWN,TRANSIENT,51.900000,53.100000,25.037000,25.037000,600,0.001667
920.000000,921,DY-SIN-001,DYNAMIC_SINUSOIDAL,47.920883,25.000000,DOWN,TRANSIENT,51.840000,52.900000,25.016000,25.016000,600,0.001667
921.000000,922,DY-SIN-001,DYNAMIC_SINUSOIDAL,47.818568,25.000000,DOWN,TRANSIENT,51.750000,53.100000,24.974000,24.974000,600,0.001667
922.000000,923,DY-SIN-001,DYNAMIC_SINUSOIDAL,47.716491,25.000000,DOWN,TRANSIENT,51.600000,52.500000,25.050000,25.050000,600,0.001667
923.000000,924,DY-SIN-001,DYNAMIC_SINUSOIDAL,47.614665,25.000000,DOWN,TRANSIENT,51.550000,52.700000,24.968000,24.968000,600,0.001667
924.000000,925,DY-SIN-001,DYNAMIC_SINUSOIDAL,47.513101,25.000000,DOWN,TRANSIENT,51.400000,52.200000,24.998000,24.998000,600,0.001667
925.000000,926,DY-SIN-001,DYNAMIC_SINUSOIDAL,47.411810,25.000000,DOWN,TRANSIENT,51.320000,52.700000,24.975000,24.975000,600,0.001667
926.000000,927,DY-SIN-001,DYNAMIC_SINUSOIDAL,47.310802,25.000000,DOWN,TRANSIENT,51.190000,52.400000,24.958000,24.958000,600,0.001667
927.000000,928,DY-SIN-001,DYNAMIC_SINUSOIDAL,47.210089,25.000000,DOWN,TRANSIENT,51.090000,52.100000,25.020000,25.020000,600,0.001667
928.000000,929,DY-SIN-001,DYNAMIC_SINUSOIDAL,47.109682,25.000000,DOWN,TRANSIENT,50.990000,52.200000,25.055000,25.055000,600,0.001667
929.000000,930,DY-SIN-001,DYNAMIC_SINUSOIDAL,47.009592,25.000000,DOWN,TRANSIENT,50.870000,52.100000,25.005000,25.005000,600,0.001667
930.000000,931,DY-SIN-001,DYNAMIC_SINUSOIDAL,46.909830,25.000000,DOWN,TRANSIENT,50.790000,52.500000,25.087000,25.087000,600,0.001667
931.000000,932,DY-SIN-001,DYNAMIC_SINUSOIDAL,46.810407,25.000000,DOWN,TRANSIENT,50.760000,52.400000,25.048000,25.048000,600,0.001667
932.000000,933,DY-SIN-001,DYNAMIC_SINUSOIDAL,46.711334,25.000000,DOWN,TRANSIENT,50.720000,52.000000,25.028000,25.028000,600,0.001667
933.000000,934,DY-SIN-001,DYNAMIC_SINUSOIDAL,46.612621,25.000000,DOWN,TRANSIENT,50.510000,51.800000,25.035000,25.035000,600,0.001667
934.000000,935,DY-SIN-001,DYNAMIC_SINUSOIDAL,46.514280,25.000000,DOWN,TRANSIENT,50.430000,51.800000,24.993000,24.993000,600,0.001667
935.000000,936,DY-SIN-001,DYNAMIC_SINUSOIDAL,46.416321,25.000000,DOWN,TRANSIENT,50.420000,51.500000,25.080000,25.080000,600,0.001667
936.000000,937,DY-SIN-001,DYNAMIC_SINUSOIDAL,46.318754,25.000000,DOWN,TRANSIENT,50.290000,51.200000,25.003000,25.003000,600,0.001667
937.000000,938,DY-SIN-001,DYNAMIC_SINUSOIDAL,46.221592,25.000000,DOWN,TRANSIENT,50.190000,51.300000,24.994000,24.994000,600,0.001667
938.000000,939,DY-SIN-001,DYNAMIC_SINUSOIDAL,46.124844,25.000000,DOWN,TRANSIENT,50.040000,51.700000,25.017000,25.017000,600,0.001667
939.000000,940,DY-SIN-001,DYNAMIC_SINUSOIDAL,46.028521,25.000000,DOWN,TRANSIENT,49.840000,51.200000,25.041000,25.041000,600,0.001667
940.000000,941,DY-SIN-001,DYNAMIC_SINUSOIDAL,45.932634,25.000000,DOWN,TRANSIENT,49.800000,50.800000,25.040000,25.040000,600,0.001667
941.000000,942,DY-SIN-001,DYNAMIC_SINUSOIDAL,45.837192,25.000000,DOWN,TRANSIENT,49.770000,50.800000,25.045000,25.045000,600,0.001667
942.000000,943,DY-SIN-001,DYNAMIC_SINUSOIDAL,45.742207,25.000000,DOWN,TRANSIENT,49.600000,50.900000,24.998000,24.998000,600,0.001667
943.000000,944,DY-SIN-001,DYNAMIC_SINUSOIDAL,45.647689,25.000000,DOWN,TRANSIENT,49.480000,51.100000,25.000000,25.000000,600,0.001667
944.000000,945,DY-SIN-001,DYNAMIC_SINUSOIDAL,45.553648,25.000000,DOWN,TRANSIENT,49.420000,50.200000,25.007000,25.007000,600,0.001667
945.000000,946,DY-SIN-001,DYNAMIC_SINUSOIDAL,45.460095,25.000000,DOWN,TRANSIENT,49.290000,50.900000,25.027000,25.027000,600,0.001667
946.000000,947,DY-SIN-001,DYNAMIC_SINUSOIDAL,45.367040,25.000000,DOWN,TRANSIENT,49.250000,50.400000,24.995000,24.995000,600,0.001667
947.000000,948,DY-SIN-001,DYNAMIC_SINUSOIDAL,45.274492,25.000000,DOWN,TRANSIENT,49.080000,50.900000,25.083000,25.083000,600,0.001667
948.000000,949,DY-SIN-001,DYNAMIC_SINUSOIDAL,45.182463,25.000000,DOWN,TRANSIENT,49.090000,50.000000,24.963000,24.963000,600,0.001667
949.000000,950,DY-SIN-001,DYNAMIC_SINUSOIDAL,45.090962,25.000000,DOWN,TRANSIENT,48.860000,50.200000,25.002000,25.002000,600,0.001667
950.000000,951,DY-SIN-001,DYNAMIC_SINUSOIDAL,45.000000,25.000000,DOWN,TRANSIENT,48.820000,50.400000,25.095000,25.095000,600,0.001667
951.000000,952,DY-SIN-001,DYNAMIC_SINUSOIDAL,44.909586,25.000000,DOWN,TRANSIENT,48.790000,49.700000,24.999000,24.999000,600,0.001667
952.000000,953,DY-SIN-001,DYNAMIC_SINUSOIDAL,44.819730,25.000000,DOWN,TRANSIENT,48.680000,50.000000,25.099000,25.099000,600,0.001667
953.000000,954,DY-SIN-001,DYNAMIC_SINUSOIDAL,44.730442,25.000000,DOWN,TRANSIENT,48.550000,50.300000,25.030000,25.030000,600,0.001667
954.000000,955,DY-SIN-001,DYNAMIC_SINUSOIDAL,44.641732,25.000000,DOWN,TRANSIENT,48.550000,49.500000,25.010000,25.010000,600,0.001667
955.000000,956,DY-SIN-001,DYNAMIC_SINUSOIDAL,44.553610,25.000000,DOWN,TRANSIENT,48.390000,49.200000,25.009000,25.009000,600,0.001667
956.000000,957,DY-SIN-001,DYNAMIC_SINUSOIDAL,44.466085,25.000000,DOWN,TRANSIENT,48.320000,49.500000,25.016000,25.016000,600,0.001667
957.000000,958,DY-SIN-001,DYNAMIC_SINUSOIDAL,44.379166,25.000000,DOWN,TRANSIENT,48.200000,49.100000,25.056000,25.056000,600,0.001667
958.000000,959,DY-SIN-001,DYNAMIC_SINUSOIDAL,44.292864,25.000000,DOWN,TRANSIENT,48.050000,49.600000,25.023000,25.023000,600,0.001667
959.000000,960,DY-SIN-001,DYNAMIC_SINUSOIDAL,44.207188,25.000000,DOWN,TRANSIENT,47.910000,49.200000,25.066000,25.066000,600,0.001667
960.000000,961,DY-SIN-001,DYNAMIC_SINUSOIDAL,44.122147,25.000000,DOWN,TRANSIENT,47.850000,49.200000,25.003000,25.003000,600,0.001667
961.000000,962,DY-SIN-001,DYNAMIC_SINUSOIDAL,44.037751,25.000000,DOWN,TRANSIENT,47.750000,49.100000,24.898000,24.898000,600,0.001667
962.000000,963,DY-SIN-001,DYNAMIC_SINUSOIDAL,43.954009,25.000000,DOWN,TRANSIENT,47.650000,48.800000,25.024000,25.024000,600,0.001667
963.000000,964,DY-SIN-001,DYNAMIC_SINUSOIDAL,43.870929,25.000000,DOWN,TRANSIENT,47.550000,49.000000,25.066000,25.066000,600,0.001667
964.000000,965,DY-SIN-001,DYNAMIC_SINUSOIDAL,43.788522,25.000000,DOWN,TRANSIENT,47.460000,48.500000,25.005000,25.005000,600,0.001667
965.000000,966,DY-SIN-001,DYNAMIC_SINUSOIDAL,43.706796,25.000000,DOWN,TRANSIENT,47.450000,48.900000,25.008000,25.008000,600,0.001667
966.000000,967,DY-SIN-001,DYNAMIC_SINUSOIDAL,43.625760,25.000000,DOWN,TRANSIENT,47.340000,48.900000,24.973000,24.973000,600,0.001667
967.000000,968,DY-SIN-001,DYNAMIC_SINUSOIDAL,43.545423,25.000000,DOWN,TRANSIENT,47.140000,48.300000,25.018000,25.018000,600,0.001667
968.000000,969,DY-SIN-001,DYNAMIC_SINUSOIDAL,43.465794,25.000000,DOWN,TRANSIENT,47.100000,48.400000,25.012000,25.012000,600,0.001667
969.000000,970,DY-SIN-001,DYNAMIC_SINUSOIDAL,43.386881,25.000000,DOWN,TRANSIENT,46.990000,48.300000,25.001000,25.001000,600,0.001667
970.000000,971,DY-SIN-001,DYNAMIC_SINUSOIDAL,43.308694,25.000000,DOWN,TRANSIENT,46.890000,47.800000,24.987000,24.987000,600,0.001667
971.000000,972,DY-SIN-001,DYNAMIC_SINUSOIDAL,43.231240,25.000000,DOWN,TRANSIENT,46.830000,47.700000,25.009000,25.009000,600,0.001667
972.000000,973,DY-SIN-001,DYNAMIC_SINUSOIDAL,43.154529,25.000000,DOWN,TRANSIENT,46.670000,47.900000,24.934000,24.934000,600,0.001667
973.000000,974,DY-SIN-001,DYNAMIC_SINUSOIDAL,43.078568,25.000000,DOWN,TRANSIENT,46.650000,48.000000,24.992000,24.992000,600,0.001667
974.000000,975,DY-SIN-001,DYNAMIC_SINUSOIDAL,43.003367,25.000000,DOWN,TRANSIENT,46.580000,47.900000,25.034000,25.034000,600,0.001667
975.000000,976,DY-SIN-001,DYNAMIC_SINUSOIDAL,42.928932,25.000000,DOWN,TRANSIENT,46.470000,47.300000,25.032000,25.032000,600,0.001667
976.000000,977,DY-SIN-001,DYNAMIC_SINUSOIDAL,42.855273,25.000000,DOWN,TRANSIENT,46.350000,47.300000,24.906000,24.906000,600,0.001667
977.000000,978,DY-SIN-001,DYNAMIC_SINUSOIDAL,42.782398,25.000000,DOWN,TRANSIENT,46.200000,46.900000,25.010000,25.010000,600,0.001667
978.000000,979,DY-SIN-001,DYNAMIC_SINUSOIDAL,42.710314,25.000000,DOWN,TRANSIENT,46.200000,47.400000,25.027000,25.027000,600,0.001667
979.000000,980,DY-SIN-001,DYNAMIC_SINUSOIDAL,42.639029,25.000000,DOWN,TRANSIENT,46.040000,47.500000,25.079000,25.079000,600,0.001667
980.000000,981,DY-SIN-001,DYNAMIC_SINUSOIDAL,42.568552,25.000000,DOWN,TRANSIENT,46.030000,47.200000,25.018000,25.018000,600,0.001667
981.000000,982,DY-SIN-001,DYNAMIC_SINUSOIDAL,42.498889,25.000000,DOWN,TRANSIENT,45.860000,47.000000,25.058000,25.058000,600,0.001667
982.000000,983,DY-SIN-001,DYNAMIC_SINUSOIDAL,42.430049,25.000000,DOWN,TRANSIENT,45.740000,47.100000,25.001000,25.001000,600,0.001667
983.000000,984,DY-SIN-001,DYNAMIC_SINUSOIDAL,42.362040,25.000000,DOWN,TRANSIENT,45.670000,47.200000,25.070000,25.070000,600,0.001667
984.000000,985,DY-SIN-001,DYNAMIC_SINUSOIDAL,42.294868,25.000000,DOWN,TRANSIENT,45.640000,46.700000,25.062000,25.062000,600,0.001667
985.000000,986,DY-SIN-001,DYNAMIC_SINUSOIDAL,42.228540,25.000000,DOWN,TRANSIENT,45.520000,47.000000,25.015000,25.015000,600,0.001667
986.000000,987,DY-SIN-001,DYNAMIC_SINUSOIDAL,42.163065,25.000000,DOWN,TRANSIENT,45.530000,46.300000,25.004000,25.004000,600,0.001667
987.000000,988,DY-SIN-001,DYNAMIC_SINUSOIDAL,42.098450,25.000000,DOWN,TRANSIENT,45.350000,46.400000,25.022000,25.022000,600,0.001667
988.000000,989,DY-SIN-001,DYNAMIC_SINUSOIDAL,42.034701,25.000000,DOWN,TRANSIENT,45.240000,46.700000,25.011000,25.011000,600,0.001667
989.000000,990,DY-SIN-001,DYNAMIC_SINUSOIDAL,41.971825,25.000000,DOWN,TRANSIENT,45.110000,46.800000,25.027000,25.027000,600,0.001667
990.000000,991,DY-SIN-001,DYNAMIC_SINUSOIDAL,41.909830,25.000000,DOWN,TRANSIENT,45.150000,46.500000,25.027000,25.027000,600,0.001667
991.000000,992,DY-SIN-001,DYNAMIC_SINUSOIDAL,41.848722,25.000000,DOWN,TRANSIENT,45.060000,46.400000,25.009000,25.009000,600,0.001667
992.000000,993,DY-SIN-001,DYNAMIC_SINUSOIDAL,41.788508,25.000000,DOWN,TRANSIENT,44.960000,45.900000,25.068000,25.068000,600,0.001667
993.000000,994,DY-SIN-001,DYNAMIC_SINUSOIDAL,41.729194,25.000000,DOWN,TRANSIENT,44.960000,45.600000,25.078000,25.078000,600,0.001667
994.000000,995,DY-SIN-001,DYNAMIC_SINUSOIDAL,41.670788,25.000000,DOWN,TRANSIENT,44.780000,46.000000,25.067000,25.067000,600,0.001667
995.000000,996,DY-SIN-001,DYNAMIC_SINUSOIDAL,41.613294,25.000000,DOWN,TRANSIENT,44.810000,45.400000,25.005000,25.005000,600,0.001667
996.000000,997,DY-SIN-001,DYNAMIC_SINUSOIDAL,41.556721,25.000000,DOWN,TRANSIENT,44.740000,45.300000,25.035000,25.035000,600,0.001667
997.000000,998,DY-SIN-001,DYNAMIC_SINUSOIDAL,41.501073,25.000000,DOWN,TRANSIENT,44.650000,45.700000,25.023000,25.023000,600,0.001667
998.000000,999,DY-SIN-001,DYNAMIC_SINUSOIDAL,41.446357,25.000000,DOWN,TRANSIENT,44.470000,45.700000,25.076000,25.076000,600,0.001667
999.000000,1000,DY-SIN-001,DYNAMIC_SINUSOIDAL,41.392580,25.000000,DOWN,TRANSIENT,44.370000,45.400000,25.053000,25.053000,600,0.001667
1000.000000,1001,DY-SIN-001,DYNAMIC_SINUSOIDAL,41.339746,25.000000,DOWN,TRANSIENT,44.330000,45.300000,25.020000,25.020000,600,0.001667
1001.000000,1002,DY-SIN-001,DYNAMIC_SINUSOIDAL,41.287862,25.000000,DOWN,TRANSIENT,44.240000,45.400000,25.065000,25.065000,600,0.001667
1002.000000,1003,DY-SIN-001,DYNAMIC_SINUSOIDAL,41.236933,25.000000,DOWN,TRANSIENT,44.180000,44.800000,24.987000,24.987000,600,0.001667
1003.000000,1004,DY-SIN-001,DYNAMIC_SINUSOIDAL,41.186965,25.000000,DOWN,TRANSIENT,44.070000,45.700000,25.029000,25.029000,600,0.001667
1004.000000,1005,DY-SIN-001,DYNAMIC_SINUSOIDAL,41.137964,25.000000,DOWN,TRANSIENT,44.020000,45.100000,25.015000,25.015000,600,0.001667
1005.000000,1006,DY-SIN-001,DYNAMIC_SINUSOIDAL,41.089935,25.000000,DOWN,TRANSIENT,43.980000,45.200000,24.963000,24.963000,600,0.001667
1006.000000,1007,DY-SIN-001,DYNAMIC_SINUSOIDAL,41.042882,25.000000,DOWN,TRANSIENT,43.900000,45.000000,24.963000,24.963000,600,0.001667
1007.000000,1008,DY-SIN-001,DYNAMIC_SINUSOIDAL,40.996812,25.000000,DOWN,TRANSIENT,43.760000,45.000000,24.975000,24.975000,600,0.001667
1008.000000,1009,DY-SIN-001,DYNAMIC_SINUSOIDAL,40.951729,25.000000,DOWN,TRANSIENT,43.730000,44.300000,24.972000,24.972000,600,0.001667
1009.000000,1010,DY-SIN-001,DYNAMIC_SINUSOIDAL,40.907639,25.000000,DOWN,TRANSIENT,43.590000,44.200000,25.042000,25.042000,600,0.001667
1010.000000,1011,DY-SIN-001,DYNAMIC_SINUSOIDAL,40.864545,25.000000,DOWN,TRANSIENT,43.560000,44.600000,25.011000,25.011000,600,0.001667
1011.000000,1012,DY-SIN-001,DYNAMIC_SINUSOIDAL,40.822454,25.000000,DOWN,TRANSIENT,43.470000,44.100000,24.990000,24.990000,600,0.001667
1012.000000,1013,DY-SIN-001,DYNAMIC_SINUSOIDAL,40.781368,25.000000,DOWN,TRANSIENT,43.440000,44.300000,25.059000,25.059000,600,0.001667
1013.000000,1014,DY-SIN-001,DYNAMIC_SINUSOIDAL,40.741294,25.000000,DOWN,TRANSIENT,43.330000,44.300000,25.001000,25.001000,600,0.001667
1014.000000,1015,DY-SIN-001,DYNAMIC_SINUSOIDAL,40.702235,25.000000,DOWN,TRANSIENT,43.240000,44.400000,25.040000,25.040000,600,0.001667
1015.000000,1016,DY-SIN-001,DYNAMIC_SINUSOIDAL,40.664196,25.000000,DOWN,TRANSIENT,43.180000,43.800000,24.980000,24.980000,600,0.001667
1016.000000,1017,DY-SIN-001,DYNAMIC_SINUSOIDAL,40.627180,25.000000,DOWN,TRANSIENT,43.100000,44.000000,25.014000,25.014000,600,0.001667
1017.000000,1018,DY-SIN-001,DYNAMIC_SINUSOIDAL,40.591192,25.000000,DOWN,TRANSIENT,43.060000,43.900000,25.004000,25.004000,600,0.001667
1018.000000,1019,DY-SIN-001,DYNAMIC_SINUSOIDAL,40.556236,25.000000,DOWN,TRANSIENT,43.030000,44.100000,25.005000,25.005000,600,0.001667
1019.000000,1020,DY-SIN-001,DYNAMIC_SINUSOIDAL,40.522316,25.000000,DOWN,TRANSIENT,42.970000,43.400000,25.026000,25.026000,600,0.001667
1020.000000,1021,DY-SIN-001,DYNAMIC_SINUSOIDAL,40.489435,25.000000,DOWN,TRANSIENT,42.890000,44.000000,25.030000,25.030000,600,0.001667
1021.000000,1022,DY-SIN-001,DYNAMIC_SINUSOIDAL,40.457597,25.000000,DOWN,TRANSIENT,42.740000,43.600000,25.036000,25.036000,600,0.001667
1022.000000,1023,DY-SIN-001,DYNAMIC_SINUSOIDAL,40.426805,25.000000,DOWN,TRANSIENT,42.710000,43.800000,24.970000,24.970000,600,0.001667
1023.000000,1024,DY-SIN-001,DYNAMIC_SINUSOIDAL,40.397063,25.000000,DOWN,TRANSIENT,42.710000,43.500000,24.979000,24.979000,600,0.001667
1024.000000,1025,DY-SIN-001,DYNAMIC_SINUSOIDAL,40.368374,25.000000,DOWN,TRANSIENT,42.710000,43.600000,24.994000,24.994000,600,0.001667
1025.000000,1026,DY-SIN-001,DYNAMIC_SINUSOIDAL,40.340742,25.000000,DOWN,TRANSIENT,42.630000,43.900000,25.059000,25.059000,600,0.001667
1026.000000,1027,DY-SIN-001,DYNAMIC_SINUSOIDAL,40.314168,25.000000,DOWN,TRANSIENT,42.500000,42.900000,25.049000,25.049000,600,0.001667
1027.000000,1028,DY-SIN-001,DYNAMIC_SINUSOIDAL,40.288657,25.000000,DOWN,TRANSIENT,42.510000,43.100000,24.994000,24.994000,600,0.001667
1028.000000,1029,DY-SIN-001,DYNAMIC_SINUSOIDAL,40.264211,25.000000,DOWN,TRANSIENT,42.490000,43.400000,25.006000,25.006000,600,0.001667
1029.000000,1030,DY-SIN-001,DYNAMIC_SINUSOIDAL,40.240832,25.000000,DOWN,TRANSIENT,42.390000,42.800000,25.000000,25.000000,600,0.001667
1030.000000,1031,DY-SIN-001,DYNAMIC_SINUSOIDAL,40.218524,25.000000,DOWN,TRANSIENT,42.300000,42.900000,25.048000,25.048000,600,0.001667
1031.000000,1032,DY-SIN-001,DYNAMIC_SINUSOIDAL,40.197288,25.000000,DOWN,TRANSIENT,42.200000,43.000000,25.056000,25.056000,600,0.001667
1032.000000,1033,DY-SIN-001,DYNAMIC_SINUSOIDAL,40.177127,25.000000,DOWN,TRANSIENT,42.180000,42.500000,25.057000,25.057000,600,0.001667
1033.000000,1034,DY-SIN-001,DYNAMIC_SINUSOIDAL,40.158044,25.000000,DOWN,TRANSIENT,42.140000,42.800000,25.013000,25.013000,600,0.001667
1034.000000,1035,DY-SIN-001,DYNAMIC_SINUSOIDAL,40.140040,25.000000,DOWN,TRANSIENT,42.030000,43.000000,25.012000,25.012000,600,0.001667
1035.000000,1036,DY-SIN-001,DYNAMIC_SINUSOIDAL,40.123117,25.000000,DOWN,TRANSIENT,42.060000,42.300000,25.012000,25.012000,600,0.001667
1036.000000,1037,DY-SIN-001,DYNAMIC_SINUSOIDAL,40.107277,25.000000,DOWN,TRANSIENT,41.970000,42.300000,24.923000,24.923000,600,0.001667
1037.000000,1038,DY-SIN-001,DYNAMIC_SINUSOIDAL,40.092522,25.000000,DOWN,TRANSIENT,41.970000,42.000000,25.092000,25.092000,600,0.001667
1038.000000,1039,DY-SIN-001,DYNAMIC_SINUSOIDAL,40.078853,25.000000,DOWN,TRANSIENT,41.800000,42.500000,25.076000,25.076000,600,0.001667
1039.000000,1040,DY-SIN-001,DYNAMIC_SINUSOIDAL,40.066272,25.000000,DOWN,TRANSIENT,41.770000,42.200000,24.991000,24.991000,600,0.001667
1040.000000,1041,DY-SIN-001,DYNAMIC_SINUSOIDAL,40.054781,25.000000,DOWN,TRANSIENT,41.760000,42.400000,25.010000,25.010000,600,0.001667
1041.000000,1042,DY-SIN-001,DYNAMIC_SINUSOIDAL,40.044380,25.000000,DOWN,TRANSIENT,41.700000,42.000000,25.049000,25.049000,600,0.001667
1042.000000,1043,DY-SIN-001,DYNAMIC_SINUSOIDAL,40.035071,25.000000,DOWN,TRANSIENT,41.680000,42.400000,24.995000,24.995000,600,0.001667
1043.000000,1044,DY-SIN-001,DYNAMIC_SINUSOIDAL,40.026855,25.000000,DOWN,TRANSIENT,41.670000,42.000000,25.053000,25.053000,600,0.001667
1044.000000,1045,DY-SIN-001,DYNAMIC_SINUSOIDAL,40.019733,25.000000,DOWN,TRANSIENT,41.620000,42.200000,25.061000,25.061000,600,0.001667
1045.000000,1046,DY-SIN-001,DYNAMIC_SINUSOIDAL,40.013705,25.000000,DOWN,TRANSIENT,41.540000,42.100000,24.994000,24.994000,600,0.001667
1046.000000,1047,DY-SIN-001,DYNAMIC_SINUSOIDAL,40.008772,25.000000,DOWN,TRANSIENT,41.560000,42.000000,25.005000,25.005000,600,0.001667
1047.000000,1048,DY-SIN-001,DYNAMIC_SINUSOIDAL,40.004934,25.000000,DOWN,TRANSIENT,41.560000,41.500000,25.032000,25.032000,600,0.001667
1048.000000,1049,DY-SIN-001,DYNAMIC_SINUSOIDAL,40.002193,25.000000,DOWN,TRANSIENT,41.440000,41.500000,25.020000,25.020000,600,0.001667
1049.000000,1050,DY-SIN-001,DYNAMIC_SINUSOIDAL,40.000548,25.000000,DOWN,TRANSIENT,41.450000,41.700000,24.995000,24.995000,600,0.001667
1050.000000,1051,DY-SIN-001,DYNAMIC_SINUSOIDAL,40.000000,25.000000,DOWN,TRANSIENT,41.350000,41.800000,25.000000,25.000000,600,0.001667
1051.000000,1052,DY-SIN-001,DYNAMIC_SINUSOIDAL,40.000548,25.000000,UP,TRANSIENT,41.340000,41.400000,25.004000,25.004000,600,0.001667
1052.000000,1053,DY-SIN-001,DYNAMIC_SINUSOIDAL,40.002193,25.000000,UP,TRANSIENT,41.290000,40.600000,24.985000,24.985000,600,0.001667
1053.000000,1054,DY-SIN-001,DYNAMIC_SINUSOIDAL,40.004934,25.000000,UP,TRANSIENT,41.330000,40.900000,24.998000,24.998000,600,0.001667
1054.000000,1055,DY-SIN-001,DYNAMIC_SINUSOIDAL,40.008772,25.000000,UP,TRANSIENT,41.300000,40.700000,25.006000,25.006000,600,0.001667
1055.000000,1056,DY-SIN-001,DYNAMIC_SINUSOIDAL,40.013705,25.000000,UP,TRANSIENT,41.220000,40.800000,25.054000,25.054000,600,0.001667
1056.000000,1057,DY-SIN-001,DYNAMIC_SINUSOIDAL,40.019733,25.000000,UP,TRANSIENT,41.230000,40.800000,25.032000,25.032000,600,0.001667
1057.000000,1058,DY-SIN-001,DYNAMIC_SINUSOIDAL,40.026855,25.000000,UP,TRANSIENT,41.160000,40.400000,25.010000,25.010000,600,0.001667
1058.000000,1059,DY-SIN-001,DYNAMIC_SINUSOIDAL,40.035071,25.000000,UP,TRANSIENT,41.120000,40.500000,25.043000,25.043000,600,0.001667
1059.000000,1060,DY-SIN-001,DYNAMIC_SINUSOIDAL,40.044380,25.000000,UP,TRANSIENT,41.050000,40.300000,25.019000,25.019000,600,0.001667
1060.000000,1061,DY-SIN-001,DYNAMIC_SINUSOIDAL,40.054781,25.000000,UP,TRANSIENT,41.070000,40.700000,25.044000,25.044000,600,0.001667
1061.000000,1062,DY-SIN-001,DYNAMIC_SINUSOIDAL,40.066272,25.000000,UP,TRANSIENT,41.160000,40.500000,25.017000,25.017000,600,0.001667
1062.000000,1063,DY-SIN-001,DYNAMIC_SINUSOIDAL,40.078853,25.000000,UP,TRANSIENT,41.000000,40.300000,25.067000,25.067000,600,0.001667
1063.000000,1064,DY-SIN-001,DYNAMIC_SINUSOIDAL,40.092522,25.000000,UP,TRANSIENT,40.960000,40.000000,24.969000,24.969000,600,0.001667
1064.000000,1065,DY-SIN-001,DYNAMIC_SINUSOIDAL,40.107277,25.000000,UP,TRANSIENT,40.980000,40.400000,24.989000,24.989000,600,0.001667
1065.000000,1066,DY-SIN-001,DYNAMIC_SINUSOIDAL,40.123117,25.000000,UP,TRANSIENT,40.890000,39.900000,25.040000,25.040000,600,0.001667
1066.000000,1067,DY-SIN-001,DYNAMIC_SINUSOIDAL,40.140040,25.000000,UP,TRANSIENT,40.920000,39.900000,25.018000,25.018000,600,0.001667
1067.000000,1068,DY-SIN-001,DYNAMIC_SINUSOIDAL,40.158044,25.000000,UP,TRANSIENT,40.960000,40.500000,25.011000,25.011000,600,0.001667
1068.000000,1069,DY-SIN-001,DYNAMIC_SINUSOIDAL,40.177127,25.000000,UP,TRANSIENT,40.900000,40.300000,24.994000,24.994000,600,0.001667
1069.000000,1070,DY-SIN-001,DYNAMIC_SINUSOIDAL,40.197288,25.000000,UP,TRANSIENT,41.000000,40.400000,24.963000,24.963000,600,0.001667
1070.000000,1071,DY-SIN-001,DYNAMIC_SINUSOIDAL,40.218524,25.000000,UP,TRANSIENT,40.930000,39.700000,25.007000,25.007000,600,0.001667
1071.000000,1072,DY-SIN-001,DYNAMIC_SINUSOIDAL,40.240832,25.000000,UP,TRANSIENT,40.880000,40.000000,25.004000,25.004000,600,0.001667
1072.000000,1073,DY-SIN-001,DYNAMIC_SINUSOIDAL,40.264211,25.000000,UP,TRANSIENT,40.900000,40.000000,25.029000,25.029000,600,0.001667
1073.000000,1074,DY-SIN-001,DYNAMIC_SINUSOIDAL,40.288657,25.000000,UP,TRANSIENT,40.820000,40.000000,25.057000,25.057000,600,0.001667
1074.000000,1075,DY-SIN-001,DYNAMIC_SINUSOIDAL,40.314168,25.000000,UP,TRANSIENT,40.860000,39.800000,25.033000,25.033000,600,0.001667
1075.000000,1076,DY-SIN-001,DYNAMIC_SINUSOIDAL,40.340742,25.000000,UP,TRANSIENT,40.840000,40.200000,25.016000,25.016000,600,0.001667
1076.000000,1077,DY-SIN-001,DYNAMIC_SINUSOIDAL,40.368374,25.000000,UP,TRANSIENT,40.790000,40.200000,25.056000,25.056000,600,0.001667
1077.000000,1078,DY-SIN-001,DYNAMIC_SINUSOIDAL,40.397063,25.000000,UP,TRANSIENT,40.800000,40.200000,25.003000,25.003000,600,0.001667
1078.000000,1079,DY-SIN-001,DYNAMIC_SINUSOIDAL,40.426805,25.000000,UP,TRANSIENT,40.770000,40.100000,25.026000,25.026000,600,0.001667
1079.000000,1080,DY-SIN-001,DYNAMIC_SINUSOIDAL,40.457597,25.000000,UP,TRANSIENT,40.780000,39.900000,25.034000,25.034000,600,0.001667
1080.000000,1081,DY-SIN-001,DYNAMIC_SINUSOIDAL,40.489435,25.000000,UP,TRANSIENT,40.710000,39.600000,25.064000,25.064000,600,0.001667
1081.000000,1082,DY-SIN-001,DYNAMIC_SINUSOIDAL,40.522316,25.000000,UP,TRANSIENT,40.790000,40.000000,25.060000,25.060000,600,0.001667
1082.000000,1083,DY-SIN-001,DYNAMIC_SINUSOIDAL,40.556236,25.000000,UP,TRANSIENT,40.750000,40.000000,25.065000,25.065000,600,0.001667
1083.000000,1084,DY-SIN-001,DYNAMIC_SINUSOIDAL,40.591192,25.000000,UP,TRANSIENT,40.750000,39.500000,24.977000,24.977000,600,0.001667
1084.000000,1085,DY-SIN-001,DYNAMIC_SINUSOIDAL,40.627180,25.000000,UP,TRANSIENT,40.800000,39.600000,24.979000,24.979000,600,0.001667
1085.000000,1086,DY-SIN-001,DYNAMIC_SINUSOIDAL,40.664196,25.000000,UP,TRANSIENT,40.850000,39.900000,25.037000,25.037000,600,0.001667
1086.000000,1087,DY-SIN-001,DYNAMIC_SINUSOIDAL,40.702235,25.000000,UP,TRANSIENT,40.840000,39.900000,25.033000,25.033000,600,0.001667
1087.000000,1088,DY-SIN-001,DYNAMIC_SINUSOIDAL,40.741294,25.000000,UP,TRANSIENT,40.850000,39.800000,25.024000,25.024000,600,0.001667
1088.000000,1089,DY-SIN-001,DYNAMIC_SINUSOIDAL,40.781368,25.000000,UP,TRANSIENT,40.790000,39.600000,24.927000,24.927000,600,0.001667
1089.000000,1090,DY-SIN-001,DYNAMIC_SINUSOIDAL,40.822454,25.000000,UP,TRANSIENT,40.810000,40.000000,25.060000,25.060000,600,0.001667
1090.000000,1091,DY-SIN-001,DYNAMIC_SINUSOIDAL,40.864545,25.000000,UP,TRANSIENT,40.760000,39.700000,25.008000,25.008000,600,0.001667
1091.000000,1092,DY-SIN-001,DYNAMIC_SINUSOIDAL,40.907639,25.000000,UP,TRANSIENT,40.800000,39.600000,25.049000,25.049000,600,0.001667
1092.000000,1093,DY-SIN-001,DYNAMIC_SINUSOIDAL,40.951729,25.000000,UP,TRANSIENT,40.760000,39.400000,24.965000,24.965000,600,0.001667
1093.000000,1094,DY-SIN-001,DYNAMIC_SINUSOIDAL,40.996812,25.000000,UP,TRANSIENT,40.840000,39.900000,25.020000,25.020000,600,0.001667
1094.000000,1095,DY-SIN-001,DYNAMIC_SINUSOIDAL,41.042882,25.000000,UP,TRANSIENT,40.860000,39.700000,25.057000,25.057000,600,0.001667
1095.000000,1096,DY-SIN-001,DYNAMIC_SINUSOIDAL,41.089935,25.000000,UP,TRANSIENT,40.850000,39.600000,25.010000,25.010000,600,0.001667
1096.000000,1097,DY-SIN-001,DYNAMIC_SINUSOIDAL,41.137964,25.000000,UP,TRANSIENT,40.780000,39.800000,24.984000,24.984000,600,0.001667
1097.000000,1098,DY-SIN-001,DYNAMIC_SINUSOIDAL,41.186965,25.000000,UP,TRANSIENT,40.760000,39.600000,25.021000,25.021000,600,0.001667
1098.000000,1099,DY-SIN-001,DYNAMIC_SINUSOIDAL,41.236933,25.000000,UP,TRANSIENT,40.850000,39.300000,25.022000,25.022000,600,0.001667
1099.000000,1100,DY-SIN-001,DYNAMIC_SINUSOIDAL,41.287862,25.000000,UP,TRANSIENT,40.820000,39.400000,25.081000,25.081000,600,0.001667
1100.000000,1101,DY-SIN-001,DYNAMIC_SINUSOIDAL,41.339746,25.000000,UP,TRANSIENT,40.780000,39.600000,25.018000,25.018000,600,0.001667
1101.000000,1102,DY-SIN-001,DYNAMIC_SINUSOIDAL,41.392580,25.000000,UP,TRANSIENT,40.870000,39.900000,25.008000,25.008000,600,0.001667
1102.000000,1103,DY-SIN-001,DYNAMIC_SINUSOIDAL,41.446357,25.000000,UP,TRANSIENT,40.960000,40.000000,25.004000,25.004000,600,0.001667
1103.000000,1104,DY-SIN-001,DYNAMIC_SINUSOIDAL,41.501073,25.000000,UP,TRANSIENT,40.870000,39.900000,25.006000,25.006000,600,0.001667
1104.000000,1105,DY-SIN-001,DYNAMIC_SINUSOIDAL,41.556721,25.000000,UP,TRANSIENT,40.920000,39.200000,25.032000,25.032000,600,0.001667
1105.000000,1106,DY-SIN-001,DYNAMIC_SINUSOIDAL,41.613294,25.000000,UP,TRANSIENT,40.890000,39.200000,24.981000,24.981000,600,0.001667
1106.000000,1107,DY-SIN-001,DYNAMIC_SINUSOIDAL,41.670788,25.000000,UP,TRANSIENT,40.960000,39.700000,25.035000,25.035000,600,0.001667
1107.000000,1108,DY-SIN-001,DYNAMIC_SINUSOIDAL,41.729194,25.000000,UP,TRANSIENT,40.920000,39.400000,25.017000,25.017000,600,0.001667
1108.000000,1109,DY-SIN-001,DYNAMIC_SINUSOIDAL,41.788508,25.000000,UP,TRANSIENT,41.030000,39.500000,25.047000,25.047000,600,0.001667
1109.000000,1110,DY-SIN-001,DYNAMIC_SINUSOIDAL,41.848722,25.000000,UP,TRANSIENT,41.020000,39.900000,24.982000,24.982000,600,0.001667
1110.000000,1111,DY-SIN-001,DYNAMIC_SINUSOIDAL,41.909830,25.000000,UP,TRANSIENT,41.030000,39.700000,25.072000,25.072000,600,0.001667
1111.000000,1112,DY-SIN-001,DYNAMIC_SINUSOIDAL,41.971825,25.000000,UP,TRANSIENT,41.060000,39.300000,25.062000,25.062000,600,0.001667
1112.000000,1113,DY-SIN-001,DYNAMIC_SINUSOIDAL,42.034701,25.000000,UP,TRANSIENT,41.130000,39.400000,24.999000,24.999000,600,0.001667
1113.000000,1114,DY-SIN-001,DYNAMIC_SINUSOIDAL,42.098450,25.000000,UP,TRANSIENT,41.120000,39.500000,25.042000,25.042000,600,0.001667
1114.000000,1115,DY-SIN-001,DYNAMIC_SINUSOIDAL,42.163065,25.000000,UP,TRANSIENT,41.150000,39.300000,25.070000,25.070000,600,0.001667
1115.000000,1116,DY-SIN-001,DYNAMIC_SINUSOIDAL,42.228540,25.000000,UP,TRANSIENT,41.120000,39.800000,25.039000,25.039000,600,0.001667
1116.000000,1117,DY-SIN-001,DYNAMIC_SINUSOIDAL,42.294868,25.000000,UP,TRANSIENT,41.250000,39.200000,25.107000,25.107000,600,0.001667
1117.000000,1118,DY-SIN-001,DYNAMIC_SINUSOIDAL,42.362040,25.000000,UP,TRANSIENT,41.200000,39.400000,25.025000,25.025000,600,0.001667
1118.000000,1119,DY-SIN-001,DYNAMIC_SINUSOIDAL,42.430049,25.000000,UP,TRANSIENT,41.150000,38.900000,25.049000,25.049000,600,0.001667
1119.000000,1120,DY-SIN-001,DYNAMIC_SINUSOIDAL,42.498889,25.000000,UP,TRANSIENT,41.310000,39.400000,25.027000,25.027000,600,0.001667
1120.000000,1121,DY-SIN-001,DYNAMIC_SINUSOIDAL,42.568552,25.000000,UP,TRANSIENT,41.270000,39.900000,24.981000,24.981000,600,0.001667
1121.000000,1122,DY-SIN-001,DYNAMIC_SINUSOIDAL,42.639029,25.000000,UP,TRANSIENT,41.270000,39.700000,24.993000,24.993000,600,0.001667
1122.000000,1123,DY-SIN-001,DYNAMIC_SINUSOIDAL,42.710314,25.000000,UP,TRANSIENT,41.310000,39.600000,25.005000,25.005000,600,0.001667
1123.000000,1124,DY-SIN-001,DYNAMIC_SINUSOIDAL,42.782398,25.000000,UP,TRANSIENT,41.350000,40.000000,25.013000,25.013000,600,0.001667
1124.000000,1125,DY-SIN-001,DYNAMIC_SINUSOIDAL,42.855273,25.000000,UP,TRANSIENT,41.410000,39.400000,24.990000,24.990000,600,0.001667
1125.000000,1126,DY-SIN-001,DYNAMIC_SINUSOIDAL,42.928932,25.000000,UP,TRANSIENT,41.480000,39.800000,24.992000,24.992000,600,0.001667
1126.000000,1127,DY-SIN-001,DYNAMIC_SINUSOIDAL,43.003367,25.000000,UP,TRANSIENT,41.620000,39.000000,25.052000,25.052000,600,0.001667
1127.000000,1128,DY-SIN-001,DYNAMIC_SINUSOIDAL,43.078568,25.000000,UP,TRANSIENT,41.590000,39.700000,24.987000,24.987000,600,0.001667
1128.000000,1129,DY-SIN-001,DYNAMIC_SINUSOIDAL,43.154529,25.000000,UP,TRANSIENT,41.570000,39.500000,25.032000,25.032000,600,0.001667
1129.000000,1130,DY-SIN-001,DYNAMIC_SINUSOIDAL,43.231240,25.000000,UP,TRANSIENT,41.620000,39.900000,25.094000,25.094000,600,0.001667
1130.000000,1131,DY-SIN-001,DYNAMIC_SINUSOIDAL,43.308694,25.000000,UP,TRANSIENT,41.670000,39.800000,25.015000,25.015000,600,0.001667
1131.000000,1132,DY-SIN-001,DYNAMIC_SINUSOIDAL,43.386881,25.000000,UP,TRANSIENT,41.660000,40.100000,24.977000,24.977000,600,0.001667
1132.000000,1133,DY-SIN-001,DYNAMIC_SINUSOIDAL,43.465794,25.000000,UP,TRANSIENT,41.820000,39.900000,25.011000,25.011000,600,0.001667
1133.000000,1134,DY-SIN-001,DYNAMIC_SINUSOIDAL,43.545423,25.000000,UP,TRANSIENT,41.820000,39.500000,25.037000,25.037000,600,0.001667
1134.000000,1135,DY-SIN-001,DYNAMIC_SINUSOIDAL,43.625760,25.000000,UP,TRANSIENT,41.850000,39.700000,25.012000,25.012000,600,0.001667
1135.000000,1136,DY-SIN-001,DYNAMIC_SINUSOIDAL,43.706796,25.000000,UP,TRANSIENT,41.930000,40.200000,24.990000,24.990000,600,0.001667
1136.000000,1137,DY-SIN-001,DYNAMIC_SINUSOIDAL,43.788522,25.000000,UP,TRANSIENT,42.000000,40.100000,24.996000,24.996000,600,0.001667
1137.000000,1138,DY-SIN-001,DYNAMIC_SINUSOIDAL,43.870929,25.000000,UP,TRANSIENT,42.030000,39.700000,25.003000,25.003000,600,0.001667
1138.000000,1139,DY-SIN-001,DYNAMIC_SINUSOIDAL,43.954009,25.000000,UP,TRANSIENT,42.090000,40.400000,25.017000,25.017000,600,0.001667
1139.000000,1140,DY-SIN-001,DYNAMIC_SINUSOIDAL,44.037751,25.000000,UP,TRANSIENT,42.120000,40.000000,25.011000,25.011000,600,0.001667
1140.000000,1141,DY-SIN-001,DYNAMIC_SINUSOIDAL,44.122147,25.000000,UP,TRANSIENT,42.080000,39.900000,25.066000,25.066000,600,0.001667
1141.000000,1142,DY-SIN-001,DYNAMIC_SINUSOIDAL,44.207188,25.000000,UP,TRANSIENT,42.240000,40.200000,25.032000,25.032000,600,0.001667
1142.000000,1143,DY-SIN-001,DYNAMIC_SINUSOIDAL,44.292864,25.000000,UP,TRANSIENT,42.210000,40.000000,25.008000,25.008000,600,0.001667
1143.000000,1144,DY-SIN-001,DYNAMIC_SINUSOIDAL,44.379166,25.000000,UP,TRANSIENT,42.350000,40.300000,25.000000,25.000000,600,0.001667
1144.000000,1145,DY-SIN-001,DYNAMIC_SINUSOIDAL,44.466085,25.000000,UP,TRANSIENT,42.420000,40.000000,25.032000,25.032000,600,0.001667
1145.000000,1146,DY-SIN-001,DYNAMIC_SINUSOIDAL,44.553610,25.000000,UP,TRANSIENT,42.400000,40.300000,25.005000,25.005000,600,0.001667
1146.000000,1147,DY-SIN-001,DYNAMIC_SINUSOIDAL,44.641732,25.000000,UP,TRANSIENT,42.410000,40.000000,24.952000,24.952000,600,0.001667
1147.000000,1148,DY-SIN-001,DYNAMIC_SINUSOIDAL,44.730442,25.000000,UP,TRANSIENT,42.490000,40.300000,24.969000,24.969000,600,0.001667
1148.000000,1149,DY-SIN-001,DYNAMIC_SINUSOIDAL,44.819730,25.000000,UP,TRANSIENT,42.630000,40.100000,25.023000,25.023000,600,0.001667
1149.000000,1150,DY-SIN-001,DYNAMIC_SINUSOIDAL,44.909586,25.000000,UP,TRANSIENT,42.670000,39.900000,25.003000,25.003000,600,0.001667
1150.000000,1151,DY-SIN-001,DYNAMIC_SINUSOIDAL,45.000000,25.000000,UP,TRANSIENT,42.690000,40.000000,24.997000,24.997000,600,0.001667
1151.000000,1152,DY-SIN-001,DYNAMIC_SINUSOIDAL,45.090962,25.000000,UP,TRANSIENT,42.680000,40.000000,25.030000,25.030000,600,0.001667
1152.000000,1153,DY-SIN-001,DYNAMIC_SINUSOIDAL,45.182463,25.000000,UP,TRANSIENT,42.820000,40.800000,25.006000,25.006000,600,0.001667
1153.000000,1154,DY-SIN-001,DYNAMIC_SINUSOIDAL,45.274492,25.000000,UP,TRANSIENT,42.910000,40.700000,25.011000,25.011000,600,0.001667
1154.000000,1155,DY-SIN-001,DYNAMIC_SINUSOIDAL,45.367040,25.000000,UP,TRANSIENT,42.940000,40.700000,24.988000,24.988000,600,0.001667
1155.000000,1156,DY-SIN-001,DYNAMIC_SINUSOIDAL,45.460095,25.000000,UP,TRANSIENT,43.130000,40.700000,25.043000,25.043000,600,0.001667
1156.000000,1157,DY-SIN-001,DYNAMIC_SINUSOIDAL,45.553648,25.000000,UP,TRANSIENT,43.170000,40.500000,24.965000,24.965000,600,0.001667
1157.000000,1158,DY-SIN-001,DYNAMIC_SINUSOIDAL,45.647689,25.000000,UP,TRANSIENT,43.200000,40.400000,25.055000,25.055000,600,0.001667
1158.000000,1159,DY-SIN-001,DYNAMIC_SINUSOIDAL,45.742207,25.000000,UP,TRANSIENT,43.290000,40.300000,25.015000,25.015000,600,0.001667
1159.000000,1160,DY-SIN-001,DYNAMIC_SINUSOIDAL,45.837192,25.000000,UP,TRANSIENT,43.370000,40.200000,25.016000,25.016000,600,0.001667
1160.000000,1161,DY-SIN-001,DYNAMIC_SINUSOIDAL,45.932634,25.000000,UP,TRANSIENT,43.400000,40.800000,25.014000,25.014000,600,0.001667
1161.000000,1162,DY-SIN-001,DYNAMIC_SINUSOIDAL,46.028521,25.000000,UP,TRANSIENT,43.470000,40.700000,25.016000,25.016000,600,0.001667
1162.000000,1163,DY-SIN-001,DYNAMIC_SINUSOIDAL,46.124844,25.000000,UP,TRANSIENT,43.490000,40.300000,25.011000,25.011000,600,0.001667
1163.000000,1164,DY-SIN-001,DYNAMIC_SINUSOIDAL,46.221592,25.000000,UP,TRANSIENT,43.530000,40.700000,25.014000,25.014000,600,0.001667
1164.000000,1165,DY-SIN-001,DYNAMIC_SINUSOIDAL,46.318754,25.000000,UP,TRANSIENT,43.650000,41.100000,25.029000,25.029000,600,0.001667
1165.000000,1166,DY-SIN-001,DYNAMIC_SINUSOIDAL,46.416321,25.000000,UP,TRANSIENT,43.680000,40.900000,25.071000,25.071000,600,0.001667
1166.000000,1167,DY-SIN-001,DYNAMIC_SINUSOIDAL,46.514280,25.000000,UP,TRANSIENT,43.830000,41.000000,25.038000,25.038000,600,0.001667
1167.000000,1168,DY-SIN-001,DYNAMIC_SINUSOIDAL,46.612621,25.000000,UP,TRANSIENT,43.860000,41.100000,24.993000,24.993000,600,0.001667
1168.000000,1169,DY-SIN-001,DYNAMIC_SINUSOIDAL,46.711334,25.000000,UP,TRANSIENT,43.950000,40.800000,25.079000,25.079000,600,0.001667
1169.000000,1170,DY-SIN-001,DYNAMIC_SINUSOIDAL,46.810407,25.000000,UP,TRANSIENT,43.950000,40.900000,24.991000,24.991000,600,0.001667
1170.000000,1171,DY-SIN-001,DYNAMIC_SINUSOIDAL,46.909830,25.000000,UP,TRANSIENT,44.020000,41.100000,25.032000,25.032000,600,0.001667
1171.000000,1172,DY-SIN-001,DYNAMIC_SINUSOIDAL,47.009592,25.000000,UP,TRANSIENT,44.100000,40.800000,25.041000,25.041000,600,0.001667
1172.000000,1173,DY-SIN-001,DYNAMIC_SINUSOIDAL,47.109682,25.000000,UP,TRANSIENT,44.140000,41.100000,25.024000,25.024000,600,0.001667
1173.000000,1174,DY-SIN-001,DYNAMIC_SINUSOIDAL,47.210089,25.000000,UP,TRANSIENT,44.250000,41.500000,25.012000,25.012000,600,0.001667
1174.000000,1175,DY-SIN-001,DYNAMIC_SINUSOIDAL,47.310802,25.000000,UP,TRANSIENT,44.340000,41.200000,24.998000,24.998000,600,0.001667
1175.000000,1176,DY-SIN-001,DYNAMIC_SINUSOIDAL,47.411810,25.000000,UP,TRANSIENT,44.500000,41.200000,25.064000,25.064000,600,0.001667
1176.000000,1177,DY-SIN-001,DYNAMIC_SINUSOIDAL,47.513101,25.000000,UP,TRANSIENT,44.510000,41.200000,25.085000,25.085000,600,0.001667
1177.000000,1178,DY-SIN-001,DYNAMIC_SINUSOIDAL,47.614665,25.000000,UP,TRANSIENT,44.580000,41.500000,25.017000,25.017000,600,0.001667
1178.000000,1179,DY-SIN-001,DYNAMIC_SINUSOIDAL,47.716491,25.000000,UP,TRANSIENT,44.600000,41.600000,25.008000,25.008000,600,0.001667
1179.000000,1180,DY-SIN-001,DYNAMIC_SINUSOIDAL,47.818568,25.000000,UP,TRANSIENT,44.800000,41.600000,25.049000,25.049000,600,0.001667
1180.000000,1181,DY-SIN-001,DYNAMIC_SINUSOIDAL,47.920883,25.000000,UP,TRANSIENT,44.870000,41.700000,25.010000,25.010000,600,0.001667
1181.000000,1182,DY-SIN-001,DYNAMIC_SINUSOIDAL,48.023427,25.000000,UP,TRANSIENT,44.920000,41.700000,24.984000,24.984000,600,0.001667
1182.000000,1183,DY-SIN-001,DYNAMIC_SINUSOIDAL,48.126187,25.000000,UP,TRANSIENT,45.020000,41.700000,25.021000,25.021000,600,0.001667
1183.000000,1184,DY-SIN-001,DYNAMIC_SINUSOIDAL,48.229153,25.000000,UP,TRANSIENT,45.110000,41.900000,25.030000,25.030000,600,0.001667
1184.000000,1185,DY-SIN-001,DYNAMIC_SINUSOIDAL,48.332313,25.000000,UP,TRANSIENT,45.190000,41.900000,24.979000,24.979000,600,0.001667
1185.000000,1186,DY-SIN-001,DYNAMIC_SINUSOIDAL,48.435655,25.000000,UP,TRANSIENT,45.260000,41.900000,25.037000,25.037000,600,0.001667
1186.000000,1187,DY-SIN-001,DYNAMIC_SINUSOIDAL,48.539170,25.000000,UP,TRANSIENT,45.350000,42.200000,24.994000,24.994000,600,0.001667
1187.000000,1188,DY-SIN-001,DYNAMIC_SINUSOIDAL,48.642844,25.000000,UP,TRANSIENT,45.390000,42.300000,25.029000,25.029000,600,0.001667
1188.000000,1189,DY-SIN-001,DYNAMIC_SINUSOIDAL,48.746668,25.000000,UP,TRANSIENT,45.510000,42.200000,24.985000,24.985000,600,0.001667
1189.000000,1190,DY-SIN-001,DYNAMIC_SINUSOIDAL,48.850628,25.000000,UP,TRANSIENT,45.610000,42.200000,24.994000,24.994000,600,0.001667
1190.000000,1191,DY-SIN-001,DYNAMIC_SINUSOIDAL,48.954715,25.000000,UP,TRANSIENT,45.640000,42.300000,24.965000,24.965000,600,0.001667
1191.000000,1192,DY-SIN-001,DYNAMIC_SINUSOIDAL,49.058917,25.000000,UP,TRANSIENT,45.790000,42.100000,25.028000,25.028000,600,0.001667
1192.000000,1193,DY-SIN-001,DYNAMIC_SINUSOIDAL,49.163222,25.000000,UP,TRANSIENT,45.920000,42.400000,25.022000,25.022000,600,0.001667
1193.000000,1194,DY-SIN-001,DYNAMIC_SINUSOIDAL,49.267618,25.000000,UP,TRANSIENT,45.990000,42.400000,25.012000,25.012000,600,0.001667
1194.000000,1195,DY-SIN-001,DYNAMIC_SINUSOIDAL,49.372095,25.000000,UP,TRANSIENT,46.040000,42.700000,25.031000,25.031000,600,0.001667
1195.000000,1196,DY-SIN-001,DYNAMIC_SINUSOIDAL,49.476640,25.000000,UP,TRANSIENT,46.150000,42.500000,25.054000,25.054000,600,0.001667
1196.000000,1197,DY-SIN-001,DYNAMIC_SINUSOIDAL,49.581243,25.000000,UP,TRANSIENT,46.310000,42.700000,25.020000,25.020000,600,0.001667
1197.000000,1198,DY-SIN-001,DYNAMIC_SINUSOIDAL,49.685892,25.000000,UP,TRANSIENT,46.330000,42.700000,25.055000,25.055000,600,0.001667
1198.000000,1199,DY-SIN-001,DYNAMIC_SINUSOIDAL,49.790576,25.000000,UP,TRANSIENT,46.490000,43.000000,25.038000,25.038000,600,0.001667
1199.000000,1200,DY-SIN-001,DYNAMIC_SINUSOIDAL,49.895282,25.000000,UP,TRANSIENT,46.530000,43.200000,25.048000,25.048000,600,0.001667
1200.000000,1201,DY-SIN-001,DYNAMIC_SINUSOIDAL,50.000000,25.000000,UP,TRANSIENT,46.610000,43.100000,24.996000,24.996000,600,0.001667
1201.000000,1202,DY-SIN-001,DYNAMIC_SINUSOIDAL,50.104718,25.000000,UP,TRANSIENT,46.680000,42.800000,25.012000,25.012000,600,0.001667
1202.000000,1203,DY-SIN-001,DYNAMIC_SINUSOIDAL,50.209424,25.000000,UP,TRANSIENT,46.770000,43.300000,25.012000,25.012000,600,0.001667
1203.000000,1204,DY-SIN-001,DYNAMIC_SINUSOIDAL,50.314108,25.000000,UP,TRANSIENT,46.890000,43.100000,25.012000,25.012000,600,0.001667
1204.000000,1205,DY-SIN-001,DYNAMIC_SINUSOIDAL,50.418757,25.000000,UP,TRANSIENT,46.860000,43.400000,25.033000,25.033000,600,0.001667
1205.000000,1206,DY-SIN-001,DYNAMIC_SINUSOIDAL,50.523360,25.000000,UP,TRANSIENT,47.080000,43.700000,25.021000,25.021000,600,0.001667
1206.000000,1207,DY-SIN-001,DYNAMIC_SINUSOIDAL,50.627905,25.000000,UP,TRANSIENT,47.200000,43.400000,25.056000,25.056000,600,0.001667
1207.000000,1208,DY-SIN-001,DYNAMIC_SINUSOIDAL,50.732382,25.000000,UP,TRANSIENT,47.200000,43.300000,24.967000,24.967000,600,0.001667
1208.000000,1209,DY-SIN-001,DYNAMIC_SINUSOIDAL,50.836778,25.000000,UP,TRANSIENT,47.330000,43.600000,25.021000,25.021000,600,0.001667
1209.000000,1210,DY-SIN-001,DYNAMIC_SINUSOIDAL,50.941083,25.000000,UP,TRANSIENT,47.430000,43.500000,25.054000,25.054000,600,0.001667
1210.000000,1211,DY-SIN-001,DYNAMIC_SINUSOIDAL,51.045285,25.000000,UP,TRANSIENT,47.510000,44.000000,25.022000,25.022000,600,0.001667
1211.000000,1212,DY-SIN-001,DYNAMIC_SINUSOIDAL,51.149372,25.000000,UP,TRANSIENT,47.600000,43.900000,25.037000,25.037000,600,0.001667
1212.000000,1213,DY-SIN-001,DYNAMIC_SINUSOIDAL,51.253332,25.000000,UP,TRANSIENT,47.710000,44.000000,25.044000,25.044000,600,0.001667
1213.000000,1214,DY-SIN-001,DYNAMIC_SINUSOIDAL,51.357156,25.000000,UP,TRANSIENT,47.820000,43.700000,24.986000,24.986000,600,0.001667
1214.000000,1215,DY-SIN-001,DYNAMIC_SINUSOIDAL,51.460830,25.000000,UP,TRANSIENT,47.880000,44.400000,25.018000,25.018000,600,0.001667
1215.000000,1216,DY-SIN-001,DYNAMIC_SINUSOIDAL,51.564345,25.000000,UP,TRANSIENT,48.050000,44.800000,25.009000,25.009000,600,0.001667
1216.000000,1217,DY-SIN-001,DYNAMIC_SINUSOIDAL,51.667687,25.000000,UP,TRANSIENT,48.120000,44.100000,25.020000,25.020000,600,0.001667
1217.000000,1218,DY-SIN-001,DYNAMIC_SINUSOIDAL,51.770847,25.000000,UP,TRANSIENT,48.170000,44.700000,24.980000,24.980000,600,0.001667
1218.000000,1219,DY-SIN-001,DYNAMIC_SINUSOIDAL,51.873813,25.000000,UP,TRANSIENT,48.250000,45.000000,25.017000,25.017000,600,0.001667
1219.000000,1220,DY-SIN-001,DYNAMIC_SINUSOIDAL,51.976573,25.000000,UP,TRANSIENT,48.370000,44.400000,25.014000,25.014000,600,0.001667
1220.000000,1221,DY-SIN-001,DYNAMIC_SINUSOIDAL,52.079117,25.000000,UP,TRANSIENT,48.460000,44.600000,24.999000,24.999000,600,0.001667
1221.000000,1222,DY-SIN-001,DYNAMIC_SINUSOIDAL,52.181432,25.000000,UP,TRANSIENT,48.500000,44.600000,25.036000,25.036000,600,0.001667
1222.000000,1223,DY-SIN-001,DYNAMIC_SINUSOIDAL,52.283509,25.000000,UP,TRANSIENT,48.680000,45.100000,24.993000,24.993000,600,0.001667
1223.000000,1224,DY-SIN-001,DYNAMIC_SINUSOIDAL,52.385335,25.000000,UP,TRANSIENT,48.800000,44.700000,24.941000,24.941000,600,0.001667
1224.000000,1225,DY-SIN-001,DYNAMIC_SINUSOIDAL,52.486899,25.000000,UP,TRANSIENT,48.830000,44.800000,25.007000,25.007000,600,0.001667
1225.000000,1226,DY-SIN-001,DYNAMIC_SINUSOIDAL,52.588190,25.000000,UP,TRANSIENT,48.920000,44.900000,25.009000,25.009000,600,0.001667
1226.000000,1227,DY-SIN-001,DYNAMIC_SINUSOIDAL,52.689198,25.000000,UP,TRANSIENT,49.070000,45.100000,25.049000,25.049000,600,0.001667
1227.000000,1228,DY-SIN-001,DYNAMIC_SINUSOIDAL,52.789911,25.000000,UP,TRANSIENT,49.080000,45.400000,25.055000,25.055000,600,0.001667
1228.000000,1229,DY-SIN-001,DYNAMIC_SINUSOIDAL,52.890318,25.000000,UP,TRANSIENT,49.250000,45.500000,25.015000,25.015000,600,0.001667
1229.000000,1230,DY-SIN-001,DYNAMIC_SINUSOIDAL,52.990408,25.000000,UP,TRANSIENT,49.310000,45.600000,25.037000,25.037000,600,0.001667
1230.000000,1231,DY-SIN-001,DYNAMIC_SINUSOIDAL,53.090170,25.000000,UP,TRANSIENT,49.400000,45.300000,25.005000,25.005000,600,0.001667
1231.000000,1232,DY-SIN-001,DYNAMIC_SINUSOIDAL,53.189593,25.000000,UP,TRANSIENT,49.510000,45.800000,25.036000,25.036000,600,0.001667
1232.000000,1233,DY-SIN-001,DYNAMIC_SINUSOIDAL,53.288666,25.000000,UP,TRANSIENT,49.650000,45.300000,25.058000,25.058000,600,0.001667
1233.000000,1234,DY-SIN-001,DYNAMIC_SINUSOIDAL,53.387379,25.000000,UP,TRANSIENT,49.820000,45.800000,24.994000,24.994000,600,0.001667
1234.000000,1235,DY-SIN-001,DYNAMIC_SINUSOIDAL,53.485720,25.000000,UP,TRANSIENT,49.830000,46.000000,25.019000,25.019000,600,0.001667
1235.000000,1236,DY-SIN-001,DYNAMIC_SINUSOIDAL,53.583679,25.000000,UP,TRANSIENT,49.880000,45.900000,25.025000,25.025000,600,0.001667
1236.000000,1237,DY-SIN-001,DYNAMIC_SINUSOIDAL,53.681246,25.000000,UP,TRANSIENT,50.030000,45.900000,24.956000,24.956000,600,0.001667
1237.000000,1238,DY-SIN-001,DYNAMIC_SINUSOIDAL,53.778408,25.000000,UP,TRANSIENT,50.130000,46.100000,25.045000,25.045000,600,0.001667
1238.000000,1239,DY-SIN-001,DYNAMIC_SINUSOIDAL,53.875156,25.000000,UP,TRANSIENT,50.240000,46.100000,25.052000,25.052000,600,0.001667
1239.000000,1240,DY-SIN-001,DYNAMIC_SINUSOIDAL,53.971479,25.000000,UP,TRANSIENT,50.290000,46.300000,24.972000,24.972000,600,0.001667
1240.000000,1241,DY-SIN-001,DYNAMIC_SINUSOIDAL,54.067366,25.000000,UP,TRANSIENT,50.440000,46.500000,25.039000,25.039000,600,0.001667
1241.000000,1242,DY-SIN-001,DYNAMIC_SINUSOIDAL,54.162808,25.000000,UP,TRANSIENT,50.560000,46.400000,25.032000,25.032000,600,0.001667
1242.000000,1243,DY-SIN-001,DYNAMIC_SINUSOIDAL,54.257793,25.000000,UP,TRANSIENT,50.600000,46.700000,24.993000,24.993000,600,0.001667
1243.000000,1244,DY-SIN-001,DYNAMIC_SINUSOIDAL,54.352311,25.000000,UP,TRANSIENT,50.680000,47.000000,25.115000,25.115000,600,0.001667
1244.000000,1245,DY-SIN-001,DYNAMIC_SINUSOIDAL,54.446352,25.000000,UP,TRANSIENT,50.880000,46.400000,25.011000,25.011000,600,0.001667
1245.000000,1246,DY-SIN-001,DYNAMIC_SINUSOIDAL,54.539905,25.000000,UP,TRANSIENT,50.850000,46.900000,25.010000,25.010000,600,0.001667
1246.000000,1247,DY-SIN-001,DYNAMIC_SINUSOIDAL,54.632960,25.000000,UP,TRANSIENT,50.970000,46.600000,25.012000,25.012000,600,0.001667
1247.000000,1248,DY-SIN-001,DYNAMIC_SINUSOIDAL,54.725508,25.000000,UP,TRANSIENT,51.140000,47.200000,25.058000,25.058000,600,0.001667
1248.000000,1249,DY-SIN-001,DYNAMIC_SINUSOIDAL,54.817537,25.000000,UP,TRANSIENT,51.260000,47.500000,24.999000,24.999000,600,0.001667
1249.000000,1250,DY-SIN-001,DYNAMIC_SINUSOIDAL,54.909038,25.000000,UP,TRANSIENT,51.350000,47.200000,25.027000,25.027000,600,0.001667
1250.000000,1251,DY-SIN-001,DYNAMIC_SINUSOIDAL,55.000000,25.000000,UP,TRANSIENT,51.430000,47.500000,24.991000,24.991000,600,0.001667
1251.000000,1252,DY-SIN-001,DYNAMIC_SINUSOIDAL,55.090414,25.000000,UP,TRANSIENT,51.550000,47.300000,25.023000,25.023000,600,0.001667
1252.000000,1253,DY-SIN-001,DYNAMIC_SINUSOIDAL,55.180270,25.000000,UP,TRANSIENT,51.620000,47.300000,24.977000,24.977000,600,0.001667
1253.000000,1254,DY-SIN-001,DYNAMIC_SINUSOIDAL,55.269558,25.000000,UP,TRANSIENT,51.690000,47.700000,25.002000,25.002000,600,0.001667
1254.000000,1255,DY-SIN-001,DYNAMIC_SINUSOIDAL,55.358268,25.000000,UP,TRANSIENT,51.880000,48.100000,25.015000,25.015000,600,0.001667
1255.000000,1256,DY-SIN-001,DYNAMIC_SINUSOIDAL,55.446390,25.000000,UP,TRANSIENT,51.940000,47.600000,25.029000,25.029000,600,0.001667
1256.000000,1257,DY-SIN-001,DYNAMIC_SINUSOIDAL,55.533915,25.000000,UP,TRANSIENT,51.930000,47.800000,25.018000,25.018000,600,0.001667
1257.000000,1258,DY-SIN-001,DYNAMIC_SINUSOIDAL,55.620834,25.000000,UP,TRANSIENT,52.150000,48.400000,24.997000,24.997000,600,0.001667
1258.000000,1259,DY-SIN-001,DYNAMIC_SINUSOIDAL,55.707136,25.000000,UP,TRANSIENT,52.210000,47.900000,24.999000,24.999000,600,0.001667
1259.000000,1260,DY-SIN-001,DYNAMIC_SINUSOIDAL,55.792812,25.000000,UP,TRANSIENT,52.300000,48.500000,25.066000,25.066000,600,0.001667
1260.000000,1261,DY-SIN-001,DYNAMIC_SINUSOIDAL,55.877853,25.000000,UP,TRANSIENT,52.400000,48.100000,24.957000,24.957000,600,0.001667
1261.000000,1262,DY-SIN-001,DYNAMIC_SINUSOIDAL,55.962249,25.000000,UP,TRANSIENT,52.480000,48.900000,25.026000,25.026000,600,0.001667
1262.000000,1263,DY-SIN-001,DYNAMIC_SINUSOIDAL,56.045991,25.000000,UP,TRANSIENT,52.610000,48.700000,24.954000,24.954000,600,0.001667
1263.000000,1264,DY-SIN-001,DYNAMIC_SINUSOIDAL,56.129071,25.000000,UP,TRANSIENT,52.670000,48.400000,25.082000,25.082000,600,0.001667
1264.000000,1265,DY-SIN-001,DYNAMIC_SINUSOIDAL,56.211478,25.000000,UP,TRANSIENT,52.870000,48.700000,24.995000,24.995000,600,0.001667
1265.000000,1266,DY-SIN-001,DYNAMIC_SINUSOIDAL,56.293204,25.000000,UP,TRANSIENT,52.960000,48.500000,25.046000,25.046000,600,0.001667
1266.000000,1267,DY-SIN-001,DYNAMIC_SINUSOIDAL,56.374240,25.000000,UP,TRANSIENT,52.990000,49.000000,24.977000,24.977000,600,0.001667
1267.000000,1268,DY-SIN-001,DYNAMIC_SINUSOIDAL,56.454577,25.000000,UP,TRANSIENT,53.120000,49.000000,24.974000,24.974000,600,0.001667
1268.000000,1269,DY-SIN-001,DYNAMIC_SINUSOIDAL,56.534206,25.000000,UP,TRANSIENT,53.230000,48.800000,25.026000,25.026000,600,0.001667
1269.000000,1270,DY-SIN-001,DYNAMIC_SINUSOIDAL,56.613119,25.000000,UP,TRANSIENT,53.310000,49.400000,25.031000,25.031000,600,0.001667
1270.000000,1271,DY-SIN-001,DYNAMIC_SINUSOIDAL,56.691306,25.000000,UP,TRANSIENT,53.330000,49.100000,25.034000,25.034000,600,0.001667
1271.000000,1272,DY-SIN-001,DYNAMIC_SINUSOIDAL,56.768760,25.000000,UP,TRANSIENT,53.430000,49.200000,25.039000,25.039000,600,0.001667
1272.000000,1273,DY-SIN-001,DYNAMIC_SINUSOIDAL,56.845471,25.000000,UP,TRANSIENT,53.490000,49.000000,25.049000,25.049000,600,0.001667
1273.000000,1274,DY-SIN-001,DYNAMIC_SINUSOIDAL,56.921432,25.000000,UP,TRANSIENT,53.680000,49.700000,24.995000,24.995000,600,0.001667
1274.000000,1275,DY-SIN-001,DYNAMIC_SINUSOIDAL,56.996633,25.000000,UP,TRANSIENT,53.740000,49.200000,25.069000,25.069000,600,0.001667
1275.000000,1276,DY-SIN-001,DYNAMIC_SINUSOIDAL,57.071068,25.000000,UP,TRANSIENT,53.790000,49.800000,25.064000,25.064000,600,0.001667
1276.000000,1277,DY-SIN-001,DYNAMIC_SINUSOIDAL,57.144727,25.000000,UP,TRANSIENT,53.840000,50.000000,25.028000,25.028000,600,0.001667
1277.000000,1278,DY-SIN-001,DYNAMIC_SINUSOIDAL,57.217602,25.000000,UP,TRANSIENT,53.930000,50.100000,25.038000,25.038000,600,0.001667
1278.000000,1279,DY-SIN-001,DYNAMIC_SINUSOIDAL,57.289686,25.000000,UP,TRANSIENT,54.060000,50.200000,24.990000,24.990000,600,0.001667
1279.000000,1280,DY-SIN-001,DYNAMIC_SINUSOIDAL,57.360971,25.000000,UP,TRANSIENT,54.160000,50.100000,25.019000,25.019000,600,0.001667
1280.000000,1281,DY-SIN-001,DYNAMIC_SINUSOIDAL,57.431448,25.000000,UP,TRANSIENT,54.270000,50.100000,25.051000,25.051000,600,0.001667
1281.000000,1282,DY-SIN-001,DYNAMIC_SINUSOIDAL,57.501111,25.000000,UP,TRANSIENT,54.400000,50.500000,25.058000,25.058000,600,0.001667
1282.000000,1283,DY-SIN-001,DYNAMIC_SINUSOIDAL,57.569951,25.000000,UP,TRANSIENT,54.400000,50.700000,24.985000,24.985000,600,0.001667
1283.000000,1284,DY-SIN-001,DYNAMIC_SINUSOIDAL,57.637960,25.000000,UP,TRANSIENT,54.550000,50.800000,25.062000,25.062000,600,0.001667
1284.000000,1285,DY-SIN-001,DYNAMIC_SINUSOIDAL,57.705132,25.000000,UP,TRANSIENT,54.680000,50.700000,24.967000,24.967000,600,0.001667
1285.000000,1286,DY-SIN-001,DYNAMIC_SINUSOIDAL,57.771460,25.000000,UP,TRANSIENT,54.750000,50.700000,24.996000,24.996000,600,0.001667
1286.000000,1287,DY-SIN-001,DYNAMIC_SINUSOIDAL,57.836935,25.000000,UP,TRANSIENT,54.870000,50.800000,25.038000,25.038000,600,0.001667
1287.000000,1288,DY-SIN-001,DYNAMIC_SINUSOIDAL,57.901550,25.000000,UP,TRANSIENT,54.930000,51.000000,25.017000,25.017000,600,0.001667
1288.000000,1289,DY-SIN-001,DYNAMIC_SINUSOIDAL,57.965299,25.000000,UP,TRANSIENT,54.950000,50.500000,25.053000,25.053000,600,0.001667
1289.000000,1290,DY-SIN-001,DYNAMIC_SINUSOIDAL,58.028175,25.000000,UP,TRANSIENT,55.140000,50.700000,24.985000,24.985000,600,0.001667
1290.000000,1291,DY-SIN-001,DYNAMIC_SINUSOIDAL,58.090170,25.000000,UP,TRANSIENT,55.220000,50.700000,25.000000,25.000000,600,0.001667
1291.000000,1292,DY-SIN-001,DYNAMIC_SINUSOIDAL,58.151278,25.000000,UP,TRANSIENT,55.280000,51.500000,25.044000,25.044000,600,0.001667
1292.000000,1293,DY-SIN-001,DYNAMIC_SINUSOIDAL,58.211492,25.000000,UP,TRANSIENT,55.390000,51.600000,25.017000,25.017000,600,0.001667
1293.000000,1294,DY-SIN-001,DYNAMIC_SINUSOIDAL,58.270806,25.000000,UP,TRANSIENT,55.470000,51.300000,25.035000,25.035000,600,0.001667
1294.000000,1295,DY-SIN-001,DYNAMIC_SINUSOIDAL,58.329212,25.000000,UP,TRANSIENT,55.590000,51.600000,24.955000,24.955000,600,0.001667
1295.000000,1296,DY-SIN-001,DYNAMIC_SINUSOIDAL,58.386706,25.000000,UP,TRANSIENT,55.660000,51.300000,25.011000,25.011000,600,0.001667
1296.000000,1297,DY-SIN-001,DYNAMIC_SINUSOIDAL,58.443279,25.000000,UP,TRANSIENT,55.690000,52.000000,25.020000,25.020000,600,0.001667
1297.000000,1298,DY-SIN-001,DYNAMIC_SINUSOIDAL,58.498927,25.000000,UP,TRANSIENT,55.750000,52.000000,25.022000,25.022000,600,0.001667
1298.000000,1299,DY-SIN-001,DYNAMIC_SINUSOIDAL,58.553643,25.000000,UP,TRANSIENT,55.810000,51.800000,25.008000,25.008000,600,0.001667
1299.000000,1300,DY-SIN-001,DYNAMIC_SINUSOIDAL,58.607420,25.000000,UP,TRANSIENT,55.900000,52.200000,25.086000,25.086000,600,0.001667
1300.000000,1301,DY-SIN-001,DYNAMIC_SINUSOIDAL,58.660254,25.000000,UP,TRANSIENT,55.930000,51.900000,25.028000,25.028000,600,0.001667
1301.000000,1302,DY-SIN-001,DYNAMIC_SINUSOIDAL,58.712138,25.000000,UP,TRANSIENT,56.020000,52.400000,24.981000,24.981000,600,0.001667
1302.000000,1303,DY-SIN-001,DYNAMIC_SINUSOIDAL,58.763067,25.000000,UP,TRANSIENT,56.150000,52.000000,24.993000,24.993000,600,0.001667
1303.000000,1304,DY-SIN-001,DYNAMIC_SINUSOIDAL,58.813035,25.000000,UP,TRANSIENT,56.160000,52.400000,25.045000,25.045000,600,0.001667
1304.000000,1305,DY-SIN-001,DYNAMIC_SINUSOIDAL,58.862036,25.000000,UP,TRANSIENT,56.250000,52.400000,24.990000,24.990000,600,0.001667
1305.000000,1306,DY-SIN-001,DYNAMIC_SINUSOIDAL,58.910065,25.000000,UP,TRANSIENT,56.350000,52.800000,25.031000,25.031000,600,0.001667
1306.000000,1307,DY-SIN-001,DYNAMIC_SINUSOIDAL,58.957118,25.000000,UP,TRANSIENT,56.400000,52.300000,25.049000,25.049000,600,0.001667
1307.000000,1308,DY-SIN-001,DYNAMIC_SINUSOIDAL,59.003188,25.000000,UP,TRANSIENT,56.560000,52.700000,25.077000,25.077000,600,0.001667
1308.000000,1309,DY-SIN-001,DYNAMIC_SINUSOIDAL,59.048271,25.000000,UP,TRANSIENT,56.610000,53.000000,25.041000,25.041000,600,0.001667
1309.000000,1310,DY-SIN-001,DYNAMIC_SINUSOIDAL,59.092361,25.000000,UP,TRANSIENT,56.640000,52.700000,24.987000,24.987000,600,0.001667
1310.000000,1311,DY-SIN-001,DYNAMIC_SINUSOIDAL,59.135455,25.000000,UP,TRANSIENT,56.720000,53.000000,25.042000,25.042000,600,0.001667
1311.000000,1312,DY-SIN-001,DYNAMIC_SINUSOIDAL,59.177546,25.000000,UP,TRANSIENT,56.830000,52.600000,25.007000,25.007000,600,0.001667
1312.000000,1313,DY-SIN-001,DYNAMIC_SINUSOIDAL,59.218632,25.000000,UP,TRANSIENT,56.850000,52.600000,25.002000,25.002000,600,0.001667
1313.000000,1314,DY-SIN-001,DYNAMIC_SINUSOIDAL,59.258706,25.000000,UP,TRANSIENT,56.930000,53.400000,24.982000,24.982000,600,0.001667
1314.000000,1315,DY-SIN-001,DYNAMIC_SINUSOIDAL,59.297765,25.000000,UP,TRANSIENT,56.950000,53.000000,25.030000,25.030000,600,0.001667
1315.000000,1316,DY-SIN-001,DYNAMIC_SINUSOIDAL,59.335804,25.000000,UP,TRANSIENT,57.080000,53.500000,25.027000,25.027000,600,0.001667
1316.000000,1317,DY-SIN-001,DYNAMIC_SINUSOIDAL,59.372820,25.000000,UP,TRANSIENT,57.140000,53.300000,25.014000,25.014000,600,0.001667
1317.000000,1318,DY-SIN-001,DYNAMIC_SINUSOIDAL,59.408808,25.000000,UP,TRANSIENT,57.150000,53.700000,25.027000,25.027000,600,0.001667
1318.000000,1319,DY-SIN-001,DYNAMIC_SINUSOIDAL,59.443764,25.000000,UP,TRANSIENT,57.240000,53.600000,25.004000,25.004000,600,0.001667
1319.000000,1320,DY-SIN-001,DYNAMIC_SINUSOIDAL,59.477684,25.000000,UP,TRANSIENT,57.270000,54.000000,25.010000,25.010000,600,0.001667
1320.000000,1321,DY-SIN-001,DYNAMIC_SINUSOIDAL,59.510565,25.000000,UP,TRANSIENT,57.300000,53.400000,24.977000,24.977000,600,0.001667
1321.000000,1322,DY-SIN-001,DYNAMIC_SINUSOIDAL,59.542403,25.000000,UP,TRANSIENT,57.420000,53.800000,25.026000,25.026000,600,0.001667
1322.000000,1323,DY-SIN-001,DYNAMIC_SINUSOIDAL,59.573195,25.000000,UP,TRANSIENT,57.460000,53.700000,25.056000,25.056000,600,0.001667
1323.000000,1324,DY-SIN-001,DYNAMIC_SINUSOIDAL,59.602937,25.000000,UP,TRANSIENT,57.560000,54.300000,25.071000,25.071000,600,0.001667
1324.000000,1325,DY-SIN-001,DYNAMIC_SINUSOIDAL,59.631626,25.000000,UP,TRANSIENT,57.630000,54.000000,25.021000,25.021000,600,0.001667
1325.000000,1326,DY-SIN-001,DYNAMIC_SINUSOIDAL,59.659258,25.000000,UP,TRANSIENT,57.760000,54.500000,24.961000,24.961000,600,0.001667
1326.000000,1327,DY-SIN-001,DYNAMIC_SINUSOIDAL,59.685832,25.000000,UP,TRANSIENT,57.760000,54.400000,25.013000,25.013000,600,0.001667
1327.000000,1328,DY-SIN-001,DYNAMIC_SINUSOIDAL,59.711343,25.000000,UP,TRANSIENT,57.810000,54.000000,25.076000,25.076000,600,0.001667
1328.000000,1329,DY-SIN-001,DYNAMIC_SINUSOIDAL,59.735789,25.000000,UP,TRANSIENT,57.860000,54.500000,24.978000,24.978000,600,0.001667
1329.000000,1330,DY-SIN-001,DYNAMIC_SINUSOIDAL,59.759168,25.000000,UP,TRANSIENT,57.900000,54.400000,24.977000,24.977000,600,0.001667
1330.000000,1331,DY-SIN-001,DYNAMIC_SINUSOIDAL,59.781476,25.000000,UP,TRANSIENT,58.000000,54.300000,25.058000,25.058000,600,0.001667
1331.000000,1332,DY-SIN-001,DYNAMIC_SINUSOIDAL,59.802712,25.000000,UP,TRANSIENT,58.060000,54.200000,25.008000,25.008000,600,0.001667
1332.000000,1333,DY-SIN-001,DYNAMIC_SINUSOIDAL,59.822873,25.000000,UP,TRANSIENT,58.070000,54.300000,25.013000,25.013000,600,0.001667
1333.000000,1334,DY-SIN-001,DYNAMIC_SINUSOIDAL,59.841956,25.000000,UP,TRANSIENT,58.130000,54.400000,24.993000,24.993000,600,0.001667
1334.000000,1335,DY-SIN-001,DYNAMIC_SINUSOIDAL,59.859960,25.000000,UP,TRANSIENT,58.210000,54.700000,25.034000,25.034000,600,0.001667
1335.000000,1336,DY-SIN-001,DYNAMIC_SINUSOIDAL,59.876883,25.000000,UP,TRANSIENT,58.360000,54.500000,24.983000,24.983000,600,0.001667
1336.000000,1337,DY-SIN-001,DYNAMIC_SINUSOIDAL,59.892723,25.000000,UP,TRANSIENT,58.270000,55.300000,25.045000,25.045000,600,0.001667
1337.000000,1338,DY-SIN-001,DYNAMIC_SINUSOIDAL,59.907478,25.000000,UP,TRANSIENT,58.470000,55.000000,25.003000,25.003000,600,0.001667
1338.000000,1339,DY-SIN-001,DYNAMIC_SINUSOIDAL,59.921147,25.000000,UP,TRANSIENT,58.440000,55.500000,24.975000,24.975000,600,0.001667
1339.000000,1340,DY-SIN-001,DYNAMIC_SINUSOIDAL,59.933728,25.000000,UP,TRANSIENT,58.530000,55.200000,25.053000,25.053000,600,0.001667
1340.000000,1341,DY-SIN-001,DYNAMIC_SINUSOIDAL,59.945219,25.000000,UP,TRANSIENT,58.520000,55.200000,25.024000,25.024000,600,0.001667
1341.000000,1342,DY-SIN-001,DYNAMIC_SINUSOIDAL,59.955620,25.000000,UP,TRANSIENT,58.550000,55.000000,25.000000,25.000000,600,0.001667
1342.000000,1343,DY-SIN-001,DYNAMIC_SINUSOIDAL,59.964929,25.000000,UP,TRANSIENT,58.630000,55.500000,25.039000,25.039000,600,0.001667
1343.000000,1344,DY-SIN-001,DYNAMIC_SINUSOIDAL,59.973145,25.000000,UP,TRANSIENT,58.750000,54.800000,25.033000,25.033000,600,0.001667
1344.000000,1345,DY-SIN-001,DYNAMIC_SINUSOIDAL,59.980267,25.000000,UP,TRANSIENT,58.670000,55.400000,24.998000,24.998000,600,0.001667
1345.000000,1346,DY-SIN-001,DYNAMIC_SINUSOIDAL,59.986295,25.000000,UP,TRANSIENT,58.810000,55.600000,25.072000,25.072000,600,0.001667
1346.000000,1347,DY-SIN-001,DYNAMIC_SINUSOIDAL,59.991228,25.000000,UP,TRANSIENT,58.740000,55.500000,25.047000,25.047000,600,0.001667
1347.000000,1348,DY-SIN-001,DYNAMIC_SINUSOIDAL,59.995066,25.000000,UP,TRANSIENT,58.850000,55.800000,25.024000,25.024000,600,0.001667
1348.000000,1349,DY-SIN-001,DYNAMIC_SINUSOIDAL,59.997807,25.000000,UP,TRANSIENT,58.880000,56.100000,25.020000,25.020000,600,0.001667
1349.000000,1350,DY-SIN-001,DYNAMIC_SINUSOIDAL,59.999452,25.000000,UP,TRANSIENT,58.930000,56.000000,25.004000,25.004000,600,0.001667
1350.000000,1351,DY-SIN-001,DYNAMIC_SINUSOIDAL,60.000000,25.000000,UP,TRANSIENT,58.950000,55.500000,25.011000,25.011000,600,0.001667
1351.000000,1352,DY-SIN-001,DYNAMIC_SINUSOIDAL,59.999452,25.000000,DOWN,TRANSIENT,59.000000,57.100000,25.048000,25.048000,600,0.001667
1352.000000,1353,DY-SIN-001,DYNAMIC_SINUSOIDAL,59.997807,25.000000,DOWN,TRANSIENT,59.000000,56.400000,25.029000,25.029000,600,0.001667
1353.000000,1354,DY-SIN-001,DYNAMIC_SINUSOIDAL,59.995066,25.000000,DOWN,TRANSIENT,59.050000,57.000000,25.009000,25.009000,600,0.001667
1354.000000,1355,DY-SIN-001,DYNAMIC_SINUSOIDAL,59.991228,25.000000,DOWN,TRANSIENT,59.140000,57.300000,24.937000,24.937000,600,0.001667
1355.000000,1356,DY-SIN-001,DYNAMIC_SINUSOIDAL,59.986295,25.000000,DOWN,TRANSIENT,59.150000,56.900000,24.980000,24.980000,600,0.001667
1356.000000,1357,DY-SIN-001,DYNAMIC_SINUSOIDAL,59.980267,25.000000,DOWN,TRANSIENT,59.210000,57.000000,25.018000,25.018000,600,0.001667
1357.000000,1358,DY-SIN-001,DYNAMIC_SINUSOIDAL,59.973145,25.000000,DOWN,TRANSIENT,59.220000,57.200000,24.994000,24.994000,600,0.001667
1358.000000,1359,DY-SIN-001,DYNAMIC_SINUSOIDAL,59.964929,25.000000,DOWN,TRANSIENT,59.280000,57.500000,25.065000,25.065000,600,0.001667
1359.000000,1360,DY-SIN-001,DYNAMIC_SINUSOIDAL,59.955620,25.000000,DOWN,TRANSIENT,59.320000,57.600000,25.044000,25.044000,600,0.001667
1360.000000,1361,DY-SIN-001,DYNAMIC_SINUSOIDAL,59.945219,25.000000,DOWN,TRANSIENT,59.300000,57.500000,25.006000,25.006000,600,0.001667
1361.000000,1362,DY-SIN-001,DYNAMIC_SINUSOIDAL,59.933728,25.000000,DOWN,TRANSIENT,59.330000,57.500000,25.007000,25.007000,600,0.001667
1362.000000,1363,DY-SIN-001,DYNAMIC_SINUSOIDAL,59.921147,25.000000,DOWN,TRANSIENT,59.350000,57.400000,25.064000,25.064000,600,0.001667
1363.000000,1364,DY-SIN-001,DYNAMIC_SINUSOIDAL,59.907478,25.000000,DOWN,TRANSIENT,59.390000,57.300000,24.999000,24.999000,600,0.001667
1364.000000,1365,DY-SIN-001,DYNAMIC_SINUSOIDAL,59.892723,25.000000,DOWN,TRANSIENT,59.450000,57.500000,24.970000,24.970000,600,0.001667
1365.000000,1366,DY-SIN-001,DYNAMIC_SINUSOIDAL,59.876883,25.000000,DOWN,TRANSIENT,59.470000,57.700000,25.090000,25.090000,600,0.001667
1366.000000,1367,DY-SIN-001,DYNAMIC_SINUSOIDAL,59.859960,25.000000,DOWN,TRANSIENT,59.520000,58.000000,25.062000,25.062000,600,0.001667
1367.000000,1368,DY-SIN-001,DYNAMIC_SINUSOIDAL,59.841956,25.000000,DOWN,TRANSIENT,59.580000,57.700000,24.989000,24.989000,600,0.001667
1368.000000,1369,DY-SIN-001,DYNAMIC_SINUSOIDAL,59.822873,25.000000,DOWN,TRANSIENT,59.600000,57.300000,24.971000,24.971000,600,0.001667
1369.000000,1370,DY-SIN-001,DYNAMIC_SINUSOIDAL,59.802712,25.000000,DOWN,TRANSIENT,59.600000,57.800000,24.958000,24.958000,600,0.001667
1370.000000,1371,DY-SIN-001,DYNAMIC_SINUSOIDAL,59.781476,25.000000,DOWN,TRANSIENT,59.610000,57.500000,24.996000,24.996000,600,0.001667
1371.000000,1372,DY-SIN-001,DYNAMIC_SINUSOIDAL,59.759168,25.000000,DOWN,TRANSIENT,59.580000,57.700000,25.043000,25.043000,600,0.001667
1372.000000,1373,DY-SIN-001,DYNAMIC_SINUSOIDAL,59.735789,25.000000,DOWN,TRANSIENT,59.610000,57.700000,24.954000,24.954000,600,0.001667
1373.000000,1374,DY-SIN-001,DYNAMIC_SINUSOIDAL,59.711343,25.000000,DOWN,TRANSIENT,59.660000,58.000000,24.985000,24.985000,600,0.001667
1374.000000,1375,DY-SIN-001,DYNAMIC_SINUSOIDAL,59.685832,25.000000,DOWN,TRANSIENT,59.600000,57.700000,25.074000,25.074000,600,0.001667
1375.000000,1376,DY-SIN-001,DYNAMIC_SINUSOIDAL,59.659258,25.000000,DOWN,TRANSIENT,59.680000,58.000000,24.978000,24.978000,600,0.001667
1376.000000,1377,DY-SIN-001,DYNAMIC_SINUSOIDAL,59.631626,25.000000,DOWN,TRANSIENT,59.700000,57.800000,25.041000,25.041000,600,0.001667
1377.000000,1378,DY-SIN-001,DYNAMIC_SINUSOIDAL,59.602937,25.000000,DOWN,TRANSIENT,59.740000,57.800000,25.030000,25.030000,600,0.001667
1378.000000,1379,DY-SIN-001,DYNAMIC_SINUSOIDAL,59.573195,25.000000,DOWN,TRANSIENT,59.740000,58.700000,25.052000,25.052000,600,0.001667
1379.000000,1380,DY-SIN-001,DYNAMIC_SINUSOIDAL,59.542403,25.000000,DOWN,TRANSIENT,59.780000,57.900000,25.043000,25.043000,600,0.001667
1380.000000,1381,DY-SIN-001,DYNAMIC_SINUSOIDAL,59.510565,25.000000,DOWN,TRANSIENT,59.800000,58.200000,25.063000,25.063000,600,0.001667
1381.000000,1382,DY-SIN-001,DYNAMIC_SINUSOIDAL,59.477684,25.000000,DOWN,TRANSIENT,59.800000,58.100000,25.039000,25.039000,600,0.001667
1382.000000,1383,DY-SIN-001,DYNAMIC_SINUSOIDAL,59.443764,25.000000,DOWN,TRANSIENT,59.870000,58.800000,25.009000,25.009000,600,0.001667
1383.000000,1384,DY-SIN-001,DYNAMIC_SINUSOIDAL,59.408808,25.000000,DOWN,TRANSIENT,59.790000,58.300000,25.001000,25.001000,600,0.001667
1384.000000,1385,DY-SIN-001,DYNAMIC_SINUSOIDAL,59.372820,25.000000,DOWN,TRANSIENT,59.750000,57.900000,25.091000,25.091000,600,0.001667
1385.000000,1386,DY-SIN-001,DYNAMIC_SINUSOIDAL,59.335804,25.000000,DOWN,TRANSIENT,59.750000,58.700000,25.074000,25.074000,600,0.001667
1386.000000,1387,DY-SIN-001,DYNAMIC_SINUSOIDAL,59.297765,25.000000,DOWN,TRANSIENT,59.770000,58.400000,25.028000,25.028000,600,0.001667
1387.000000,1388,DY-SIN-001,DYNAMIC_SINUSOIDAL,59.258706,25.000000,DOWN,TRANSIENT,59.720000,58.500000,25.008000,25.008000,600,0.001667
1388.000000,1389,DY-SIN-001,DYNAMIC_SINUSOIDAL,59.218632,25.000000,DOWN,TRANSIENT,59.770000,59.000000,25.004000,25.004000,600,0.001667
1389.000000,1390,DY-SIN-001,DYNAMIC_SINUSOIDAL,59.177546,25.000000,DOWN,TRANSIENT,59.720000,58.600000,24.986000,24.986000,600,0.001667
1390.000000,1391,DY-SIN-001,DYNAMIC_SINUSOIDAL,59.135455,25.000000,DOWN,TRANSIENT,59.800000,58.000000,25.002000,25.002000,600,0.001667
1391.000000,1392,DY-SIN-001,DYNAMIC_SINUSOIDAL,59.092361,25.000000,DOWN,TRANSIENT,59.720000,58.500000,25.042000,25.042000,600,0.001667
1392.000000,1393,DY-SIN-001,DYNAMIC_SINUSOIDAL,59.048271,25.000000,DOWN,TRANSIENT,59.670000,58.600000,25.022000,25.022000,600,0.001667
1393.000000,1394,DY-SIN-001,DYNAMIC_SINUSOIDAL,59.003188,25.000000,DOWN,TRANSIENT,59.720000,58.500000,25.044000,25.044000,600,0.001667
1394.000000,1395,DY-SIN-001,DYNAMIC_SINUSOIDAL,58.957118,25.000000,DOWN,TRANSIENT,59.790000,59.100000,25.038000,25.038000,600,0.001667
1395.000000,1396,DY-SIN-001,DYNAMIC_SINUSOIDAL,58.910065,25.000000,DOWN,TRANSIENT,59.650000,59.100000,25.028000,25.028000,600,0.001667
1396.000000,1397,DY-SIN-001,DYNAMIC_SINUSOIDAL,58.862036,25.000000,DOWN,TRANSIENT,59.750000,58.800000,25.031000,25.031000,600,0.001667
1397.000000,1398,DY-SIN-001,DYNAMIC_SINUSOIDAL,58.813035,25.000000,DOWN,TRANSIENT,59.760000,58.700000,24.998000,24.998000,600,0.001667
1398.000000,1399,DY-SIN-001,DYNAMIC_SINUSOIDAL,58.763067,25.000000,DOWN,TRANSIENT,59.820000,58.700000,25.095000,25.095000,600,0.001667
1399.000000,1400,DY-SIN-001,DYNAMIC_SINUSOIDAL,58.712138,25.000000,DOWN,TRANSIENT,59.740000,59.200000,24.968000,24.968000,600,0.001667
1400.000000,1401,DY-SIN-001,DYNAMIC_SINUSOIDAL,58.660254,25.000000,DOWN,TRANSIENT,59.690000,58.700000,25.007000,25.007000,600,0.001667
1401.000000,1402,DY-SIN-001,DYNAMIC_SINUSOIDAL,58.607420,25.000000,DOWN,TRANSIENT,59.610000,58.100000,24.998000,24.998000,600,0.001667
1402.000000,1403,DY-SIN-001,DYNAMIC_SINUSOIDAL,58.553643,25.000000,DOWN,TRANSIENT,59.670000,59.300000,24.990000,24.990000,600,0.001667
1403.000000,1404,DY-SIN-001,DYNAMIC_SINUSOIDAL,58.498927,25.000000,DOWN,TRANSIENT,59.540000,58.400000,24.979000,24.979000,600,0.001667
1404.000000,1405,DY-SIN-001,DYNAMIC_SINUSOIDAL,58.443279,25.000000,DOWN,TRANSIENT,59.630000,58.900000,25.034000,25.034000,600,0.001667
1405.000000,1406,DY-SIN-001,DYNAMIC_SINUSOIDAL,58.386706,25.000000,DOWN,TRANSIENT,59.490000,58.600000,25.017000,25.017000,600,0.001667
1406.000000,1407,DY-SIN-001,DYNAMIC_SINUSOIDAL,58.329212,25.000000,DOWN,TRANSIENT,59.520000,58.900000,24.990000,24.990000,600,0.001667
1407.000000,1408,DY-SIN-001,DYNAMIC_SINUSOIDAL,58.270806,25.000000,DOWN,TRANSIENT,59.510000,58.700000,24.999000,24.999000,600,0.001667
1408.000000,1409,DY-SIN-001,DYNAMIC_SINUSOIDAL,58.211492,25.000000,DOWN,TRANSIENT,59.490000,58.900000,25.025000,25.025000,600,0.001667
1409.000000,1410,DY-SIN-001,DYNAMIC_SINUSOIDAL,58.151278,25.000000,DOWN,TRANSIENT,59.480000,58.500000,24.997000,24.997000,600,0.001667
1410.000000,1411,DY-SIN-001,DYNAMIC_SINUSOIDAL,58.090170,25.000000,DOWN,TRANSIENT,59.330000,59.200000,25.037000,25.037000,600,0.001667
1411.000000,1412,DY-SIN-001,DYNAMIC_SINUSOIDAL,58.028175,25.000000,DOWN,TRANSIENT,59.420000,58.300000,25.039000,25.039000,600,0.001667
1412.000000,1413,DY-SIN-001,DYNAMIC_SINUSOIDAL,57.965299,25.000000,DOWN,TRANSIENT,59.350000,58.800000,24.999000,24.999000,600,0.001667
1413.000000,1414,DY-SIN-001,DYNAMIC_SINUSOIDAL,57.901550,25.000000,DOWN,TRANSIENT,59.370000,58.400000,25.022000,25.022000,600,0.001667
1414.000000,1415,DY-SIN-001,DYNAMIC_SINUSOIDAL,57.836935,25.000000,DOWN,TRANSIENT,59.320000,59.200000,24.975000,24.975000,600,0.001667
1415.000000,1416,DY-SIN-001,DYNAMIC_SINUSOIDAL,57.771460,25.000000,DOWN,TRANSIENT,59.250000,58.200000,25.037000,25.037000,600,0.001667
1416.000000,1417,DY-SIN-001,DYNAMIC_SINUSOIDAL,57.705132,25.000000,DOWN,TRANSIENT,59.230000,59.100000,25.040000,25.040000,600,0.001667
1417.000000,1418,DY-SIN-001,DYNAMIC_SINUSOIDAL,57.637960,25.000000,DOWN,TRANSIENT,59.190000,58.800000,25.027000,25.027000,600,0.001667
1418.000000,1419,DY-SIN-001,DYNAMIC_SINUSOIDAL,57.569951,25.000000,DOWN,TRANSIENT,59.190000,58.300000,25.022000,25.022000,600,0.001667
1419.000000,1420,DY-SIN-001,DYNAMIC_SINUSOIDAL,57.501111,25.000000,DOWN,TRANSIENT,59.200000,58.700000,24.964000,24.964000,600,0.001667
1420.000000,1421,DY-SIN-001,DYNAMIC_SINUSOIDAL,57.431448,25.000000,DOWN,TRANSIENT,59.140000,58.600000,24.994000,24.994000,600,0.001667
1421.000000,1422,DY-SIN-001,DYNAMIC_SINUSOIDAL,57.360971,25.000000,DOWN,TRANSIENT,59.080000,58.900000,24.974000,24.974000,600,0.001667
1422.000000,1423,DY-SIN-001,DYNAMIC_SINUSOIDAL,57.289686,25.000000,DOWN,TRANSIENT,59.030000,58.800000,24.987000,24.987000,600,0.001667
1423.000000,1424,DY-SIN-001,DYNAMIC_SINUSOIDAL,57.217602,25.000000,DOWN,TRANSIENT,59.100000,58.500000,24.942000,24.942000,600,0.001667
1424.000000,1425,DY-SIN-001,DYNAMIC_SINUSOIDAL,57.144727,25.000000,DOWN,TRANSIENT,58.960000,58.800000,25.038000,25.038000,600,0.001667
1425.000000,1426,DY-SIN-001,DYNAMIC_SINUSOIDAL,57.071068,25.000000,DOWN,TRANSIENT,59.000000,58.800000,25.005000,25.005000,600,0.001667
1426.000000,1427,DY-SIN-001,DYNAMIC_SINUSOIDAL,56.996633,25.000000,DOWN,TRANSIENT,58.950000,58.500000,25.035000,25.035000,600,0.001667
1427.000000,1428,DY-SIN-001,DYNAMIC_SINUSOIDAL,56.921432,25.000000,DOWN,TRANSIENT,58.940000,58.300000,24.957000,24.957000,600,0.001667
1428.000000,1429,DY-SIN-001,DYNAMIC_SINUSOIDAL,56.845471,25.000000,DOWN,TRANSIENT,58.870000,58.400000,25.052000,25.052000,600,0.001667
1429.000000,1430,DY-SIN-001,DYNAMIC_SINUSOIDAL,56.768760,25.000000,DOWN,TRANSIENT,58.740000,58.500000,25.008000,25.008000,600,0.001667
1430.000000,1431,DY-SIN-001,DYNAMIC_SINUSOIDAL,56.691306,25.000000,DOWN,TRANSIENT,58.770000,58.700000,25.043000,25.043000,600,0.001667
1431.000000,1432,DY-SIN-001,DYNAMIC_SINUSOIDAL,56.613119,25.000000,DOWN,TRANSIENT,58.700000,58.400000,25.029000,25.029000,600,0.001667
1432.000000,1433,DY-SIN-001,DYNAMIC_SINUSOIDAL,56.534206,25.000000,DOWN,TRANSIENT,58.650000,58.800000,25.077000,25.077000,600,0.001667
1433.000000,1434,DY-SIN-001,DYNAMIC_SINUSOIDAL,56.454577,25.000000,DOWN,TRANSIENT,58.600000,58.600000,25.032000,25.032000,600,0.001667
1434.000000,1435,DY-SIN-001,DYNAMIC_SINUSOIDAL,56.374240,25.000000,DOWN,TRANSIENT,58.600000,58.800000,25.009000,25.009000,600,0.001667
1435.000000,1436,DY-SIN-001,DYNAMIC_SINUSOIDAL,56.293204,25.000000,DOWN,TRANSIENT,58.620000,58.900000,25.043000,25.043000,600,0.001667
1436.000000,1437,DY-SIN-001,DYNAMIC_SINUSOIDAL,56.211478,25.000000,DOWN,TRANSIENT,58.480000,58.800000,25.038000,25.038000,600,0.001667
1437.000000,1438,DY-SIN-001,DYNAMIC_SINUSOIDAL,56.129071,25.000000,DOWN,TRANSIENT,58.390000,58.200000,24.974000,24.974000,600,0.001667
1438.000000,1439,DY-SIN-001,DYNAMIC_SINUSOIDAL,56.045991,25.000000,DOWN,TRANSIENT,58.350000,58.500000,25.017000,25.017000,600,0.001667
1439.000000,1440,DY-SIN-001,DYNAMIC_SINUSOIDAL,55.962249,25.000000,DOWN,TRANSIENT,58.290000,58.200000,25.037000,25.037000,600,0.001667
1440.000000,1441,DY-SIN-001,DYNAMIC_SINUSOIDAL,55.877853,25.000000,DOWN,TRANSIENT,58.250000,58.000000,25.011000,25.011000,600,0.001667
1441.000000,1442,DY-SIN-001,DYNAMIC_SINUSOIDAL,55.792812,25.000000,DOWN,TRANSIENT,58.280000,58.100000,25.026000,25.026000,600,0.001667
1442.000000,1443,DY-SIN-001,DYNAMIC_SINUSOIDAL,55.707136,25.000000,DOWN,TRANSIENT,58.200000,58.100000,25.001000,25.001000,600,0.001667
1443.000000,1444,DY-SIN-001,DYNAMIC_SINUSOIDAL,55.620834,25.000000,DOWN,TRANSIENT,58.130000,58.300000,24.994000,24.994000,600,0.001667
1444.000000,1445,DY-SIN-001,DYNAMIC_SINUSOIDAL,55.533915,25.000000,DOWN,TRANSIENT,58.150000,58.400000,25.029000,25.029000,600,0.001667
1445.000000,1446,DY-SIN-001,DYNAMIC_SINUSOIDAL,55.446390,25.000000,DOWN,TRANSIENT,57.950000,58.100000,24.990000,24.990000,600,0.001667
1446.000000,1447,DY-SIN-001,DYNAMIC_SINUSOIDAL,55.358268,25.000000,DOWN,TRANSIENT,57.920000,57.700000,25.013000,25.013000,600,0.001667
1447.000000,1448,DY-SIN-001,DYNAMIC_SINUSOIDAL,55.269558,25.000000,DOWN,TRANSIENT,57.840000,58.000000,24.987000,24.987000,600,0.001667
1448.000000,1449,DY-SIN-001,DYNAMIC_SINUSOIDAL,55.180270,25.000000,DOWN,TRANSIENT,57.890000,57.500000,24.967000,24.967000,600,0.001667
1449.000000,1450,DY-SIN-001,DYNAMIC_SINUSOIDAL,55.090414,25.000000,DOWN,TRANSIENT,57.780000,57.900000,25.000000,25.000000,600,0.001667
1450.000000,1451,DY-SIN-001,DYNAMIC_SINUSOIDAL,55.000000,25.000000,DOWN,TRANSIENT,57.760000,57.700000,25.000000,25.000000,600,0.001667
1451.000000,1452,DY-SIN-001,DYNAMIC_SINUSOIDAL,54.909038,25.000000,DOWN,TRANSIENT,57.580000,58.000000,25.099000,25.099000,600,0.001667
1452.000000,1453,DY-SIN-001,DYNAMIC_SINUSOIDAL,54.817537,25.000000,DOWN,TRANSIENT,57.510000,57.400000,25.070000,25.070000,600,0.001667
1453.000000,1454,DY-SIN-001,DYNAMIC_SINUSOIDAL,54.725508,25.000000,DOWN,TRANSIENT,57.530000,57.800000,25.044000,25.044000,600,0.001667
1454.000000,1455,DY-SIN-001,DYNAMIC_SINUSOIDAL,54.632960,25.000000,DOWN,TRANSIENT,57.430000,57.700000,24.931000,24.931000,600,0.001667
1455.000000,1456,DY-SIN-001,DYNAMIC_SINUSOIDAL,54.539905,25.000000,DOWN,TRANSIENT,57.360000,57.700000,25.000000,25.000000,600,0.001667
1456.000000,1457,DY-SIN-001,DYNAMIC_SINUSOIDAL,54.446352,25.000000,DOWN,TRANSIENT,57.340000,57.700000,25.035000,25.035000,600,0.001667
1457.000000,1458,DY-SIN-001,DYNAMIC_SINUSOIDAL,54.352311,25.000000,DOWN,TRANSIENT,57.270000,57.900000,25.003000,25.003000,600,0.001667
1458.000000,1459,DY-SIN-001,DYNAMIC_SINUSOIDAL,54.257793,25.000000,DOWN,TRANSIENT,57.160000,57.600000,25.009000,25.009000,600,0.001667
1459.000000,1460,DY-SIN-001,DYNAMIC_SINUSOIDAL,54.162808,25.000000,DOWN,TRANSIENT,57.120000,57.400000,25.039000,25.039000,600,0.001667
1460.000000,1461,DY-SIN-001,DYNAMIC_SINUSOIDAL,54.067366,25.000000,DOWN,TRANSIENT,57.030000,57.400000,24.997000,24.997000,600,0.001667
1461.000000,1462,DY-SIN-001,DYNAMIC_SINUSOIDAL,53.971479,25.000000,DOWN,TRANSIENT,57.000000,57.000000,25.002000,25.002000,600,0.001667
1462.000000,1463,DY-SIN-001,DYNAMIC_SINUSOIDAL,53.875156,25.000000,DOWN,TRANSIENT,56.970000,57.400000,25.057000,25.057000,600,0.001667
1463.000000,1464,DY-SIN-001,DYNAMIC_SINUSOIDAL,53.778408,25.000000,DOWN,TRANSIENT,56.820000,57.200000,24.998000,24.998000,600,0.001667
1464.000000,1465,DY-SIN-001,DYNAMIC_SINUSOIDAL,53.681246,25.000000,DOWN,TRANSIENT,56.680000,57.300000,25.039000,25.039000,600,0.001667
1465.000000,1466,DY-SIN-001,DYNAMIC_SINUSOIDAL,53.583679,25.000000,DOWN,TRANSIENT,56.740000,56.900000,25.049000,25.049000,600,0.001667
1466.000000,1467,DY-SIN-001,DYNAMIC_SINUSOIDAL,53.485720,25.000000,DOWN,TRANSIENT,56.600000,57.400000,25.042000,25.042000,600,0.001667
1467.000000,1468,DY-SIN-001,DYNAMIC_SINUSOIDAL,53.387379,25.000000,DOWN,TRANSIENT,56.590000,57.200000,25.042000,25.042000,600,0.001667
1468.000000,1469,DY-SIN-001,DYNAMIC_SINUSOIDAL,53.288666,25.000000,DOWN,TRANSIENT,56.510000,56.800000,25.018000,25.018000,600,0.001667
1469.000000,1470,DY-SIN-001,DYNAMIC_SINUSOIDAL,53.189593,25.000000,DOWN,TRANSIENT,56.420000,57.400000,25.027000,25.027000,600,0.001667
1470.000000,1471,DY-SIN-001,DYNAMIC_SINUSOIDAL,53.090170,25.000000,DOWN,TRANSIENT,56.350000,57.300000,25.085000,25.085000,600,0.001667
1471.000000,1472,DY-SIN-001,DYNAMIC_SINUSOIDAL,52.990408,25.000000,DOWN,TRANSIENT,56.210000,56.900000,24.977000,24.977000,600,0.001667
1472.000000,1473,DY-SIN-001,DYNAMIC_SINUSOIDAL,52.890318,25.000000,DOWN,TRANSIENT,56.180000,56.600000,24.996000,24.996000,600,0.001667
1473.000000,1474,DY-SIN-001,DYNAMIC_SINUSOIDAL,52.789911,25.000000,DOWN,TRANSIENT,56.110000,56.400000,25.022000,25.022000,600,0.001667
1474.000000,1475,DY-SIN-001,DYNAMIC_SINUSOIDAL,52.689198,25.000000,DOWN,TRANSIENT,56.070000,56.600000,24.969000,24.969000,600,0.001667
1475.000000,1476,DY-SIN-001,DYNAMIC_SINUSOIDAL,52.588190,25.000000,DOWN,TRANSIENT,56.010000,56.800000,24.974000,24.974000,600,0.001667
1476.000000,1477,DY-SIN-001,DYNAMIC_SINUSOIDAL,52.486899,25.000000,DOWN,TRANSIENT,55.900000,55.700000,24.983000,24.983000,600,0.001667
1477.000000,1478,DY-SIN-001,DYNAMIC_SINUSOIDAL,52.385335,25.000000,DOWN,TRANSIENT,55.790000,56.400000,25.007000,25.007000,600,0.001667
1478.000000,1479,DY-SIN-001,DYNAMIC_SINUSOIDAL,52.283509,25.000000,DOWN,TRANSIENT,55.720000,56.100000,25.004000,25.004000,600,0.001667
1479.000000,1480,DY-SIN-001,DYNAMIC_SINUSOIDAL,52.181432,25.000000,DOWN,TRANSIENT,55.590000,56.100000,25.024000,25.024000,600,0.001667
1480.000000,1481,DY-SIN-001,DYNAMIC_SINUSOIDAL,52.079117,25.000000,DOWN,TRANSIENT,55.510000,55.900000,25.100000,25.100000,600,0.001667
1481.000000,1482,DY-SIN-001,DYNAMIC_SINUSOIDAL,51.976573,25.000000,DOWN,TRANSIENT,55.430000,55.900000,25.016000,25.016000,600,0.001667
1482.000000,1483,DY-SIN-001,DYNAMIC_SINUSOIDAL,51.873813,25.000000,DOWN,TRANSIENT,55.340000,56.200000,24.982000,24.982000,600,0.001667
1483.000000,1484,DY-SIN-001,DYNAMIC_SINUSOIDAL,51.770847,25.000000,DOWN,TRANSIENT,55.340000,55.600000,24.987000,24.987000,600,0.001667
1484.000000,1485,DY-SIN-001,DYNAMIC_SINUSOIDAL,51.667687,25.000000,DOWN,TRANSIENT,55.290000,56.100000,24.999000,24.999000,600,0.001667
1485.000000,1486,DY-SIN-001,DYNAMIC_SINUSOIDAL,51.564345,25.000000,DOWN,TRANSIENT,55.080000,55.700000,25.000000,25.000000,600,0.001667
1486.000000,1487,DY-SIN-001,DYNAMIC_SINUSOIDAL,51.460830,25.000000,DOWN,TRANSIENT,54.970000,56.200000,25.051000,25.051000,600,0.001667
1487.000000,1488,DY-SIN-001,DYNAMIC_SINUSOIDAL,51.357156,25.000000,DOWN,TRANSIENT,54.950000,55.500000,25.019000,25.019000,600,0.001667
1488.000000,1489,DY-SIN-001,DYNAMIC_SINUSOIDAL,51.253332,25.000000,DOWN,TRANSIENT,54.840000,55.700000,25.065000,25.065000,600,0.001667
1489.000000,1490,DY-SIN-001,DYNAMIC_SINUSOIDAL,51.149372,25.000000,DOWN,TRANSIENT,54.830000,55.600000,25.075000,25.075000,600,0.001667
1490.000000,1491,DY-SIN-001,DYNAMIC_SINUSOIDAL,51.045285,25.000000,DOWN,TRANSIENT,54.690000,55.500000,25.063000,25.063000,600,0.001667
1491.000000,1492,DY-SIN-001,DYNAMIC_SINUSOIDAL,50.941083,25.000000,DOWN,TRANSIENT,54.600000,55.900000,25.053000,25.053000,600,0.001667
1492.000000,1493,DY-SIN-001,DYNAMIC_SINUSOIDAL,50.836778,25.000000,DOWN,TRANSIENT,54.410000,55.700000,24.981000,24.981000,600,0.001667
1493.000000,1494,DY-SIN-001,DYNAMIC_SINUSOIDAL,50.732382,25.000000,DOWN,TRANSIENT,54.430000,54.700000,25.065000,25.065000,600,0.001667
1494.000000,1495,DY-SIN-001,DYNAMIC_SINUSOIDAL,50.627905,25.000000,DOWN,TRANSIENT,54.260000,55.600000,24.950000,24.950000,600,0.001667
1495.000000,1496,DY-SIN-001,DYNAMIC_SINUSOIDAL,50.523360,25.000000,DOWN,TRANSIENT,54.210000,55.100000,24.920000,24.920000,600,0.001667
1496.000000,1497,DY-SIN-001,DYNAMIC_SINUSOIDAL,50.418757,25.000000,DOWN,TRANSIENT,54.130000,54.900000,24.975000,24.975000,600,0.001667
1497.000000,1498,DY-SIN-001,DYNAMIC_SINUSOIDAL,50.314108,25.000000,DOWN,TRANSIENT,54.050000,55.200000,25.029000,25.029000,600,0.001667
1498.000000,1499,DY-SIN-001,DYNAMIC_SINUSOIDAL,50.209424,25.000000,DOWN,TRANSIENT,53.840000,55.300000,25.026000,25.026000,600,0.001667
1499.000000,1500,DY-SIN-001,DYNAMIC_SINUSOIDAL,50.104718,25.000000,DOWN,TRANSIENT,53.840000,54.900000,25.004000,25.004000,600,0.001667
1500.000000,1501,DY-SIN-001,DYNAMIC_SINUSOIDAL,50.000000,25.000000,DOWN,TRANSIENT,53.710000,54.900000,25.016000,25.016000,600,0.001667
1501.000000,1502,DY-SIN-001,DYNAMIC_SINUSOIDAL,49.895282,25.000000,DOWN,TRANSIENT,53.640000,54.700000,25.015000,25.015000,600,0.001667
1502.000000,1503,DY-SIN-001,DYNAMIC_SINUSOIDAL,49.790576,25.000000,DOWN,TRANSIENT,53.530000,54.500000,25.004000,25.004000,600,0.001667
1503.000000,1504,DY-SIN-001,DYNAMIC_SINUSOIDAL,49.685892,25.000000,DOWN,TRANSIENT,53.490000,54.500000,25.053000,25.053000,600,0.001667
1504.000000,1505,DY-SIN-001,DYNAMIC_SINUSOIDAL,49.581243,25.000000,DOWN,TRANSIENT,53.410000,54.500000,24.996000,24.996000,600,0.001667
1505.000000,1506,DY-SIN-001,DYNAMIC_SINUSOIDAL,49.476640,25.000000,DOWN,TRANSIENT,53.320000,53.900000,25.044000,25.044000,600,0.001667
1506.000000,1507,DY-SIN-001,DYNAMIC_SINUSOIDAL,49.372095,25.000000,DOWN,TRANSIENT,53.170000,54.400000,25.060000,25.060000,600,0.001667
1507.000000,1508,DY-SIN-001,DYNAMIC_SINUSOIDAL,49.267618,25.000000,DOWN,TRANSIENT,53.080000,54.100000,25.033000,25.033000,600,0.001667
1508.000000,1509,DY-SIN-001,DYNAMIC_SINUSOIDAL,49.163222,25.000000,DOWN,TRANSIENT,53.020000,54.000000,24.999000,24.999000,600,0.001667
1509.000000,1510,DY-SIN-001,DYNAMIC_SINUSOIDAL,49.058917,25.000000,DOWN,TRANSIENT,52.910000,53.800000,25.031000,25.031000,600,0.001667
1510.000000,1511,DY-SIN-001,DYNAMIC_SINUSOIDAL,48.954715,25.000000,DOWN,TRANSIENT,52.790000,54.100000,24.962000,24.962000,600,0.001667
1511.000000,1512,DY-SIN-001,DYNAMIC_SINUSOIDAL,48.850628,25.000000,DOWN,TRANSIENT,52.750000,54.500000,24.992000,24.992000,600,0.001667
1512.000000,1513,DY-SIN-001,DYNAMIC_SINUSOIDAL,48.746668,25.000000,DOWN,TRANSIENT,52.630000,53.200000,25.017000,25.017000,600,0.001667
1513.000000,1514,DY-SIN-001,DYNAMIC_SINUSOIDAL,48.642844,25.000000,DOWN,TRANSIENT,52.380000,53.200000,25.007000,25.007000,600,0.001667
1514.000000,1515,DY-SIN-001,DYNAMIC_SINUSOIDAL,48.539170,25.000000,DOWN,TRANSIENT,52.430000,53.300000,24.970000,24.970000,600,0.001667
1515.000000,1516,DY-SIN-001,DYNAMIC_SINUSOIDAL,48.435655,25.000000,DOWN,TRANSIENT,52.280000,53.100000,25.076000,25.076000,600,0.001667
1516.000000,1517,DY-SIN-001,DYNAMIC_SINUSOIDAL,48.332313,25.000000,DOWN,TRANSIENT,52.260000,53.400000,25.032000,25.032000,600,0.001667
1517.000000,1518,DY-SIN-001,DYNAMIC_SINUSOIDAL,48.229153,25.000000,DOWN,TRANSIENT,52.050000,53.000000,25.013000,25.013000,600,0.001667
1518.000000,1519,DY-SIN-001,DYNAMIC_SINUSOIDAL,48.126187,25.000000,DOWN,TRANSIENT,52.030000,53.300000,25.045000,25.045000,600,0.001667
1519.000000,1520,DY-SIN-001,DYNAMIC_SINUSOIDAL,48.023427,25.000000,DOWN,TRANSIENT,51.880000,53.100000,25.005000,25.005000,600,0.001667
1520.000000,1521,DY-SIN-001,DYNAMIC_SINUSOIDAL,47.920883,25.000000,DOWN,TRANSIENT,51.780000,53.200000,25.050000,25.050000,600,0.001667
1521.000000,1522,DY-SIN-001,DYNAMIC_SINUSOIDAL,47.818568,25.000000,DOWN,TRANSIENT,51.670000,52.700000,24.985000,24.985000,600,0.001667
1522.000000,1523,DY-SIN-001,DYNAMIC_SINUSOIDAL,47.716491,25.000000,DOWN,TRANSIENT,51.610000,52.700000,24.965000,24.965000,600,0.001667
1523.000000,1524,DY-SIN-001,DYNAMIC_SINUSOIDAL,47.614665,25.000000,DOWN,TRANSIENT,51.490000,52.200000,25.019000,25.019000,600,0.001667
1524.000000,1525,DY-SIN-001,DYNAMIC_SINUSOIDAL,47.513101,25.000000,DOWN,TRANSIENT,51.420000,52.500000,25.062000,25.062000,600,0.001667
1525.000000,1526,DY-SIN-001,DYNAMIC_SINUSOIDAL,47.411810,25.000000,DOWN,TRANSIENT,51.310000,52.200000,24.955000,24.955000,600,0.001667
1526.000000,1527,DY-SIN-001,DYNAMIC_SINUSOIDAL,47.310802,25.000000,DOWN,TRANSIENT,51.170000,52.200000,25.070000,25.070000,600,0.001667
1527.000000,1528,DY-SIN-001,DYNAMIC_SINUSOIDAL,47.210089,25.000000,DOWN,TRANSIENT,51.060000,52.300000,24.996000,24.996000,600,0.001667
1528.000000,1529,DY-SIN-001,DYNAMIC_SINUSOIDAL,47.109682,25.000000,DOWN,TRANSIENT,50.990000,52.300000,24.992000,24.992000,600,0.001667
1529.000000,1530,DY-SIN-001,DYNAMIC_SINUSOIDAL,47.009592,25.000000,DOWN,TRANSIENT,50.870000,52.400000,24.988000,24.988000,600,0.001667
1530.000000,1531,DY-SIN-001,DYNAMIC_SINUSOIDAL,46.909830,25.000000,DOWN,TRANSIENT,50.840000,52.300000,25.049000,25.049000,600,0.001667
1531.000000,1532,DY-SIN-001,DYNAMIC_SINUSOIDAL,46.810407,25.000000,DOWN,TRANSIENT,50.770000,52.300000,25.004000,25.004000,600,0.001667
1532.000000,1533,DY-SIN-001,DYNAMIC_SINUSOIDAL,46.711334,25.000000,DOWN,TRANSIENT,50.560000,51.800000,24.994000,24.994000,600,0.001667
1533.000000,1534,DY-SIN-001,DYNAMIC_SINUSOIDAL,46.612621,25.000000,DOWN,TRANSIENT,50.500000,52.000000,24.990000,24.990000,600,0.001667
1534.000000,1535,DY-SIN-001,DYNAMIC_SINUSOIDAL,46.514280,25.000000,DOWN,TRANSIENT,50.320000,52.100000,25.002000,25.002000,600,0.001667
1535.000000,1536,DY-SIN-001,DYNAMIC_SINUSOIDAL,46.416321,25.000000,DOWN,TRANSIENT,50.360000,51.200000,25.005000,25.005000,600,0.001667
1536.000000,1537,DY-SIN-001,DYNAMIC_SINUSOIDAL,46.318754,25.000000,DOWN,TRANSIENT,50.250000,51.100000,25.021000,25.021000,600,0.001667
1537.000000,1538,DY-SIN-001,DYNAMIC_SINUSOIDAL,46.221592,25.000000,DOWN,TRANSIENT,50.110000,51.400000,24.993000,24.993000,600,0.001667
1538.000000,1539,DY-SIN-001,DYNAMIC_SINUSOIDAL,46.124844,25.000000,DOWN,TRANSIENT,50.020000,51.400000,25.017000,25.017000,600,0.001667
1539.000000,1540,DY-SIN-001,DYNAMIC_SINUSOIDAL,46.028521,25.000000,DOWN,TRANSIENT,49.860000,51.300000,25.016000,25.016000,600,0.001667
1540.000000,1541,DY-SIN-001,DYNAMIC_SINUSOIDAL,45.932634,25.000000,DOWN,TRANSIENT,49.800000,51.100000,24.976000,24.976000,600,0.001667
1541.000000,1542,DY-SIN-001,DYNAMIC_SINUSOIDAL,45.837192,25.000000,DOWN,TRANSIENT,49.690000,51.300000,25.037000,25.037000,600,0.001667
1542.000000,1543,DY-SIN-001,DYNAMIC_SINUSOIDAL,45.742207,25.000000,DOWN,TRANSIENT,49.580000,50.600000,25.098000,25.098000,600,0.001667
1543.000000,1544,DY-SIN-001,DYNAMIC_SINUSOIDAL,45.647689,25.000000,DOWN,TRANSIENT,49.510000,51.000000,25.024000,25.024000,600,0.001667
1544.000000,1545,DY-SIN-001,DYNAMIC_SINUSOIDAL,45.553648,25.000000,DOWN,TRANSIENT,49.380000,50.400000,25.038000,25.038000,600,0.001667
1545.000000,1546,DY-SIN-001,DYNAMIC_SINUSOIDAL,45.460095,25.000000,DOWN,TRANSIENT,49.390000,50.500000,25.061000,25.061000,600,0.001667
1546.000000,1547,DY-SIN-001,DYNAMIC_SINUSOIDAL,45.367040,25.000000,DOWN,TRANSIENT,49.160000,50.600000,25.017000,25.017000,600,0.001667
1547.000000,1548,DY-SIN-001,DYNAMIC_SINUSOIDAL,45.274492,25.000000,DOWN,TRANSIENT,49.160000,50.400000,25.032000,25.032000,600,0.001667
1548.000000,1549,DY-SIN-001,DYNAMIC_SINUSOIDAL,45.182463,25.000000,DOWN,TRANSIENT,48.930000,50.400000,25.078000,25.078000,600,0.001667
1549.000000,1550,DY-SIN-001,DYNAMIC_SINUSOIDAL,45.090962,25.000000,DOWN,TRANSIENT,48.920000,50.300000,25.016000,25.016000,600,0.001667
1550.000000,1551,DY-SIN-001,DYNAMIC_SINUSOIDAL,45.000000,25.000000,DOWN,TRANSIENT,48.880000,49.600000,24.951000,24.951000,600,0.001667
1551.000000,1552,DY-SIN-001,DYNAMIC_SINUSOIDAL,44.909586,25.000000,DOWN,TRANSIENT,48.750000,49.900000,25.033000,25.033000,600,0.001667
1552.000000,1553,DY-SIN-001,DYNAMIC_SINUSOIDAL,44.819730,25.000000,DOWN,TRANSIENT,48.660000,50.000000,25.028000,25.028000,600,0.001667
1553.000000,1554,DY-SIN-001,DYNAMIC_SINUSOIDAL,44.730442,25.000000,DOWN,TRANSIENT,48.570000,49.500000,25.034000,25.034000,600,0.001667
1554.000000,1555,DY-SIN-001,DYNAMIC_SINUSOIDAL,44.641732,25.000000,DOWN,TRANSIENT,48.380000,49.600000,24.983000,24.983000,600,0.001667
1555.000000,1556,DY-SIN-001,DYNAMIC_SINUSOIDAL,44.553610,25.000000,DOWN,TRANSIENT,48.200000,49.400000,25.021000,25.021000,600,0.001667
1556.000000,1557,DY-SIN-001,DYNAMIC_SINUSOIDAL,44.466085,25.000000,DOWN,TRANSIENT,48.140000,49.700000,25.051000,25.051000,600,0.001667
1557.000000,1558,DY-SIN-001,DYNAMIC_SINUSOIDAL,44.379166,25.000000,DOWN,TRANSIENT,48.110000,49.500000,25.029000,25.029000,600,0.001667
1558.000000,1559,DY-SIN-001,DYNAMIC_SINUSOIDAL,44.292864,25.000000,DOWN,TRANSIENT,48.080000,49.200000,25.019000,25.019000,600,0.001667
1559.000000,1560,DY-SIN-001,DYNAMIC_SINUSOIDAL,44.207188,25.000000,DOWN,TRANSIENT,47.930000,49.400000,25.026000,25.026000,600,0.001667
1560.000000,1561,DY-SIN-001,DYNAMIC_SINUSOIDAL,44.122147,25.000000,DOWN,TRANSIENT,47.840000,49.400000,25.013000,25.013000,600,0.001667
1561.000000,1562,DY-SIN-001,DYNAMIC_SINUSOIDAL,44.037751,25.000000,DOWN,TRANSIENT,47.730000,49.100000,25.017000,25.017000,600,0.001667
1562.000000,1563,DY-SIN-001,DYNAMIC_SINUSOIDAL,43.954009,25.000000,DOWN,TRANSIENT,47.630000,49.000000,24.991000,24.991000,600,0.001667
1563.000000,1564,DY-SIN-001,DYNAMIC_SINUSOIDAL,43.870929,25.000000,DOWN,TRANSIENT,47.640000,48.900000,25.053000,25.053000,600,0.001667
1564.000000,1565,DY-SIN-001,DYNAMIC_SINUSOIDAL,43.788522,25.000000,DOWN,TRANSIENT,47.440000,49.200000,24.969000,24.969000,600,0.001667
1565.000000,1566,DY-SIN-001,DYNAMIC_SINUSOIDAL,43.706796,25.000000,DOWN,TRANSIENT,47.360000,48.700000,25.052000,25.052000,600,0.001667
1566.000000,1567,DY-SIN-001,DYNAMIC_SINUSOIDAL,43.625760,25.000000,DOWN,TRANSIENT,47.270000,48.300000,25.019000,25.019000,600,0.001667
1567.000000,1568,DY-SIN-001,DYNAMIC_SINUSOIDAL,43.545423,25.000000,DOWN,TRANSIENT,47.220000,48.600000,25.000000,25.000000,600,0.001667
1568.000000,1569,DY-SIN-001,DYNAMIC_SINUSOIDAL,43.465794,25.000000,DOWN,TRANSIENT,47.120000,48.600000,24.996000,24.996000,600,0.001667
1569.000000,1570,DY-SIN-001,DYNAMIC_SINUSOIDAL,43.386881,25.000000,DOWN,TRANSIENT,47.060000,48.200000,25.060000,25.060000,600,0.001667
1570.000000,1571,DY-SIN-001,DYNAMIC_SINUSOIDAL,43.308694,25.000000,DOWN,TRANSIENT,46.990000,48.000000,25.007000,25.007000,600,0.001667
1571.000000,1572,DY-SIN-001,DYNAMIC_SINUSOIDAL,43.231240,25.000000,DOWN,TRANSIENT,46.870000,48.100000,25.016000,25.016000,600,0.001667
1572.000000,1573,DY-SIN-001,DYNAMIC_SINUSOIDAL,43.154529,25.000000,DOWN,TRANSIENT,46.780000,47.600000,25.022000,25.022000,600,0.001667
1573.000000,1574,DY-SIN-001,DYNAMIC_SINUSOIDAL,43.078568,25.000000,DOWN,TRANSIENT,46.710000,48.100000,25.087000,25.087000,600,0.001667
1574.000000,1575,DY-SIN-001,DYNAMIC_SINUSOIDAL,43.003367,25.000000,DOWN,TRANSIENT,46.550000,47.700000,25.003000,25.003000,600,0.001667
1575.000000,1576,DY-SIN-001,DYNAMIC_SINUSOIDAL,42.928932,25.000000,DOWN,TRANSIENT,46.480000,47.800000,25.039000,25.039000,600,0.001667
1576.000000,1577,DY-SIN-001,DYNAMIC_SINUSOIDAL,42.855273,25.000000,DOWN,TRANSIENT,46.400000,47.500000,25.027000,25.027000,600,0.001667
1577.000000,1578,DY-SIN-001,DYNAMIC_SINUSOIDAL,42.782398,25.000000,DOWN,TRANSIENT,46.240000,47.100000,25.098000,25.098000,600,0.001667
1578.000000,1579,DY-SIN-001,DYNAMIC_SINUSOIDAL,42.710314,25.000000,DOWN,TRANSIENT,46.200000,47.400000,25.000000,25.000000,600,0.001667
1579.000000,1580,DY-SIN-001,DYNAMIC_SINUSOIDAL,42.639029,25.000000,DOWN,TRANSIENT,46.120000,47.400000,25.076000,25.076000,600,0.001667
1580.000000,1581,DY-SIN-001,DYNAMIC_SINUSOIDAL,42.568552,25.000000,DOWN,TRANSIENT,46.050000,46.700000,24.946000,24.946000,600,0.001667
1581.000000,1582,DY-SIN-001,DYNAMIC_SINUSOIDAL,42.498889,25.000000,DOWN,TRANSIENT,45.970000,47.000000,25.010000,25.010000,600,0.001667
1582.000000,1583,DY-SIN-001,DYNAMIC_SINUSOIDAL,42.430049,25.000000,DOWN,TRANSIENT,45.890000,47.200000,24.952000,24.952000,600,0.001667
1583.000000,1584,DY-SIN-001,DYNAMIC_SINUSOIDAL,42.362040,25.000000,DOWN,TRANSIENT,45.810000,47.000000,25.015000,25.015000,600,0.001667
1584.000000,1585,DY-SIN-001,DYNAMIC_SINUSOIDAL,42.294868,25.000000,DOWN,TRANSIENT,45.740000,46.800000,25.019000,25.019000,600,0.001667
1585.000000,1586,DY-SIN-001,DYNAMIC_SINUSOIDAL,42.228540,25.000000,DOWN,TRANSIENT,45.660000,46.600000,25.027000,25.027000,600,0.001667
1586.000000,1587,DY-SIN-001,DYNAMIC_SINUSOIDAL,42.163065,25.000000,DOWN,TRANSIENT,45.460000,46.600000,25.000000,25.000000,600,0.001667
1587.000000,1588,DY-SIN-001,DYNAMIC_SINUSOIDAL,42.098450,25.000000,DOWN,TRANSIENT,45.400000,46.800000,25.073000,25.073000,600,0.001667
1588.000000,1589,DY-SIN-001,DYNAMIC_SINUSOIDAL,42.034701,25.000000,DOWN,TRANSIENT,45.280000,46.500000,25.010000,25.010000,600,0.001667
1589.000000,1590,DY-SIN-001,DYNAMIC_SINUSOIDAL,41.971825,25.000000,DOWN,TRANSIENT,45.280000,46.400000,25.007000,25.007000,600,0.001667
1590.000000,1591,DY-SIN-001,DYNAMIC_SINUSOIDAL,41.909830,25.000000,DOWN,TRANSIENT,45.090000,46.300000,25.007000,25.007000,600,0.001667
1591.000000,1592,DY-SIN-001,DYNAMIC_SINUSOIDAL,41.848722,25.000000,DOWN,TRANSIENT,45.130000,46.300000,24.988000,24.988000,600,0.001667
1592.000000,1593,DY-SIN-001,DYNAMIC_SINUSOIDAL,41.788508,25.000000,DOWN,TRANSIENT,45.040000,45.400000,24.964000,24.964000,600,0.001667
1593.000000,1594,DY-SIN-001,DYNAMIC_SINUSOIDAL,41.729194,25.000000,DOWN,TRANSIENT,44.890000,45.700000,25.011000,25.011000,600,0.001667
1594.000000,1595,DY-SIN-001,DYNAMIC_SINUSOIDAL,41.670788,25.000000,DOWN,TRANSIENT,44.780000,45.200000,24.981000,24.981000,600,0.001667
1595.000000,1596,DY-SIN-001,DYNAMIC_SINUSOIDAL,41.613294,25.000000,DOWN,TRANSIENT,44.660000,45.500000,24.946000,24.946000,600,0.001667
1596.000000,1597,DY-SIN-001,DYNAMIC_SINUSOIDAL,41.556721,25.000000,DOWN,TRANSIENT,44.650000,45.800000,25.006000,25.006000,600,0.001667
1597.000000,1598,DY-SIN-001,DYNAMIC_SINUSOIDAL,41.501073,25.000000,DOWN,TRANSIENT,44.550000,46.100000,25.065000,25.065000,600,0.001667
1598.000000,1599,DY-SIN-001,DYNAMIC_SINUSOIDAL,41.446357,25.000000,DOWN,TRANSIENT,44.570000,45.600000,25.041000,25.041000,600,0.001667
1599.000000,1600,DY-SIN-001,DYNAMIC_SINUSOIDAL,41.392580,25.000000,DOWN,TRANSIENT,44.420000,45.800000,25.025000,25.025000,600,0.001667
1600.000000,1601,DY-SIN-001,DYNAMIC_SINUSOIDAL,41.339746,25.000000,DOWN,TRANSIENT,44.340000,45.800000,24.988000,24.988000,600,0.001667
1601.000000,1602,DY-SIN-001,DYNAMIC_SINUSOIDAL,41.287862,25.000000,DOWN,TRANSIENT,44.210000,45.100000,25.076000,25.076000,600,0.001667
1602.000000,1603,DY-SIN-001,DYNAMIC_SINUSOIDAL,41.236933,25.000000,DOWN,TRANSIENT,44.230000,45.200000,25.054000,25.054000,600,0.001667
1603.000000,1604,DY-SIN-001,DYNAMIC_SINUSOIDAL,41.186965,25.000000,DOWN,TRANSIENT,44.140000,45.000000,25.032000,25.032000,600,0.001667
1604.000000,1605,DY-SIN-001,DYNAMIC_SINUSOIDAL,41.137964,25.000000,DOWN,TRANSIENT,44.020000,45.200000,25.022000,25.022000,600,0.001667
1605.000000,1606,DY-SIN-001,DYNAMIC_SINUSOIDAL,41.089935,25.000000,DOWN,TRANSIENT,43.920000,45.100000,25.052000,25.052000,600,0.001667
1606.000000,1607,DY-SIN-001,DYNAMIC_SINUSOIDAL,41.042882,25.000000,DOWN,TRANSIENT,43.920000,44.900000,25.086000,25.086000,600,0.001667
1607.000000,1608,DY-SIN-001,DYNAMIC_SINUSOIDAL,40.996812,25.000000,DOWN,TRANSIENT,43.800000,44.900000,24.974000,24.974000,600,0.001667
1608.000000,1609,DY-SIN-001,DYNAMIC_SINUSOIDAL,40.951729,25.000000,DOWN,TRANSIENT,43.750000,44.800000,24.994000,24.994000,600,0.001667
1609.000000,1610,DY-SIN-001,DYNAMIC_SINUSOIDAL,40.907639,25.000000,DOWN,TRANSIENT,43.660000,44.600000,25.022000,25.022000,600,0.001667
1610.000000,1611,DY-SIN-001,DYNAMIC_SINUSOIDAL,40.864545,25.000000,DOWN,TRANSIENT,43.670000,44.800000,25.077000,25.077000,600,0.001667
1611.000000,1612,DY-SIN-001,DYNAMIC_SINUSOIDAL,40.822454,25.000000,DOWN,TRANSIENT,43.560000,44.400000,24.961000,24.961000,600,0.001667
1612.000000,1613,DY-SIN-001,DYNAMIC_SINUSOIDAL,40.781368,25.000000,DOWN,TRANSIENT,43.450000,44.300000,25.040000,25.040000,600,0.001667
1613.000000,1614,DY-SIN-001,DYNAMIC_SINUSOIDAL,40.741294,25.000000,DOWN,TRANSIENT,43.390000,44.000000,25.015000,25.015000,600,0.001667
1614.000000,1615,DY-SIN-001,DYNAMIC_SINUSOIDAL,40.702235,25.000000,DOWN,TRANSIENT,43.260000,44.100000,25.002000,25.002000,600,0.001667
1615.000000,1616,DY-SIN-001,DYNAMIC_SINUSOIDAL,40.664196,25.000000,DOWN,TRANSIENT,43.230000,44.400000,25.048000,25.048000,600,0.001667
1616.000000,1617,DY-SIN-001,DYNAMIC_SINUSOIDAL,40.627180,25.000000,DOWN,TRANSIENT,43.120000,44.100000,25.078000,25.078000,600,0.001667
1617.000000,1618,DY-SIN-001,DYNAMIC_SINUSOIDAL,40.591192,25.000000,DOWN,TRANSIENT,43.090000,44.300000,24.956000,24.956000,600,0.001667
1618.000000,1619,DY-SIN-001,DYNAMIC_SINUSOIDAL,40.556236,25.000000,DOWN,TRANSIENT,43.020000,43.200000,24.983000,24.983000,600,0.001667
1619.000000,1620,DY-SIN-001,DYNAMIC_SINUSOIDAL,40.522316,25.000000,DOWN,TRANSIENT,42.920000,43.800000,25.049000,25.049000,600,0.001667
1620.000000,1621,DY-SIN-001,DYNAMIC_SINUSOIDAL,40.489435,25.000000,DOWN,TRANSIENT,42.840000,43.500000,25.088000,25.088000,600,0.001667
1621.000000,1622,DY-SIN-001,DYNAMIC_SINUSOIDAL,40.457597,25.000000,DOWN,TRANSIENT,42.850000,43.900000,24.991000,24.991000,600,0.001667
1622.000000,1623,DY-SIN-001,DYNAMIC_SINUSOIDAL,40.426805,25.000000,DOWN,TRANSIENT,42.740000,43.400000,25.015000,25.015000,600,0.001667
1623.000000,1624,DY-SIN-001,DYNAMIC_SINUSOIDAL,40.397063,25.000000,DOWN,TRANSIENT,42.650000,43.400000,24.984000,24.984000,600,0.001667
1624.000000,1625,DY-SIN-001,DYNAMIC_SINUSOIDAL,40.368374,25.000000,DOWN,TRANSIENT,42.580000,43.600000,25.033000,25.033000,600,0.001667
1625.000000,1626,DY-SIN-001,DYNAMIC_SINUSOIDAL,40.340742,25.000000,DOWN,TRANSIENT,42.520000,43.600000,25.056000,25.056000,600,0.001667
1626.000000,1627,DY-SIN-001,DYNAMIC_SINUSOIDAL,40.314168,25.000000,DOWN,TRANSIENT,42.440000,43.400000,25.097000,25.097000,600,0.001667
1627.000000,1628,DY-SIN-001,DYNAMIC_SINUSOIDAL,40.288657,25.000000,DOWN,TRANSIENT,42.440000,43.400000,25.018000,25.018000,600,0.001667
1628.000000,1629,DY-SIN-001,DYNAMIC_SINUSOIDAL,40.264211,25.000000,DOWN,TRANSIENT,42.320000,43.100000,24.976000,24.976000,600,0.001667
1629.000000,1630,DY-SIN-001,DYNAMIC_SINUSOIDAL,40.240832,25.000000,DOWN,TRANSIENT,42.330000,43.000000,25.032000,25.032000,600,0.001667
1630.000000,1631,DY-SIN-001,DYNAMIC_SINUSOIDAL,40.218524,25.000000,DOWN,TRANSIENT,42.280000,43.300000,24.982000,24.982000,600,0.001667
1631.000000,1632,DY-SIN-001,DYNAMIC_SINUSOIDAL,40.197288,25.000000,DOWN,TRANSIENT,42.230000,43.100000,25.057000,25.057000,600,0.001667
1632.000000,1633,DY-SIN-001,DYNAMIC_SINUSOIDAL,40.177127,25.000000,DOWN,TRANSIENT,42.250000,42.800000,25.014000,25.014000,600,0.001667
1633.000000,1634,DY-SIN-001,DYNAMIC_SINUSOIDAL,40.158044,25.000000,DOWN,TRANSIENT,42.050000,42.900000,25.031000,25.031000,600,0.001667
1634.000000,1635,DY-SIN-001,DYNAMIC_SINUSOIDAL,40.140040,25.000000,DOWN,TRANSIENT,42.070000,42.800000,24.989000,24.989000,600,0.001667
1635.000000,1636,DY-SIN-001,DYNAMIC_SINUSOIDAL,40.123117,25.000000,DOWN,TRANSIENT,41.990000,43.200000,25.078000,25.078000,600,0.001667
1636.000000,1637,DY-SIN-001,DYNAMIC_SINUSOIDAL,40.107277,25.000000,DOWN,TRANSIENT,41.920000,41.900000,24.968000,24.968000,600,0.001667
1637.000000,1638,DY-SIN-001,DYNAMIC_SINUSOIDAL,40.092522,25.000000,DOWN,TRANSIENT,41.950000,42.800000,25.038000,25.038000,600,0.001667
1638.000000,1639,DY-SIN-001,DYNAMIC_SINUSOIDAL,40.078853,25.000000,DOWN,TRANSIENT,41.850000,41.900000,25.058000,25.058000,600,0.001667
1639.000000,1640,DY-SIN-001,DYNAMIC_SINUSOIDAL,40.066272,25.000000,DOWN,TRANSIENT,41.840000,41.900000,25.068000,25.068000,600,0.001667
1640.000000,1641,DY-SIN-001,DYNAMIC_SINUSOIDAL,40.054781,25.000000,DOWN,TRANSIENT,41.790000,42.400000,24.957000,24.957000,600,0.001667
1641.000000,1642,DY-SIN-001,DYNAMIC_SINUSOIDAL,40.044380,25.000000,DOWN,TRANSIENT,41.710000,42.800000,25.009000,25.009000,600,0.001667
1642.000000,1643,DY-SIN-001,DYNAMIC_SINUSOIDAL,40.035071,25.000000,DOWN,TRANSIENT,41.710000,41.900000,24.985000,24.985000,600,0.001667
1643.000000,1644,DY-SIN-001,DYNAMIC_SINUSOIDAL,40.026855,25.000000,DOWN,TRANSIENT,41.660000,41.800000,25.040000,25.040000,600,0.001667
1644.000000,1645,DY-SIN-001,DYNAMIC_SINUSOIDAL,40.019733,25.000000,DOWN,TRANSIENT,41.510000,42.000000,24.995000,24.995000,600,0.001667
1645.000000,1646,DY-SIN-001,DYNAMIC_SINUSOIDAL,40.013705,25.000000,DOWN,TRANSIENT,41.510000,41.600000,25.005000,25.005000,600,0.001667
1646.000000,1647,DY-SIN-001,DYNAMIC_SINUSOIDAL,40.008772,25.000000,DOWN,TRANSIENT,41.510000,41.700000,25.012000,25.012000,600,0.001667
1647.000000,1648,DY-SIN-001,DYNAMIC_SINUSOIDAL,40.004934,25.000000,DOWN,TRANSIENT,41.490000,41.800000,24.993000,24.993000,600,0.001667
1648.000000,1649,DY-SIN-001,DYNAMIC_SINUSOIDAL,40.002193,25.000000,DOWN,TRANSIENT,41.420000,41.900000,24.976000,24.976000,600,0.001667
1649.000000,1650,DY-SIN-001,DYNAMIC_SINUSOIDAL,40.000548,25.000000,DOWN,TRANSIENT,41.380000,41.900000,25.046000,25.046000,600,0.001667
1650.000000,1651,DY-SIN-001,DYNAMIC_SINUSOIDAL,40.000000,25.000000,DOWN,TRANSIENT,41.410000,41.500000,25.018000,25.018000,600,0.001667
1651.000000,1652,DY-SIN-001,DYNAMIC_SINUSOIDAL,40.000548,25.000000,UP,TRANSIENT,41.330000,41.000000,24.972000,24.972000,600,0.001667
1652.000000,1653,DY-SIN-001,DYNAMIC_SINUSOIDAL,40.002193,25.000000,UP,TRANSIENT,41.370000,40.600000,25.029000,25.029000,600,0.001667
1653.000000,1654,DY-SIN-001,DYNAMIC_SINUSOIDAL,40.004934,25.000000,UP,TRANSIENT,41.330000,40.600000,24.946000,24.946000,600,0.001667
1654.000000,1655,DY-SIN-001,DYNAMIC_SINUSOIDAL,40.008772,25.000000,UP,TRANSIENT,41.240000,41.000000,25.003000,25.003000,600,0.001667
1655.000000,1656,DY-SIN-001,DYNAMIC_SINUSOIDAL,40.013705,25.000000,UP,TRANSIENT,41.250000,40.300000,25.014000,25.014000,600,0.001667
1656.000000,1657,DY-SIN-001,DYNAMIC_SINUSOIDAL,40.019733,25.000000,UP,TRANSIENT,41.180000,40.700000,25.048000,25.048000,600,0.001667
1657.000000,1658,DY-SIN-001,DYNAMIC_SINUSOIDAL,40.026855,25.000000,UP,TRANSIENT,41.110000,40.600000,25.014000,25.014000,600,0.001667
1658.000000,1659,DY-SIN-001,DYNAMIC_SINUSOIDAL,40.035071,25.000000,UP,TRANSIENT,41.180000,40.700000,25.083000,25.083000,600,0.001667
1659.000000,1660,DY-SIN-001,DYNAMIC_SINUSOIDAL,40.044380,25.000000,UP,TRANSIENT,41.020000,40.500000,25.034000,25.034000,600,0.001667
1660.000000,1661,DY-SIN-001,DYNAMIC_SINUSOIDAL,40.054781,25.000000,UP,TRANSIENT,41.090000,40.700000,25.043000,25.043000,600,0.001667
1661.000000,1662,DY-SIN-001,DYNAMIC_SINUSOIDAL,40.066272,25.000000,UP,TRANSIENT,41.080000,40.100000,25.035000,25.035000,600,0.001667
1662.000000,1663,DY-SIN-001,DYNAMIC_SINUSOIDAL,40.078853,25.000000,UP,TRANSIENT,41.040000,40.600000,25.045000,25.045000,600,0.001667
1663.000000,1664,DY-SIN-001,DYNAMIC_SINUSOIDAL,40.092522,25.000000,UP,TRANSIENT,40.950000,40.100000,25.071000,25.071000,600,0.001667
1664.000000,1665,DY-SIN-001,DYNAMIC_SINUSOIDAL,40.107277,25.000000,UP,TRANSIENT,41.110000,40.200000,25.011000,25.011000,600,0.001667
1665.000000,1666,DY-SIN-001,DYNAMIC_SINUSOIDAL,40.123117,25.000000,UP,TRANSIENT,40.970000,40.300000,24.996000,24.996000,600,0.001667
1666.000000,1667,DY-SIN-001,DYNAMIC_SINUSOIDAL,40.140040,25.000000,UP,TRANSIENT,41.040000,40.800000,25.070000,25.070000,600,0.001667
1667.000000,1668,DY-SIN-001,DYNAMIC_SINUSOIDAL,40.158044,25.000000,UP,TRANSIENT,40.970000,40.200000,25.008000,25.008000,600,0.001667
1668.000000,1669,DY-SIN-001,DYNAMIC_SINUSOIDAL,40.177127,25.000000,UP,TRANSIENT,40.950000,39.900000,25.041000,25.041000,600,0.001667
1669.000000,1670,DY-SIN-001,DYNAMIC_SINUSOIDAL,40.197288,25.000000,UP,TRANSIENT,40.990000,40.100000,25.011000,25.011000,600,0.001667
1670.000000,1671,DY-SIN-001,DYNAMIC_SINUSOIDAL,40.218524,25.000000,UP,TRANSIENT,40.990000,40.000000,25.037000,25.037000,600,0.001667
1671.000000,1672,DY-SIN-001,DYNAMIC_SINUSOIDAL,40.240832,25.000000,UP,TRANSIENT,40.940000,40.200000,24.949000,24.949000,600,0.001667
1672.000000,1673,DY-SIN-001,DYNAMIC_SINUSOIDAL,40.264211,25.000000,UP,TRANSIENT,40.940000,40.000000,25.010000,25.010000,600,0.001667
1673.000000,1674,DY-SIN-001,DYNAMIC_SINUSOIDAL,40.288657,25.000000,UP,TRANSIENT,40.860000,40.400000,25.026000,25.026000,600,0.001667
1674.000000,1675,DY-SIN-001,DYNAMIC_SINUSOIDAL,40.314168,25.000000,UP,TRANSIENT,40.880000,40.500000,25.040000,25.040000,600,0.001667
1675.000000,1676,DY-SIN-001,DYNAMIC_SINUSOIDAL,40.340742,25.000000,UP,TRANSIENT,40.830000,40.200000,25.046000,25.046000,600,0.001667
1676.000000,1677,DY-SIN-001,DYNAMIC_SINUSOIDAL,40.368374,25.000000,UP,TRANSIENT,40.850000,40.000000,25.023000,25.023000,600,0.001667
1677.000000,1678,DY-SIN-001,DYNAMIC_SINUSOIDAL,40.397063,25.000000,UP,TRANSIENT,40.820000,39.700000,24.996000,24.996000,600,0.001667
1678.000000,1679,DY-SIN-001,DYNAMIC_SINUSOIDAL,40.426805,25.000000,UP,TRANSIENT,40.830000,40.000000,24.994000,24.994000,600,0.001667
1679.000000,1680,DY-SIN-001,DYNAMIC_SINUSOIDAL,40.457597,25.000000,UP,TRANSIENT,40.890000,39.500000,25.011000,25.011000,600,0.001667
1680.000000,1681,DY-SIN-001,DYNAMIC_SINUSOIDAL,40.489435,25.000000,UP,TRANSIENT,40.810000,39.800000,25.037000,25.037000,600,0.001667
1681.000000,1682,DY-SIN-001,DYNAMIC_SINUSOIDAL,40.522316,25.000000,UP,TRANSIENT,40.770000,39.700000,24.952000,24.952000,600,0.001667
1682.000000,1683,DY-SIN-001,DYNAMIC_SINUSOIDAL,40.556236,25.000000,UP,TRANSIENT,40.800000,39.300000,24.999000,24.999000,600,0.001667
1683.000000,1684,DY-SIN-001,DYNAMIC_SINUSOIDAL,40.591192,25.000000,UP,TRANSIENT,40.740000,40.000000,25.034000,25.034000,600,0.001667
1684.000000,1685,DY-SIN-001,DYNAMIC_SINUSOIDAL,40.627180,25.000000,UP,TRANSIENT,40.840000,39.600000,25.005000,25.005000,600,0.001667
1685.000000,1686,DY-SIN-001,DYNAMIC_SINUSOIDAL,40.664196,25.000000,UP,TRANSIENT,40.810000,39.500000,25.042000,25.042000,600,0.001667
1686.000000,1687,DY-SIN-001,DYNAMIC_SINUSOIDAL,40.702235,25.000000,UP,TRANSIENT,40.830000,39.900000,25.042000,25.042000,600,0.001667
1687.000000,1688,DY-SIN-001,DYNAMIC_SINUSOIDAL,40.741294,25.000000,UP,TRANSIENT,40.800000,39.700000,25.034000,25.034000,600,0.001667
1688.000000,1689,DY-SIN-001,DYNAMIC_SINUSOIDAL,40.781368,25.000000,UP,TRANSIENT,40.740000,40.200000,25.018000,25.018000,600,0.001667
1689.000000,1690,DY-SIN-001,DYNAMIC_SINUSOIDAL,40.822454,25.000000,UP,TRANSIENT,40.700000,39.400000,24.973000,24.973000,600,0.001667
1690.000000,1691,DY-SIN-001,DYNAMIC_SINUSOIDAL,40.864545,25.000000,UP,TRANSIENT,40.790000,39.700000,25.065000,25.065000,600,0.001667
1691.000000,1692,DY-SIN-001,DYNAMIC_SINUSOIDAL,40.907639,25.000000,UP,TRANSIENT,40.790000,39.700000,25.030000,25.030000,600,0.001667
1692.000000,1693,DY-SIN-001,DYNAMIC_SINUSOIDAL,40.951729,25.000000,UP,TRANSIENT,40.820000,39.600000,25.025000,25.025000,600,0.001667
1693.000000,1694,DY-SIN-001,DYNAMIC_SINUSOIDAL,40.996812,25.000000,UP,TRANSIENT,40.880000,39.900000,25.019000,25.019000,600,0.001667
1694.000000,1695,DY-SIN-001,DYNAMIC_SINUSOIDAL,41.042882,25.000000,UP,TRANSIENT,40.780000,39.500000,25.022000,25.022000,600,0.001667
1695.000000,1696,DY-SIN-001,DYNAMIC_SINUSOIDAL,41.089935,25.000000,UP,TRANSIENT,40.770000,39.900000,25.048000,25.048000,600,0.001667
1696.000000,1697,DY-SIN-001,DYNAMIC_SINUSOIDAL,41.137964,25.000000,UP,TRANSIENT,40.740000,39.700000,25.031000,25.031000,600,0.001667
1697.000000,1698,DY-SIN-001,DYNAMIC_SINUSOIDAL,41.186965,25.000000,UP,TRANSIENT,40.780000,39.800000,25.015000,25.015000,600,0.001667
1698.000000,1699,DY-SIN-001,DYNAMIC_SINUSOIDAL,41.236933,25.000000,UP,TRANSIENT,40.830000,40.000000,25.015000,25.015000,600,0.001667
1699.000000,1700,DY-SIN-001,DYNAMIC_SINUSOIDAL,41.287862,25.000000,UP,TRANSIENT,40.860000,39.500000,24.998000,24.998000,600,0.001667
1700.000000,1701,DY-SIN-001,DYNAMIC_SINUSOIDAL,41.339746,25.000000,UP,TRANSIENT,40.860000,39.400000,25.084000,25.084000,600,0.001667
1701.000000,1702,DY-SIN-001,DYNAMIC_SINUSOIDAL,41.392580,25.000000,UP,TRANSIENT,40.950000,39.700000,25.002000,25.002000,600,0.001667
1702.000000,1703,DY-SIN-001,DYNAMIC_SINUSOIDAL,41.446357,25.000000,UP,TRANSIENT,40.880000,39.700000,25.073000,25.073000,600,0.001667
1703.000000,1704,DY-SIN-001,DYNAMIC_SINUSOIDAL,41.501073,25.000000,UP,TRANSIENT,40.930000,39.500000,25.002000,25.002000,600,0.001667
1704.000000,1705,DY-SIN-001,DYNAMIC_SINUSOIDAL,41.556721,25.000000,UP,TRANSIENT,40.960000,39.800000,25.021000,25.021000,600,0.001667
1705.000000,1706,DY-SIN-001,DYNAMIC_SINUSOIDAL,41.613294,25.000000,UP,TRANSIENT,40.880000,39.500000,25.016000,25.016000,600,0.001667
1706.000000,1707,DY-SIN-001,DYNAMIC_SINUSOIDAL,41.670788,25.000000,UP,TRANSIENT,40.860000,39.000000,24.986000,24.986000,600,0.001667
1707.000000,1708,DY-SIN-001,DYNAMIC_SINUSOIDAL,41.729194,25.000000,UP,TRANSIENT,41.020000,39.500000,25.014000,25.014000,600,0.001667
1708.000000,1709,DY-SIN-001,DYNAMIC_SINUSOIDAL,41.788508,25.000000,UP,TRANSIENT,40.970000,39.700000,24.964000,24.964000,600,0.001667
1709.000000,1710,DY-SIN-001,DYNAMIC_SINUSOIDAL,41.848722,25.000000,UP,TRANSIENT,41.010000,39.600000,25.042000,25.042000,600,0.001667
1710.000000,1711,DY-SIN-001,DYNAMIC_SINUSOIDAL,41.909830,25.000000,UP,TRANSIENT,41.000000,39.300000,25.072000,25.072000,600,0.001667
1711.000000,1712,DY-SIN-001,DYNAMIC_SINUSOIDAL,41.971825,25.000000,UP,TRANSIENT,41.050000,39.200000,25.036000,25.036000,600,0.001667
1712.000000,1713,DY-SIN-001,DYNAMIC_SINUSOIDAL,42.034701,25.000000,UP,TRANSIENT,41.010000,39.600000,24.992000,24.992000,600,0.001667
1713.000000,1714,DY-SIN-001,DYNAMIC_SINUSOIDAL,42.098450,25.000000,UP,TRANSIENT,41.150000,39.400000,25.027000,25.027000,600,0.001667
1714.000000,1715,DY-SIN-001,DYNAMIC_SINUSOIDAL,42.163065,25.000000,UP,TRANSIENT,41.160000,39.400000,25.021000,25.021000,600,0.001667
1715.000000,1716,DY-SIN-001,DYNAMIC_SINUSOIDAL,42.228540,25.000000,UP,TRANSIENT,41.200000,39.400000,25.040000,25.040000,600,0.001667
1716.000000,1717,DY-SIN-001,DYNAMIC_SINUSOIDAL,42.294868,25.000000,UP,TRANSIENT,41.160000,39.700000,25.053000,25.053000,600,0.001667
1717.000000,1718,DY-SIN-001,DYNAMIC_SINUSOIDAL,42.362040,25.000000,UP,TRANSIENT,41.260000,39.800000,25.056000,25.056000,600,0.001667
1718.000000,1719,DY-SIN-001,DYNAMIC_SINUSOIDAL,42.430049,25.000000,UP,TRANSIENT,41.280000,39.800000,25.023000,25.023000,600,0.001667
1719.000000,1720,DY-SIN-001,DYNAMIC_SINUSOIDAL,42.498889,25.000000,UP,TRANSIENT,41.230000,39.500000,24.956000,24.956000,600,0.001667
1720.000000,1721,DY-SIN-001,DYNAMIC_SINUSOIDAL,42.568552,25.000000,UP,TRANSIENT,41.330000,39.600000,25.008000,25.008000,600,0.001667
1721.000000,1722,DY-SIN-001,DYNAMIC_SINUSOIDAL,42.639029,25.000000,UP,TRANSIENT,41.330000,39.300000,24.966000,24.966000,600,0.001667
1722.000000,1723,DY-SIN-001,DYNAMIC_SINUSOIDAL,42.710314,25.000000,UP,TRANSIENT,41.420000,39.500000,25.014000,25.014000,600,0.001667
1723.000000,1724,DY-SIN-001,DYNAMIC_SINUSOIDAL,42.782398,25.000000,UP,TRANSIENT,41.440000,39.600000,25.078000,25.078000,600,0.001667
1724.000000,1725,DY-SIN-001,DYNAMIC_SINUSOIDAL,42.855273,25.000000,UP,TRANSIENT,41.480000,39.300000,25.051000,25.051000,600,0.001667
1725.000000,1726,DY-SIN-001,DYNAMIC_SINUSOIDAL,42.928932,25.000000,UP,TRANSIENT,41.490000,39.800000,25.026000,25.026000,600,0.001667
1726.000000,1727,DY-SIN-001,DYNAMIC_SINUSOIDAL,43.003367,25.000000,UP,TRANSIENT,41.490000,39.500000,25.046000,25.046000,600,0.001667
1727.000000,1728,DY-SIN-001,DYNAMIC_SINUSOIDAL,43.078568,25.000000,UP,TRANSIENT,41.550000,39.400000,25.019000,25.019000,600,0.001667
1728.000000,1729,DY-SIN-001,DYNAMIC_SINUSOIDAL,43.154529,25.000000,UP,TRANSIENT,41.590000,39.800000,24.983000,24.983000,600,0.001667
1729.000000,1730,DY-SIN-001,DYNAMIC_SINUSOIDAL,43.231240,25.000000,UP,TRANSIENT,41.670000,39.400000,24.964000,24.964000,600,0.001667
1730.000000,1731,DY-SIN-001,DYNAMIC_SINUSOIDAL,43.308694,25.000000,UP,TRANSIENT,41.710000,39.400000,25.026000,25.026000,600,0.001667
1731.000000,1732,DY-SIN-001,DYNAMIC_SINUSOIDAL,43.386881,25.000000,UP,TRANSIENT,41.710000,39.900000,25.022000,25.022000,600,0.001667
1732.000000,1733,DY-SIN-001,DYNAMIC_SINUSOIDAL,43.465794,25.000000,UP,TRANSIENT,41.720000,39.300000,25.037000,25.037000,600,0.001667
1733.000000,1734,DY-SIN-001,DYNAMIC_SINUSOIDAL,43.545423,25.000000,UP,TRANSIENT,41.800000,39.400000,25.041000,25.041000,600,0.001667
1734.000000,1735,DY-SIN-001,DYNAMIC_SINUSOIDAL,43.625760,25.000000,UP,TRANSIENT,41.770000,39.700000,25.048000,25.048000,600,0.001667
1735.000000,1736,DY-SIN-001,DYNAMIC_SINUSOIDAL,43.706796,25.000000,UP,TRANSIENT,41.930000,40.200000,25.033000,25.033000,600,0.001667
1736.000000,1737,DY-SIN-001,DYNAMIC_SINUSOIDAL,43.788522,25.000000,UP,TRANSIENT,41.910000,39.900000,24.985000,24.985000,600,0.001667
1737.000000,1738,DY-SIN-001,DYNAMIC_SINUSOIDAL,43.870929,25.000000,UP,TRANSIENT,41.950000,40.200000,25.058000,25.058000,600,0.001667
1738.000000,1739,DY-SIN-001,DYNAMIC_SINUSOIDAL,43.954009,25.000000,UP,TRANSIENT,42.000000,40.100000,25.044000,25.044000,600,0.001667
1739.000000,1740,DY-SIN-001,DYNAMIC_SINUSOIDAL,44.037751,25.000000,UP,TRANSIENT,42.020000,40.000000,24.997000,24.997000,600,0.001667
1740.000000,1741,DY-SIN-001,DYNAMIC_SINUSOIDAL,44.122147,25.000000,UP,TRANSIENT,42.120000,39.900000,24.970000,24.970000,600,0.001667
1741.000000,1742,DY-SIN-001,DYNAMIC_SINUSOIDAL,44.207188,25.000000,UP,TRANSIENT,42.080000,40.100000,25.032000,25.032000,600,0.001667
1742.000000,1743,DY-SIN-001,DYNAMIC_SINUSOIDAL,44.292864,25.000000,UP,TRANSIENT,42.220000,39.600000,25.017000,25.017000,600,0.001667
1743.000000,1744,DY-SIN-001,DYNAMIC_SINUSOIDAL,44.379166,25.000000,UP,TRANSIENT,42.240000,39.800000,25.012000,25.012000,600,0.001667
1744.000000,1745,DY-SIN-001,DYNAMIC_SINUSOIDAL,44.466085,25.000000,UP,TRANSIENT,42.300000,40.100000,25.062000,25.062000,600,0.001667
1745.000000,1746,DY-SIN-001,DYNAMIC_SINUSOIDAL,44.553610,25.000000,UP,TRANSIENT,42.340000,39.700000,25.056000,25.056000,600,0.001667
1746.000000,1747,DY-SIN-001,DYNAMIC_SINUSOIDAL,44.641732,25.000000,UP,TRANSIENT,42.480000,40.400000,25.021000,25.021000,600,0.001667
1747.000000,1748,DY-SIN-001,DYNAMIC_SINUSOIDAL,44.730442,25.000000,UP,TRANSIENT,42.510000,39.800000,24.975000,24.975000,600,0.001667
1748.000000,1749,DY-SIN-001,DYNAMIC_SINUSOIDAL,44.819730,25.000000,UP,TRANSIENT,42.570000,40.400000,25.044000,25.044000,600,0.001667
1749.000000,1750,DY-SIN-001,DYNAMIC_SINUSOIDAL,44.909586,25.000000,UP,TRANSIENT,42.620000,39.900000,25.003000,25.003000,600,0.001667
1750.000000,1751,DY-SIN-001,DYNAMIC_SINUSOIDAL,45.000000,25.000000,UP,TRANSIENT,42.680000,40.000000,25.029000,25.029000,600,0.001667
1751.000000,1752,DY-SIN-001,DYNAMIC_SINUSOIDAL,45.090962,25.000000,UP,TRANSIENT,42.690000,39.900000,24.948000,24.948000,600,0.001667
1752.000000,1753,DY-SIN-001,DYNAMIC_SINUSOIDAL,45.182463,25.000000,UP,TRANSIENT,42.800000,40.300000,25.013000,25.013000,600,0.001667
1753.000000,1754,DY-SIN-001,DYNAMIC_SINUSOIDAL,45.274492,25.000000,UP,TRANSIENT,42.790000,40.600000,25.095000,25.095000,600,0.001667
1754.000000,1755,DY-SIN-001,DYNAMIC_SINUSOIDAL,45.367040,25.000000,UP,TRANSIENT,42.940000,40.700000,25.015000,25.015000,600,0.001667
1755.000000,1756,DY-SIN-001,DYNAMIC_SINUSOIDAL,45.460095,25.000000,UP,TRANSIENT,42.950000,40.400000,25.021000,25.021000,600,0.001667
1756.000000,1757,DY-SIN-001,DYNAMIC_SINUSOIDAL,45.553648,25.000000,UP,TRANSIENT,43.020000,40.400000,24.990000,24.990000,600,0.001667
1757.000000,1758,DY-SIN-001,DYNAMIC_SINUSOIDAL,45.647689,25.000000,UP,TRANSIENT,43.110000,40.300000,24.979000,24.979000,600,0.001667
1758.000000,1759,DY-SIN-001,DYNAMIC_SINUSOIDAL,45.742207,25.000000,UP,TRANSIENT,43.210000,40.600000,24.995000,24.995000,600,0.001667
1759.000000,1760,DY-SIN-001,DYNAMIC_SINUSOIDAL,45.837192,25.000000,UP,TRANSIENT,43.260000,39.800000,24.981000,24.981000,600,0.001667
1760.000000,1761,DY-SIN-001,DYNAMIC_SINUSOIDAL,45.932634,25.000000,UP,TRANSIENT,43.420000,40.300000,24.979000,24.979000,600,0.001667
1761.000000,1762,DY-SIN-001,DYNAMIC_SINUSOIDAL,46.028521,25.000000,UP,TRANSIENT,43.440000,40.400000,25.024000,25.024000,600,0.001667
1762.000000,1763,DY-SIN-001,DYNAMIC_SINUSOIDAL,46.124844,25.000000,UP,TRANSIENT,43.520000,40.700000,25.015000,25.015000,600,0.001667
1763.000000,1764,DY-SIN-001,DYNAMIC_SINUSOIDAL,46.221592,25.000000,UP,TRANSIENT,43.480000,40.700000,24.991000,24.991000,600,0.001667
1764.000000,1765,DY-SIN-001,DYNAMIC_SINUSOIDAL,46.318754,25.000000,UP,TRANSIENT,43.630000,41.000000,24.972000,24.972000,600,0.001667
1765.000000,1766,DY-SIN-001,DYNAMIC_SINUSOIDAL,46.416321,25.000000,UP,TRANSIENT,43.720000,40.800000,25.007000,25.007000,600,0.001667
1766.000000,1767,DY-SIN-001,DYNAMIC_SINUSOIDAL,46.514280,25.000000,UP,TRANSIENT,43.840000,40.800000,24.997000,24.997000,600,0.001667
1767.000000,1768,DY-SIN-001,DYNAMIC_SINUSOIDAL,46.612621,25.000000,UP,TRANSIENT,43.870000,41.400000,25.000000,25.000000,600,0.001667
1768.000000,1769,DY-SIN-001,DYNAMIC_SINUSOIDAL,46.711334,25.000000,UP,TRANSIENT,43.950000,40.900000,24.975000,24.975000,600,0.001667
1769.000000,1770,DY-SIN-001,DYNAMIC_SINUSOIDAL,46.810407,25.000000,UP,TRANSIENT,44.030000,41.100000,25.007000,25.007000,600,0.001667
1770.000000,1771,DY-SIN-001,DYNAMIC_SINUSOIDAL,46.909830,25.000000,UP,TRANSIENT,44.090000,41.300000,25.035000,25.035000,600,0.001667
1771.000000,1772,DY-SIN-001,DYNAMIC_SINUSOIDAL,47.009592,25.000000,UP,TRANSIENT,44.160000,40.900000,24.929000,24.929000,600,0.001667
1772.000000,1773,DY-SIN-001,DYNAMIC_SINUSOIDAL,47.109682,25.000000,UP,TRANSIENT,44.310000,41.200000,25.029000,25.029000,600,0.001667
1773.000000,1774,DY-SIN-001,DYNAMIC_SINUSOIDAL,47.210089,25.000000,UP,TRANSIENT,44.380000,41.200000,25.036000,25.036000,600,0.001667
1774.000000,1775,DY-SIN-001,DYNAMIC_SINUSOIDAL,47.310802,25.000000,UP,TRANSIENT,44.400000,41.200000,25.047000,25.047000,600,0.001667
1775.000000,1776,DY-SIN-001,DYNAMIC_SINUSOIDAL,47.411810,25.000000,UP,TRANSIENT,44.470000,42.000000,25.028000,25.028000,600,0.001667
1776.000000,1777,DY-SIN-001,DYNAMIC_SINUSOIDAL,47.513101,25.000000,UP,TRANSIENT,44.520000,41.600000,25.074000,25.074000,600,0.001667
1777.000000,1778,DY-SIN-001,DYNAMIC_SINUSOIDAL,47.614665,25.000000,UP,TRANSIENT,44.570000,41.100000,25.001000,25.001000,600,0.001667
1778.000000,1779,DY-SIN-001,DYNAMIC_SINUSOIDAL,47.716491,25.000000,UP,TRANSIENT,44.680000,41.800000,24.994000,24.994000,600,0.001667
1779.000000,1780,DY-SIN-001,DYNAMIC_SINUSOIDAL,47.818568,25.000000,UP,TRANSIENT,44.730000,41.300000,25.038000,25.038000,600,0.001667
1780.000000,1781,DY-SIN-001,DYNAMIC_SINUSOIDAL,47.920883,25.000000,UP,TRANSIENT,44.860000,41.700000,25.054000,25.054000,600,0.001667
1781.000000,1782,DY-SIN-001,DYNAMIC_SINUSOIDAL,48.023427,25.000000,UP,TRANSIENT,44.950000,41.800000,24.990000,24.990000,600,0.001667
1782.000000,1783,DY-SIN-001,DYNAMIC_SINUSOIDAL,48.126187,25.000000,UP,TRANSIENT,45.010000,42.000000,25.035000,25.035000,600,0.001667
1783.000000,1784,DY-SIN-001,DYNAMIC_SINUSOIDAL,48.229153,25.000000,UP,TRANSIENT,45.090000,41.700000,25.064000,25.064000,600,0.001667
1784.000000,1785,DY-SIN-001,DYNAMIC_SINUSOIDAL,48.332313,25.000000,UP,TRANSIENT,45.210000,42.000000,24.975000,24.975000,600,0.001667
1785.000000,1786,DY-SIN-001,DYNAMIC_SINUSOIDAL,48.435655,25.000000,UP,TRANSIENT,45.280000,42.300000,25.015000,25.015000,600,0.001667
1786.000000,1787,DY-SIN-001,DYNAMIC_SINUSOIDAL,48.539170,25.000000,UP,TRANSIENT,45.380000,41.700000,24.969000,24.969000,600,0.001667
1787.000000,1788,DY-SIN-001,DYNAMIC_SINUSOIDAL,48.642844,25.000000,UP,TRANSIENT,45.420000,42.200000,25.015000,25.015000,600,0.001667
1788.000000,1789,DY-SIN-001,DYNAMIC_SINUSOIDAL,48.746668,25.000000,UP,TRANSIENT,45.470000,42.400000,25.018000,25.018000,600,0.001667
1789.000000,1790,DY-SIN-001,DYNAMIC_SINUSOIDAL,48.850628,25.000000,UP,TRANSIENT,45.630000,42.300000,24.907000,24.907000,600,0.001667
1790.000000,1791,DY-SIN-001,DYNAMIC_SINUSOIDAL,48.954715,25.000000,UP,TRANSIENT,45.720000,42.100000,24.996000,24.996000,600,0.001667
1791.000000,1792,DY-SIN-001,DYNAMIC_SINUSOIDAL,49.058917,25.000000,UP,TRANSIENT,45.840000,42.600000,24.980000,24.980000,600,0.001667
1792.000000,1793,DY-SIN-001,DYNAMIC_SINUSOIDAL,49.163222,25.000000,UP,TRANSIENT,45.860000,42.700000,25.069000,25.069000,600,0.001667
1793.000000,1794,DY-SIN-001,DYNAMIC_SINUSOIDAL,49.267618,25.000000,UP,TRANSIENT,45.990000,42.900000,25.024000,25.024000,600,0.001667
1794.000000,1795,DY-SIN-001,DYNAMIC_SINUSOIDAL,49.372095,25.000000,UP,TRANSIENT,46.030000,42.200000,25.000000,25.000000,600,0.001667
1795.000000,1796,DY-SIN-001,DYNAMIC_SINUSOIDAL,49.476640,25.000000,UP,TRANSIENT,46.140000,43.100000,24.990000,24.990000,600,0.001667
1796.000000,1797,DY-SIN-001,DYNAMIC_SINUSOIDAL,49.581243,25.000000,UP,TRANSIENT,46.190000,42.800000,25.064000,25.064000,600,0.001667
1797.000000,1798,DY-SIN-001,DYNAMIC_SINUSOIDAL,49.685892,25.000000,UP,TRANSIENT,46.340000,43.500000,25.042000,25.042000,600,0.001667
1798.000000,1799,DY-SIN-001,DYNAMIC_SINUSOIDAL,49.790576,25.000000,UP,TRANSIENT,46.450000,42.700000,25.087000,25.087000,600,0.001667
1799.000000,1800,DY-SIN-001,DYNAMIC_SINUSOIDAL,49.895282,25.000000,UP,TRANSIENT,46.540000,42.800000,24.985000,24.985000,600,0.001667
1800.000000,1801,DY-SIN-001,DYNAMIC_SINUSOIDAL,50.000000,25.000000,UP,TRANSIENT,46.620000,43.100000,25.053000,25.053000,600,0.001667
1801.000000,1802,DY-SIN-001,DYNAMIC_SINUSOIDAL,50.104718,25.000000,UP,TRANSIENT,46.710000,43.500000,25.021000,25.021000,600,0.001667
1802.000000,1803,DY-SIN-001,DYNAMIC_SINUSOIDAL,50.209424,25.000000,UP,TRANSIENT,46.770000,43.500000,25.010000,25.010000,600,0.001667
1803.000000,1804,DY-SIN-001,DYNAMIC_SINUSOIDAL,50.314108,25.000000,UP,TRANSIENT,46.860000,43.200000,25.041000,25.041000,600,0.001667
1804.000000,1805,DY-SIN-001,DYNAMIC_SINUSOIDAL,50.418757,25.000000,UP,TRANSIENT,46.910000,43.200000,25.053000,25.053000,600,0.001667
1805.000000,1806,DY-SIN-001,DYNAMIC_SINUSOIDAL,50.523360,25.000000,UP,TRANSIENT,47.060000,43.200000,25.016000,25.016000,600,0.001667
1806.000000,1807,DY-SIN-001,DYNAMIC_SINUSOIDAL,50.627905,25.000000,UP,TRANSIENT,47.140000,43.500000,25.023000,25.023000,600,0.001667
1807.000000,1808,DY-SIN-001,DYNAMIC_SINUSOIDAL,50.732382,25.000000,UP,TRANSIENT,47.320000,43.300000,25.019000,25.019000,600,0.001667
1808.000000,1809,DY-SIN-001,DYNAMIC_SINUSOIDAL,50.836778,25.000000,UP,TRANSIENT,47.310000,43.500000,25.048000,25.048000,600,0.001667
1809.000000,1810,DY-SIN-001,DYNAMIC_SINUSOIDAL,50.941083,25.000000,UP,TRANSIENT,47.440000,43.500000,25.014000,25.014000,600,0.001667
1810.000000,1811,DY-SIN-001,DYNAMIC_SINUSOIDAL,51.045285,25.000000,UP,TRANSIENT,47.490000,43.100000,25.049000,25.049000,600,0.001667
1811.000000,1812,DY-SIN-001,DYNAMIC_SINUSOIDAL,51.149372,25.000000,UP,TRANSIENT,47.610000,44.000000,25.067000,25.067000,600,0.001667
1812.000000,1813,DY-SIN-001,DYNAMIC_SINUSOIDAL,51.253332,25.000000,UP,TRANSIENT,47.740000,43.900000,25.087000,25.087000,600,0.001667
1813.000000,1814,DY-SIN-001,DYNAMIC_SINUSOIDAL,51.357156,25.000000,UP,TRANSIENT,47.850000,44.300000,24.979000,24.979000,600,0.001667
1814.000000,1815,DY-SIN-001,DYNAMIC_SINUSOIDAL,51.460830,25.000000,UP,TRANSIENT,47.940000,43.700000,25.048000,25.048000,600,0.001667
1815.000000,1816,DY-SIN-001,DYNAMIC_SINUSOIDAL,51.564345,25.000000,UP,TRANSIENT,47.980000,44.200000,24.955000,24.955000,600,0.001667
1816.000000,1817,DY-SIN-001,DYNAMIC_SINUSOIDAL,51.667687,25.000000,UP,TRANSIENT,48.060000,44.400000,25.013000,25.013000,600,0.001667
1817.000000,1818,DY-SIN-001,DYNAMIC_SINUSOIDAL,51.770847,25.000000,UP,TRANSIENT,48.130000,44.500000,25.030000,25.030000,600,0.001667
1818.000000,1819,DY-SIN-001,DYNAMIC_SINUSOIDAL,51.873813,25.000000,UP,TRANSIENT,48.290000,44.700000,25.026000,25.026000,600,0.001667
1819.000000,1820,DY-SIN-001,DYNAMIC_SINUSOIDAL,51.976573,25.000000,UP,TRANSIENT,48.390000,44.300000,25.005000,25.005000,600,0.001667
1820.000000,1821,DY-SIN-001,DYNAMIC_SINUSOIDAL,52.079117,25.000000,UP,TRANSIENT,48.450000,44.900000,25.023000,25.023000,600,0.001667
1821.000000,1822,DY-SIN-001,DYNAMIC_SINUSOIDAL,52.181432,25.000000,UP,TRANSIENT,48.470000,45.100000,24.966000,24.966000,600,0.001667
1822.000000,1823,DY-SIN-001,DYNAMIC_SINUSOIDAL,52.283509,25.000000,UP,TRANSIENT,48.650000,44.500000,25.054000,25.054000,600,0.001667
1823.000000,1824,DY-SIN-001,DYNAMIC_SINUSOIDAL,52.385335,25.000000,UP,TRANSIENT,48.730000,44.800000,25.014000,25.014000,600,0.001667
1824.000000,1825,DY-SIN-001,DYNAMIC_SINUSOIDAL,52.486899,25.000000,UP,TRANSIENT,48.870000,45.200000,24.989000,24.989000,600,0.001667
1825.000000,1826,DY-SIN-001,DYNAMIC_SINUSOIDAL,52.588190,25.000000,UP,TRANSIENT,48.940000,45.300000,25.025000,25.025000,600,0.001667
1826.000000,1827,DY-SIN-001,DYNAMIC_SINUSOIDAL,52.689198,25.000000,UP,TRANSIENT,49.050000,45.500000,25.037000,25.037000,600,0.001667
1827.000000,1828,DY-SIN-001,DYNAMIC_SINUSOIDAL,52.789911,25.000000,UP,TRANSIENT,49.120000,45.100000,25.043000,25.043000,600,0.001667
1828.000000,1829,DY-SIN-001,DYNAMIC_SINUSOIDAL,52.890318,25.000000,UP,TRANSIENT,49.270000,45.500000,25.051000,25.051000,600,0.001667
1829.000000,1830,DY-SIN-001,DYNAMIC_SINUSOIDAL,52.990408,25.000000,UP,TRANSIENT,49.360000,45.700000,25.059000,25.059000,600,0.001667
1830.000000,1831,DY-SIN-001,DYNAMIC_SINUSOIDAL,53.090170,25.000000,UP,TRANSIENT,49.410000,45.400000,25.045000,25.045000,600,0.001667
1831.000000,1832,DY-SIN-001,DYNAMIC_SINUSOIDAL,53.189593,25.000000,UP,TRANSIENT,49.500000,46.000000,25.052000,25.052000,600,0.001667
1832.000000,1833,DY-SIN-001,DYNAMIC_SINUSOIDAL,53.288666,25.000000,UP,TRANSIENT,49.650000,46.000000,25.005000,25.005000,600,0.001667
1833.000000,1834,DY-SIN-001,DYNAMIC_SINUSOIDAL,53.387379,25.000000,UP,TRANSIENT,49.750000,45.600000,24.996000,24.996000,600,0.001667
1834.000000,1835,DY-SIN-001,DYNAMIC_SINUSOIDAL,53.485720,25.000000,UP,TRANSIENT,49.820000,45.900000,25.088000,25.088000,600,0.001667
1835.000000,1836,DY-SIN-001,DYNAMIC_SINUSOIDAL,53.583679,25.000000,UP,TRANSIENT,49.920000,45.600000,24.997000,24.997000,600,0.001667
1836.000000,1837,DY-SIN-001,DYNAMIC_SINUSOIDAL,53.681246,25.000000,UP,TRANSIENT,50.020000,46.100000,25.099000,25.099000,600,0.001667
1837.000000,1838,DY-SIN-001,DYNAMIC_SINUSOIDAL,53.778408,25.000000,UP,TRANSIENT,50.190000,46.300000,25.029000,25.029000,600,0.001667
1838.000000,1839,DY-SIN-001,DYNAMIC_SINUSOIDAL,53.875156,25.000000,UP,TRANSIENT,50.240000,46.700000,24.967000,24.967000,600,0.001667
1839.000000,1840,DY-SIN-001,DYNAMIC_SINUSOIDAL,53.971479,25.000000,UP,TRANSIENT,50.320000,46.300000,24.951000,24.951000,600,0.001667
1840.000000,1841,DY-SIN-001,DYNAMIC_SINUSOIDAL,54.067366,25.000000,UP,TRANSIENT,50.400000,46.400000,25.090000,25.090000,600,0.001667
1841.000000,1842,DY-SIN-001,DYNAMIC_SINUSOIDAL,54.162808,25.000000,UP,TRANSIENT,50.490000,46.400000,25.060000,25.060000,600,0.001667
1842.000000,1843,DY-SIN-001,DYNAMIC_SINUSOIDAL,54.257793,25.000000,UP,TRANSIENT,50.640000,46.400000,24.937000,24.937000,600,0.001667
1843.000000,1844,DY-SIN-001,DYNAMIC_SINUSOIDAL,54.352311,25.000000,UP,TRANSIENT,50.670000,46.900000,25.032000,25.032000,600,0.001667
1844.000000,1845,DY-SIN-001,DYNAMIC_SINUSOIDAL,54.446352,25.000000,UP,TRANSIENT,50.820000,46.800000,24.955000,24.955000,600,0.001667
1845.000000,1846,DY-SIN-001,DYNAMIC_SINUSOIDAL,54.539905,25.000000,UP,TRANSIENT,50.950000,47.600000,24.974000,24.974000,600,0.001667
1846.000000,1847,DY-SIN-001,DYNAMIC_SINUSOIDAL,54.632960,25.000000,UP,TRANSIENT,51.030000,46.800000,25.050000,25.050000,600,0.001667
1847.000000,1848,DY-SIN-001,DYNAMIC_SINUSOIDAL,54.725508,25.000000,UP,TRANSIENT,51.150000,47.000000,25.052000,25.052000,600,0.001667
1848.000000,1849,DY-SIN-001,DYNAMIC_SINUSOIDAL,54.817537,25.000000,UP,TRANSIENT,51.220000,47.100000,25.028000,25.028000,600,0.001667
1849.000000,1850,DY-SIN-001,DYNAMIC_SINUSOIDAL,54.909038,25.000000,UP,TRANSIENT,51.280000,47.300000,24.992000,24.992000,600,0.001667
1850.000000,1851,DY-SIN-001,DYNAMIC_SINUSOIDAL,55.000000,25.000000,UP,TRANSIENT,51.370000,47.700000,25.007000,25.007000,600,0.001667
1851.000000,1852,DY-SIN-001,DYNAMIC_SINUSOIDAL,55.090414,25.000000,UP,TRANSIENT,51.490000,47.400000,25.017000,25.017000,600,0.001667
1852.000000,1853,DY-SIN-001,DYNAMIC_SINUSOIDAL,55.180270,25.000000,UP,TRANSIENT,51.550000,47.600000,25.011000,25.011000,600,0.001667
1853.000000,1854,DY-SIN-001,DYNAMIC_SINUSOIDAL,55.269558,25.000000,UP,TRANSIENT,51.690000,48.000000,25.016000,25.016000,600,0.001667
1854.000000,1855,DY-SIN-001,DYNAMIC_SINUSOIDAL,55.358268,25.000000,UP,TRANSIENT,51.800000,47.500000,25.050000,25.050000,600,0.001667
1855.000000,1856,DY-SIN-001,DYNAMIC_SINUSOIDAL,55.446390,25.000000,UP,TRANSIENT,51.920000,47.900000,25.048000,25.048000,600,0.001667
1856.000000,1857,DY-SIN-001,DYNAMIC_SINUSOIDAL,55.533915,25.000000,UP,TRANSIENT,51.950000,47.700000,25.001000,25.001000,600,0.001667
1857.000000,1858,DY-SIN-001,DYNAMIC_SINUSOIDAL,55.620834,25.000000,UP,TRANSIENT,52.130000,48.400000,25.008000,25.008000,600,0.001667
1858.000000,1859,DY-SIN-001,DYNAMIC_SINUSOIDAL,55.707136,25.000000,UP,TRANSIENT,52.240000,47.900000,25.067000,25.067000,600,0.001667
1859.000000,1860,DY-SIN-001,DYNAMIC_SINUSOIDAL,55.792812,25.000000,UP,TRANSIENT,52.360000,47.900000,24.966000,24.966000,600,0.001667
1860.000000,1861,DY-SIN-001,DYNAMIC_SINUSOIDAL,55.877853,25.000000,UP,TRANSIENT,52.490000,48.600000,25.012000,25.012000,600,0.001667
1861.000000,1862,DY-SIN-001,DYNAMIC_SINUSOIDAL,55.962249,25.000000,UP,TRANSIENT,52.550000,48.700000,24.973000,24.973000,600,0.001667
1862.000000,1863,DY-SIN-001,DYNAMIC_SINUSOIDAL,56.045991,25.000000,UP,TRANSIENT,52.580000,48.400000,25.031000,25.031000,600,0.001667
1863.000000,1864,DY-SIN-001,DYNAMIC_SINUSOIDAL,56.129071,25.000000,UP,TRANSIENT,52.700000,48.200000,25.010000,25.010000,600,0.001667
1864.000000,1865,DY-SIN-001,DYNAMIC_SINUSOIDAL,56.211478,25.000000,UP,TRANSIENT,52.800000,48.800000,25.074000,25.074000,600,0.001667
1865.000000,1866,DY-SIN-001,DYNAMIC_SINUSOIDAL,56.293204,25.000000,UP,TRANSIENT,52.800000,48.800000,24.990000,24.990000,600,0.001667
1866.000000,1867,DY-SIN-001,DYNAMIC_SINUSOIDAL,56.374240,25.000000,UP,TRANSIENT,52.920000,48.800000,24.987000,24.987000,600,0.001667
1867.000000,1868,DY-SIN-001,DYNAMIC_SINUSOIDAL,56.454577,25.000000,UP,TRANSIENT,53.010000,48.600000,24.998000,24.998000,600,0.001667
1868.000000,1869,DY-SIN-001,DYNAMIC_SINUSOIDAL,56.534206,25.000000,UP,TRANSIENT,53.220000,49.100000,25.054000,25.054000,600,0.001667
1869.000000,1870,DY-SIN-001,DYNAMIC_SINUSOIDAL,56.613119,25.000000,UP,TRANSIENT,53.290000,49.400000,24.939000,24.939000,600,0.001667
1870.000000,1871,DY-SIN-001,DYNAMIC_SINUSOIDAL,56.691306,25.000000,UP,TRANSIENT,53.330000,49.000000,24.977000,24.977000,600,0.001667
1871.000000,1872,DY-SIN-001,DYNAMIC_SINUSOIDAL,56.768760,25.000000,UP,TRANSIENT,53.450000,48.700000,25.015000,25.015000,600,0.001667
1872.000000,1873,DY-SIN-001,DYNAMIC_SINUSOIDAL,56.845471,25.000000,UP,TRANSIENT,53.520000,49.400000,24.966000,24.966000,600,0.001667
1873.000000,1874,DY-SIN-001,DYNAMIC_SINUSOIDAL,56.921432,25.000000,UP,TRANSIENT,53.590000,49.600000,24.970000,24.970000,600,0.001667
1874.000000,1875,DY-SIN-001,DYNAMIC_SINUSOIDAL,56.996633,25.000000,UP,TRANSIENT,53.730000,49.500000,25.002000,25.002000,600,0.001667
1875.000000,1876,DY-SIN-001,DYNAMIC_SINUSOIDAL,57.071068,25.000000,UP,TRANSIENT,53.840000,49.900000,25.029000,25.029000,600,0.001667
1876.000000,1877,DY-SIN-001,DYNAMIC_SINUSOIDAL,57.144727,25.000000,UP,TRANSIENT,53.780000,49.600000,25.018000,25.018000,600,0.001667
1877.000000,1878,DY-SIN-001,DYNAMIC_SINUSOIDAL,57.217602,25.000000,UP,TRANSIENT,53.990000,50.000000,25.030000,25.030000,600,0.001667
1878.000000,1879,DY-SIN-001,DYNAMIC_SINUSOIDAL,57.289686,25.000000,UP,TRANSIENT,54.010000,50.000000,25.023000,25.023000,600,0.001667
1879.000000,1880,DY-SIN-001,DYNAMIC_SINUSOIDAL,57.360971,25.000000,UP,TRANSIENT,54.110000,50.300000,25.022000,25.022000,600,0.001667
1880.000000,1881,DY-SIN-001,DYNAMIC_SINUSOIDAL,57.431448,25.000000,UP,TRANSIENT,54.300000,50.100000,25.034000,25.034000,600,0.001667
1881.000000,1882,DY-SIN-001,DYNAMIC_SINUSOIDAL,57.501111,25.000000,UP,TRANSIENT,54.370000,50.400000,25.007000,25.007000,600,0.001667
1882.000000,1883,DY-SIN-001,DYNAMIC_SINUSOIDAL,57.569951,25.000000,UP,TRANSIENT,54.510000,50.400000,25.033000,25.033000,600,0.001667
1883.000000,1884,DY-SIN-001,DYNAMIC_SINUSOIDAL,57.637960,25.000000,UP,TRANSIENT,54.520000,50.000000,25.022000,25.022000,600,0.001667
1884.000000,1885,DY-SIN-001,DYNAMIC_SINUSOIDAL,57.705132,25.000000,UP,TRANSIENT,54.660000,50.700000,25.039000,25.039000,600,0.001667
1885.000000,1886,DY-SIN-001,DYNAMIC_SINUSOIDAL,57.771460,25.000000,UP,TRANSIENT,54.740000,50.400000,25.032000,25.032000,600,0.001667
1886.000000,1887,DY-SIN-001,DYNAMIC_SINUSOIDAL,57.836935,25.000000,UP,TRANSIENT,54.780000,50.500000,25.076000,25.076000,600,0.001667
1887.000000,1888,DY-SIN-001,DYNAMIC_SINUSOIDAL,57.901550,25.000000,UP,TRANSIENT,54.970000,50.700000,25.014000,25.014000,600,0.001667
1888.000000,1889,DY-SIN-001,DYNAMIC_SINUSOIDAL,57.965299,25.000000,UP,TRANSIENT,54.990000,51.200000,25.035000,25.035000,600,0.001667
1889.000000,1890,DY-SIN-001,DYNAMIC_SINUSOIDAL,58.028175,25.000000,UP,TRANSIENT,55.070000,51.000000,25.070000,25.070000,600,0.001667
1890.000000,1891,DY-SIN-001,DYNAMIC_SINUSOIDAL,58.090170,25.000000,UP,TRANSIENT,55.140000,51.400000,24.996000,24.996000,600,0.001667
1891.000000,1892,DY-SIN-001,DYNAMIC_SINUSOIDAL,58.151278,25.000000,UP,TRANSIENT,55.230000,51.300000,25.026000,25.026000,600,0.001667
1892.000000,1893,DY-SIN-001,DYNAMIC_SINUSOIDAL,58.211492,25.000000,UP,TRANSIENT,55.300000,51.300000,25.090000,25.090000,600,0.001667
1893.000000,1894,DY-SIN-001,DYNAMIC_SINUSOIDAL,58.270806,25.000000,UP,TRANSIENT,55.370000,51.100000,24.995000,24.995000,600,0.001667
1894.000000,1895,DY-SIN-001,DYNAMIC_SINUSOIDAL,58.329212,25.000000,UP,TRANSIENT,55.460000,51.900000,25.027000,25.027000,600,0.001667
1895.000000,1896,DY-SIN-001,DYNAMIC_SINUSOIDAL,58.386706,25.000000,UP,TRANSIENT,55.580000,51.200000,24.994000,24.994000,600,0.001667
1896.000000,1897,DY-SIN-001,DYNAMIC_SINUSOIDAL,58.443279,25.000000,UP,TRANSIENT,55.590000,51.800000,25.040000,25.040000,600,0.001667
1897.000000,1898,DY-SIN-001,DYNAMIC_SINUSOIDAL,58.498927,25.000000,UP,TRANSIENT,55.710000,51.800000,25.076000,25.076000,600,0.001667
1898.000000,1899,DY-SIN-001,DYNAMIC_SINUSOIDAL,58.553643,25.000000,UP,TRANSIENT,55.780000,52.400000,25.027000,25.027000,600,0.001667
1899.000000,1900,DY-SIN-001,DYNAMIC_SINUSOIDAL,58.607420,25.000000,UP,TRANSIENT,55.890000,51.900000,25.006000,25.006000,600,0.001667
1900.000000,1901,DY-SIN-001,DYNAMIC_SINUSOIDAL,58.660254,25.000000,UP,TRANSIENT,55.970000,52.000000,25.060000,25.060000,600,0.001667
1901.000000,1902,DY-SIN-001,DYNAMIC_SINUSOIDAL,58.712138,25.000000,UP,TRANSIENT,56.050000,52.300000,25.021000,25.021000,600,0.001667
1902.000000,1903,DY-SIN-001,DYNAMIC_SINUSOIDAL,58.763067,25.000000,UP,TRANSIENT,56.140000,52.200000,25.060000,25.060000,600,0.001667
1903.000000,1904,DY-SIN-001,DYNAMIC_SINUSOIDAL,58.813035,25.000000,UP,TRANSIENT,56.230000,52.300000,25.014000,25.014000,600,0.001667
1904.000000,1905,DY-SIN-001,DYNAMIC_SINUSOIDAL,58.862036,25.000000,UP,TRANSIENT,56.360000,52.300000,25.015000,25.015000,600,0.001667
1905.000000,1906,DY-SIN-001,DYNAMIC_SINUSOIDAL,58.910065,25.000000,UP,TRANSIENT,56.390000,52.300000,25.035000,25.035000,600,0.001667
1906.000000,1907,DY-SIN-001,DYNAMIC_SINUSOIDAL,58.957118,25.000000,UP,TRANSIENT,56.440000,52.200000,25.003000,25.003000,600,0.001667
1907.000000,1908,DY-SIN-001,DYNAMIC_SINUSOIDAL,59.003188,25.000000,UP,TRANSIENT,56.500000,52.500000,24.999000,24.999000,600,0.001667
1908.000000,1909,DY-SIN-001,DYNAMIC_SINUSOIDAL,59.048271,25.000000,UP,TRANSIENT,56.560000,52.300000,25.031000,25.031000,600,0.001667
1909.000000,1910,DY-SIN-001,DYNAMIC_SINUSOIDAL,59.092361,25.000000,UP,TRANSIENT,56.660000,53.300000,25.010000,25.010000,600,0.001667
1910.000000,1911,DY-SIN-001,DYNAMIC_SINUSOIDAL,59.135455,25.000000,UP,TRANSIENT,56.720000,53.000000,25.036000,25.036000,600,0.001667
1911.000000,1912,DY-SIN-001,DYNAMIC_SINUSOIDAL,59.177546,25.000000,UP,TRANSIENT,56.790000,53.000000,24.950000,24.950000,600,0.001667
1912.000000,1913,DY-SIN-001,DYNAMIC_SINUSOIDAL,59.218632,25.000000,UP,TRANSIENT,56.850000,53.100000,25.006000,25.006000,600,0.001667
1913.000000,1914,DY-SIN-001,DYNAMIC_SINUSOIDAL,59.258706,25.000000,UP,TRANSIENT,56.910000,52.800000,25.047000,25.047000,600,0.001667
1914.000000,1915,DY-SIN-001,DYNAMIC_SINUSOIDAL,59.297765,25.000000,UP,TRANSIENT,56.990000,53.400000,24.997000,24.997000,600,0.001667
1915.000000,1916,DY-SIN-001,DYNAMIC_SINUSOIDAL,59.335804,25.000000,UP,TRANSIENT,57.060000,53.300000,25.040000,25.040000,600,0.001667
1916.000000,1917,DY-SIN-001,DYNAMIC_SINUSOIDAL,59.372820,25.000000,UP,TRANSIENT,57.190000,53.200000,24.975000,24.975000,600,0.001667
1917.000000,1918,DY-SIN-001,DYNAMIC_SINUSOIDAL,59.408808,25.000000,UP,TRANSIENT,57.220000,53.700000,25.011000,25.011000,600,0.001667
1918.000000,1919,DY-SIN-001,DYNAMIC_SINUSOIDAL,59.443764,25.000000,UP,TRANSIENT,57.200000,53.900000,24.995000,24.995000,600,0.001667
1919.000000,1920,DY-SIN-001,DYNAMIC_SINUSOIDAL,59.477684,25.000000,UP,TRANSIENT,57.370000,53.700000,24.982000,24.982000,600,0.001667
1920.000000,1921,DY-SIN-001,DYNAMIC_SINUSOIDAL,59.510565,25.000000,UP,TRANSIENT,57.370000,53.400000,25.039000,25.039000,600,0.001667
1921.000000,1922,DY-SIN-001,DYNAMIC_SINUSOIDAL,59.542403,25.000000,UP,TRANSIENT,57.490000,53.800000,25.035000,25.035000,600,0.001667
1922.000000,1923,DY-SIN-001,DYNAMIC_SINUSOIDAL,59.573195,25.000000,UP,TRANSIENT,57.510000,53.800000,24.986000,24.986000,600,0.001667
1923.000000,1924,DY-SIN-001,DYNAMIC_SINUSOIDAL,59.602937,25.000000,UP,TRANSIENT,57.520000,54.300000,25.037000,25.037000,600,0.001667
1924.000000,1925,DY-SIN-001,DYNAMIC_SINUSOIDAL,59.631626,25.000000,UP,TRANSIENT,57.630000,54.000000,25.043000,25.043000,600,0.001667
1925.000000,1926,DY-SIN-001,DYNAMIC_SINUSOIDAL,59.659258,25.000000,UP,TRANSIENT,57.710000,54.100000,24.989000,24.989000,600,0.001667
1926.000000,1927,DY-SIN-001,DYNAMIC_SINUSOIDAL,59.685832,25.000000,UP,TRANSIENT,57.750000,54.500000,25.051000,25.051000,600,0.001667
1927.000000,1928,DY-SIN-001,DYNAMIC_SINUSOIDAL,59.711343,25.000000,UP,TRANSIENT,57.830000,54.300000,25.005000,25.005000,600,0.001667
1928.000000,1929,DY-SIN-001,DYNAMIC_SINUSOIDAL,59.735789,25.000000,UP,TRANSIENT,57.840000,54.200000,24.987000,24.987000,600,0.001667
1929.000000,1930,DY-SIN-001,DYNAMIC_SINUSOIDAL,59.759168,25.000000,UP,TRANSIENT,57.900000,54.200000,25.033000,25.033000,600,0.001667
1930.000000,1931,DY-SIN-001,DYNAMIC_SINUSOIDAL,59.781476,25.000000,UP,TRANSIENT,57.930000,54.100000,25.020000,25.020000,600,0.001667
1931.000000,1932,DY-SIN-001,DYNAMIC_SINUSOIDAL,59.802712,25.000000,UP,TRANSIENT,58.080000,54.600000,25.032000,25.032000,600,0.001667
1932.000000,1933,DY-SIN-001,DYNAMIC_SINUSOIDAL,59.822873,25.000000,UP,TRANSIENT,58.100000,54.400000,25.028000,25.028000,600,0.001667
1933.000000,1934,DY-SIN-001,DYNAMIC_SINUSOIDAL,59.841956,25.000000,UP,TRANSIENT,58.160000,54.700000,24.975000,24.975000,600,0.001667
1934.000000,1935,DY-SIN-001,DYNAMIC_SINUSOIDAL,59.859960,25.000000,UP,TRANSIENT,58.250000,54.800000,25.039000,25.039000,600,0.001667
1935.000000,1936,DY-SIN-001,DYNAMIC_SINUSOIDAL,59.876883,25.000000,UP,TRANSIENT,58.250000,55.100000,25.047000,25.047000,600,0.001667
1936.000000,1937,DY-SIN-001,DYNAMIC_SINUSOIDAL,59.892723,25.000000,UP,TRANSIENT,58.350000,54.900000,25.028000,25.028000,600,0.001667
1937.000000,1938,DY-SIN-001,DYNAMIC_SINUSOIDAL,59.907478,25.000000,UP,TRANSIENT,58.350000,55.100000,25.033000,25.033000,600,0.001667
1938.000000,1939,DY-SIN-001,DYNAMIC_SINUSOIDAL,59.921147,25.000000,UP,TRANSIENT,58.430000,55.300000,25.010000,25.010000,600,0.001667
1939.000000,1940,DY-SIN-001,DYNAMIC_SINUSOIDAL,59.933728,25.000000,UP,TRANSIENT,58.470000,54.900000,25.038000,25.038000,600,0.001667
1940.000000,1941,DY-SIN-001,DYNAMIC_SINUSOIDAL,59.945219,25.000000,UP,TRANSIENT,58.580000,55.600000,25.034000,25.034000,600,0.001667
1941.000000,1942,DY-SIN-001,DYNAMIC_SINUSOIDAL,59.955620,25.000000,UP,TRANSIENT,58.630000,55.100000,24.988000,24.988000,600,0.001667
1942.000000,1943,DY-SIN-001,DYNAMIC_SINUSOIDAL,59.964929,25.000000,UP,TRANSIENT,58.540000,54.800000,25.013000,25.013000,600,0.001667
1943.000000,1944,DY-SIN-001,DYNAMIC_SINUSOIDAL,59.973145,25.000000,UP,TRANSIENT,58.670000,55.500000,25.068000,25.068000,600,0.001667
1944.000000,1945,DY-SIN-001,DYNAMIC_SINUSOIDAL,59.980267,25.000000,UP,TRANSIENT,58.660000,55.200000,25.051000,25.051000,600,0.001667
1945.000000,1946,DY-SIN-001,DYNAMIC_SINUSOIDAL,59.986295,25.000000,UP,TRANSIENT,58.750000,55.500000,24.983000,24.983000,600,0.001667
1946.000000,1947,DY-SIN-001,DYNAMIC_SINUSOIDAL,59.991228,25.000000,UP,TRANSIENT,58.770000,55.200000,25.038000,25.038000,600,0.001667
1947.000000,1948,DY-SIN-001,DYNAMIC_SINUSOIDAL,59.995066,25.000000,UP,TRANSIENT,58.780000,55.800000,24.990000,24.990000,600,0.001667
1948.000000,1949,DY-SIN-001,DYNAMIC_SINUSOIDAL,59.997807,25.000000,UP,TRANSIENT,58.860000,55.700000,25.052000,25.052000,600,0.001667
1949.000000,1950,DY-SIN-001,DYNAMIC_SINUSOIDAL,59.999452,25.000000,UP,TRANSIENT,58.840000,55.900000,25.018000,25.018000,600,0.001667
1950.000000,1951,DY-SIN-001,DYNAMIC_SINUSOIDAL,60.000000,25.000000,UP,TRANSIENT,58.940000,55.800000,24.973000,24.973000,600,0.001667
1951.000000,1952,DY-SIN-001,DYNAMIC_SINUSOIDAL,59.999452,25.000000,DOWN,TRANSIENT,59.000000,56.400000,24.995000,24.995000,600,0.001667
1952.000000,1953,DY-SIN-001,DYNAMIC_SINUSOIDAL,59.997807,25.000000,DOWN,TRANSIENT,58.980000,56.500000,25.018000,25.018000,600,0.001667
1953.000000,1954,DY-SIN-001,DYNAMIC_SINUSOIDAL,59.995066,25.000000,DOWN,TRANSIENT,59.110000,56.100000,25.000000,25.000000,600,0.001667
1954.000000,1955,DY-SIN-001,DYNAMIC_SINUSOIDAL,59.991228,25.000000,DOWN,TRANSIENT,59.140000,56.300000,25.028000,25.028000,600,0.001667
1955.000000,1956,DY-SIN-001,DYNAMIC_SINUSOIDAL,59.986295,25.000000,DOWN,TRANSIENT,59.120000,56.900000,25.040000,25.040000,600,0.001667
1956.000000,1957,DY-SIN-001,DYNAMIC_SINUSOIDAL,59.980267,25.000000,DOWN,TRANSIENT,59.210000,57.100000,25.057000,25.057000,600,0.001667
1957.000000,1958,DY-SIN-001,DYNAMIC_SINUSOIDAL,59.973145,25.000000,DOWN,TRANSIENT,59.190000,56.800000,25.038000,25.038000,600,0.001667
1958.000000,1959,DY-SIN-001,DYNAMIC_SINUSOIDAL,59.964929,25.000000,DOWN,TRANSIENT,59.230000,56.900000,24.959000,24.959000,600,0.001667
1959.000000,1960,DY-SIN-001,DYNAMIC_SINUSOIDAL,59.955620,25.000000,DOWN,TRANSIENT,59.300000,57.100000,25.009000,25.009000,600,0.001667
1960.000000,1961,DY-SIN-001,DYNAMIC_SINUSOIDAL,59.945219,25.000000,DOWN,TRANSIENT,59.340000,56.600000,25.036000,25.036000,600,0.001667
1961.000000,1962,DY-SIN-001,DYNAMIC_SINUSOIDAL,59.933728,25.000000,DOWN,TRANSIENT,59.280000,57.200000,24.999000,24.999000,600,0.001667
1962.000000,1963,DY-SIN-001,DYNAMIC_SINUSOIDAL,59.921147,25.000000,DOWN,TRANSIENT,59.270000,57.500000,25.031000,25.031000,600,0.001667
1963.000000,1964,DY-SIN-001,DYNAMIC_SINUSOIDAL,59.907478,25.000000,DOWN,TRANSIENT,59.400000,57.500000,25.038000,25.038000,600,0.001667
1964.000000,1965,DY-SIN-001,DYNAMIC_SINUSOIDAL,59.892723,25.000000,DOWN,TRANSIENT,59.370000,57.300000,25.036000,25.036000,600,0.001667
1965.000000,1966,DY-SIN-001,DYNAMIC_SINUSOIDAL,59.876883,25.000000,DOWN,TRANSIENT,59.460000,56.900000,25.030000,25.030000,600,0.001667
1966.000000,1967,DY-SIN-001,DYNAMIC_SINUSOIDAL,59.859960,25.000000,DOWN,TRANSIENT,59.540000,57.600000,24.994000,24.994000,600,0.001667
1967.000000,1968,DY-SIN-001,DYNAMIC_SINUSOIDAL,59.841956,25.000000,DOWN,TRANSIENT,59.540000,58.000000,25.059000,25.059000,600,0.001667
1968.000000,1969,DY-SIN-001,DYNAMIC_SINUSOIDAL,59.822873,25.000000,DOWN,TRANSIENT,59.620000,57.400000,25.022000,25.022000,600,0.001667
1969.000000,1970,DY-SIN-001,DYNAMIC_SINUSOIDAL,59.802712,25.000000,DOWN,TRANSIENT,59.610000,58.100000,24.996000,24.996000,600,0.001667
1970.000000,1971,DY-SIN-001,DYNAMIC_SINUSOIDAL,59.781476,25.000000,DOWN,TRANSIENT,59.530000,57.600000,25.008000,25.008000,600,0.001667
1971.000000,1972,DY-SIN-001,DYNAMIC_SINUSOIDAL,59.759168,25.000000,DOWN,TRANSIENT,59.640000,57.700000,25.020000,25.020000,600,0.001667
1972.000000,1973,DY-SIN-001,DYNAMIC_SINUSOIDAL,59.735789,25.000000,DOWN,TRANSIENT,59.610000,57.900000,25.026000,25.026000,600,0.001667
1973.000000,1974,DY-SIN-001,DYNAMIC_SINUSOIDAL,59.711343,25.000000,DOWN,TRANSIENT,59.710000,58.300000,25.044000,25.044000,600,0.001667
1974.000000,1975,DY-SIN-001,DYNAMIC_SINUSOIDAL,59.685832,25.000000,DOWN,TRANSIENT,59.640000,57.700000,25.038000,25.038000,600,0.001667
1975.000000,1976,DY-SIN-001,DYNAMIC_SINUSOIDAL,59.659258,25.000000,DOWN,TRANSIENT,59.670000,58.200000,24.983000,24.983000,600,0.001667
1976.000000,1977,DY-SIN-001,DYNAMIC_SINUSOIDAL,59.631626,25.000000,DOWN,TRANSIENT,59.660000,58.100000,25.043000,25.043000,600,0.001667
1977.000000,1978,DY-SIN-001,DYNAMIC_SINUSOIDAL,59.602937,25.000000,DOWN,TRANSIENT,59.700000,58.300000,25.006000,25.006000,600,0.001667
1978.000000,1979,DY-SIN-001,DYNAMIC_SINUSOIDAL,59.573195,25.000000,DOWN,TRANSIENT,59.760000,58.000000,24.974000,24.974000,600,0.001667
1979.000000,1980,DY-SIN-001,DYNAMIC_SINUSOIDAL,59.542403,25.000000,DOWN,TRANSIENT,59.740000,58.300000,24.971000,24.971000,600,0.001667
1980.000000,1981,DY-SIN-001,DYNAMIC_SINUSOIDAL,59.510565,25.000000,DOWN,TRANSIENT,59.760000,58.100000,24.962000,24.962000,600,0.001667
1981.000000,1982,DY-SIN-001,DYNAMIC_SINUSOIDAL,59.477684,25.000000,DOWN,TRANSIENT,59.790000,58.200000,25.011000,25.011000,600,0.001667
1982.000000,1983,DY-SIN-001,DYNAMIC_SINUSOIDAL,59.443764,25.000000,DOWN,TRANSIENT,59.770000,58.300000,25.028000,25.028000,600,0.001667
1983.000000,1984,DY-SIN-001,DYNAMIC_SINUSOIDAL,59.408808,25.000000,DOWN,TRANSIENT,59.720000,58.100000,24.974000,24.974000,600,0.001667
1984.000000,1985,DY-SIN-001,DYNAMIC_SINUSOIDAL,59.372820,25.000000,DOWN,TRANSIENT,59.740000,58.600000,25.034000,25.034000,600,0.001667
1985.000000,1986,DY-SIN-001,DYNAMIC_SINUSOIDAL,59.335804,25.000000,DOWN,TRANSIENT,59.800000,58.600000,25.019000,25.019000,600,0.001667
1986.000000,1987,DY-SIN-001,DYNAMIC_SINUSOIDAL,59.297765,25.000000,DOWN,TRANSIENT,59.750000,58.600000,24.995000,24.995000,600,0.001667
1987.000000,1988,DY-SIN-001,DYNAMIC_SINUSOIDAL,59.258706,25.000000,DOWN,TRANSIENT,59.770000,58.500000,25.036000,25.036000,600,0.001667
1988.000000,1989,DY-SIN-001,DYNAMIC_SINUSOIDAL,59.218632,25.000000,DOWN,TRANSIENT,59.730000,58.400000,24.979000,24.979000,600,0.001667
1989.000000,1990,DY-SIN-001,DYNAMIC_SINUSOIDAL,59.177546,25.000000,DOWN,TRANSIENT,59.710000,58.400000,25.060000,25.060000,600,0.001667
1990.000000,1991,DY-SIN-001,DYNAMIC_SINUSOIDAL,59.135455,25.000000,DOWN,TRANSIENT,59.770000,58.500000,25.015000,25.015000,600,0.001667
1991.000000,1992,DY-SIN-001,DYNAMIC_SINUSOIDAL,59.092361,25.000000,DOWN,TRANSIENT,59.680000,58.500000,25.018000,25.018000,600,0.001667
1992.000000,1993,DY-SIN-001,DYNAMIC_SINUSOIDAL,59.048271,25.000000,DOWN,TRANSIENT,59.740000,58.700000,25.042000,25.042000,600,0.001667
1993.000000,1994,DY-SIN-001,DYNAMIC_SINUSOIDAL,59.003188,25.000000,DOWN,TRANSIENT,59.710000,59.000000,25.039000,25.039000,600,0.001667
1994.000000,1995,DY-SIN-001,DYNAMIC_SINUSOIDAL,58.957118,25.000000,DOWN,TRANSIENT,59.700000,58.500000,25.039000,25.039000,600,0.001667
1995.000000,1996,DY-SIN-001,DYNAMIC_SINUSOIDAL,58.910065,25.000000,DOWN,TRANSIENT,59.760000,58.400000,25.035000,25.035000,600,0.001667
1996.000000,1997,DY-SIN-001,DYNAMIC_SINUSOIDAL,58.862036,25.000000,DOWN,TRANSIENT,59.700000,58.900000,24.987000,24.987000,600,0.001667
1997.000000,1998,DY-SIN-001,DYNAMIC_SINUSOIDAL,58.813035,25.000000,DOWN,TRANSIENT,59.710000,58.400000,25.052000,25.052000,600,0.001667
1998.000000,1999,DY-SIN-001,DYNAMIC_SINUSOIDAL,58.763067,25.000000,DOWN,TRANSIENT,59.640000,58.500000,25.100000,25.100000,600,0.001667
1999.000000,2000,DY-SIN-001,DYNAMIC_SINUSOIDAL,58.712138,25.000000,DOWN,TRANSIENT,59.570000,58.500000,25.028000,25.028000,600,0.001667
2000.000000,2001,DY-SIN-001,DYNAMIC_SINUSOIDAL,58.660254,25.000000,DOWN,TRANSIENT,59.540000,58.600000,25.022000,25.022000,600,0.001667
2001.000000,2002,DY-SIN-001,DYNAMIC_SINUSOIDAL,58.607420,25.000000,DOWN,TRANSIENT,59.590000,58.500000,25.060000,25.060000,600,0.001667
2002.000000,2003,DY-SIN-001,DYNAMIC_SINUSOIDAL,58.553643,25.000000,DOWN,TRANSIENT,59.570000,58.500000,25.059000,25.059000,600,0.001667
2003.000000,2004,DY-SIN-001,DYNAMIC_SINUSOIDAL,58.498927,25.000000,DOWN,TRANSIENT,59.530000,58.300000,25.032000,25.032000,600,0.001667
2004.000000,2005,DY-SIN-001,DYNAMIC_SINUSOIDAL,58.443279,25.000000,DOWN,TRANSIENT,59.510000,58.600000,25.032000,25.032000,600,0.001667
2005.000000,2006,DY-SIN-001,DYNAMIC_SINUSOIDAL,58.386706,25.000000,DOWN,TRANSIENT,59.530000,58.600000,25.019000,25.019000,600,0.001667
2006.000000,2007,DY-SIN-001,DYNAMIC_SINUSOIDAL,58.329212,25.000000,DOWN,TRANSIENT,59.530000,58.600000,25.005000,25.005000,600,0.001667
2007.000000,2008,DY-SIN-001,DYNAMIC_SINUSOIDAL,58.270806,25.000000,DOWN,TRANSIENT,59.530000,58.400000,25.083000,25.083000,600,0.001667
2008.000000,2009,DY-SIN-001,DYNAMIC_SINUSOIDAL,58.211492,25.000000,DOWN,TRANSIENT,59.490000,58.400000,24.989000,24.989000,600,0.001667
2009.000000,2010,DY-SIN-001,DYNAMIC_SINUSOIDAL,58.151278,25.000000,DOWN,TRANSIENT,59.470000,58.800000,25.012000,25.012000,600,0.001667
2010.000000,2011,DY-SIN-001,DYNAMIC_SINUSOIDAL,58.090170,25.000000,DOWN,TRANSIENT,59.410000,58.600000,24.986000,24.986000,600,0.001667
2011.000000,2012,DY-SIN-001,DYNAMIC_SINUSOIDAL,58.028175,25.000000,DOWN,TRANSIENT,59.410000,58.800000,24.994000,24.994000,600,0.001667
2012.000000,2013,DY-SIN-001,DYNAMIC_SINUSOIDAL,57.965299,25.000000,DOWN,TRANSIENT,59.390000,58.500000,25.059000,25.059000,600,0.001667
2013.000000,2014,DY-SIN-001,DYNAMIC_SINUSOIDAL,57.901550,25.000000,DOWN,TRANSIENT,59.320000,58.900000,25.040000,25.040000,600,0.001667
2014.000000,2015,DY-SIN-001,DYNAMIC_SINUSOIDAL,57.836935,25.000000,DOWN,TRANSIENT,59.400000,58.900000,24.994000,24.994000,600,0.001667
2015.000000,2016,DY-SIN-001,DYNAMIC_SINUSOIDAL,57.771460,25.000000,DOWN,TRANSIENT,59.300000,58.800000,25.046000,25.046000,600,0.001667
2016.000000,2017,DY-SIN-001,DYNAMIC_SINUSOIDAL,57.705132,25.000000,DOWN,TRANSIENT,59.230000,58.400000,25.026000,25.026000,600,0.001667
2017.000000,2018,DY-SIN-001,DYNAMIC_SINUSOIDAL,57.637960,25.000000,DOWN,TRANSIENT,59.150000,58.600000,24.976000,24.976000,600,0.001667
2018.000000,2019,DY-SIN-001,DYNAMIC_SINUSOIDAL,57.569951,25.000000,DOWN,TRANSIENT,59.150000,59.000000,25.077000,25.077000,600,0.001667
2019.000000,2020,DY-SIN-001,DYNAMIC_SINUSOIDAL,57.501111,25.000000,DOWN,TRANSIENT,59.210000,58.900000,24.998000,24.998000,600,0.001667
2020.000000,2021,DY-SIN-001,DYNAMIC_SINUSOIDAL,57.431448,25.000000,DOWN,TRANSIENT,59.160000,59.200000,24.970000,24.970000,600,0.001667
2021.000000,2022,DY-SIN-001,DYNAMIC_SINUSOIDAL,57.360971,25.000000,DOWN,TRANSIENT,59.120000,58.600000,25.008000,25.008000,600,0.001667
2022.000000,2023,DY-SIN-001,DYNAMIC_SINUSOIDAL,57.289686,25.000000,DOWN,TRANSIENT,59.030000,58.000000,24.997000,24.997000,600,0.001667
2023.000000,2024,DY-SIN-001,DYNAMIC_SINUSOIDAL,57.217602,25.000000,DOWN,TRANSIENT,59.020000,58.600000,25.000000,25.000000,600,0.001667
2024.000000,2025,DY-SIN-001,DYNAMIC_SINUSOIDAL,57.144727,25.000000,DOWN,TRANSIENT,58.990000,58.100000,25.009000,25.009000,600,0.001667
2025.000000,2026,DY-SIN-001,DYNAMIC_SINUSOIDAL,57.071068,25.000000,DOWN,TRANSIENT,58.910000,58.900000,25.050000,25.050000,600,0.001667
2026.000000,2027,DY-SIN-001,DYNAMIC_SINUSOIDAL,56.996633,25.000000,DOWN,TRANSIENT,58.890000,58.400000,25.072000,25.072000,600,0.001667
2027.000000,2028,DY-SIN-001,DYNAMIC_SINUSOIDAL,56.921432,25.000000,DOWN,TRANSIENT,58.890000,58.500000,25.057000,25.057000,600,0.001667
2028.000000,2029,DY-SIN-001,DYNAMIC_SINUSOIDAL,56.845471,25.000000,DOWN,TRANSIENT,58.750000,58.600000,25.021000,25.021000,600,0.001667
2029.000000,2030,DY-SIN-001,DYNAMIC_SINUSOIDAL,56.768760,25.000000,DOWN,TRANSIENT,58.780000,58.500000,24.995000,24.995000,600,0.001667
2030.000000,2031,DY-SIN-001,DYNAMIC_SINUSOIDAL,56.691306,25.000000,DOWN,TRANSIENT,58.680000,58.400000,25.012000,25.012000,600,0.001667
2031.000000,2032,DY-SIN-001,DYNAMIC_SINUSOIDAL,56.613119,25.000000,DOWN,TRANSIENT,58.760000,58.100000,25.034000,25.034000,600,0.001667
2032.000000,2033,DY-SIN-001,DYNAMIC_SINUSOIDAL,56.534206,25.000000,DOWN,TRANSIENT,58.650000,58.300000,25.061000,25.061000,600,0.001667
2033.000000,2034,DY-SIN-001,DYNAMIC_SINUSOIDAL,56.454577,25.000000,DOWN,TRANSIENT,58.570000,58.600000,25.033000,25.033000,600,0.001667
2034.000000,2035,DY-SIN-001,DYNAMIC_SINUSOIDAL,56.374240,25.000000,DOWN,TRANSIENT,58.530000,58.200000,25.072000,25.072000,600,0.001667
2035.000000,2036,DY-SIN-001,DYNAMIC_SINUSOIDAL,56.293204,25.000000,DOWN,TRANSIENT,58.540000,58.200000,25.059000,25.059000,600,0.001667
2036.000000,2037,DY-SIN-001,DYNAMIC_SINUSOIDAL,56.211478,25.000000,DOWN,TRANSIENT,58.440000,58.300000,25.098000,25.098000,600,0.001667
2037.000000,2038,DY-SIN-001,DYNAMIC_SINUSOIDAL,56.129071,25.000000,DOWN,TRANSIENT,58.530000,58.000000,25.050000,25.050000,600,0.001667
2038.000000,2039,DY-SIN-001,DYNAMIC_SINUSOIDAL,56.045991,25.000000,DOWN,TRANSIENT,58.380000,58.000000,25.032000,25.032000,600,0.001667
2039.000000,2040,DY-SIN-001,DYNAMIC_SINUSOIDAL,55.962249,25.000000,DOWN,TRANSIENT,58.390000,58.000000,25.039000,25.039000,600,0.001667
2040.000000,2041,DY-SIN-001,DYNAMIC_SINUSOIDAL,55.877853,25.000000,DOWN,TRANSIENT,58.340000,58.000000,25.035000,25.035000,600,0.001667
2041.000000,2042,DY-SIN-001,DYNAMIC_SINUSOIDAL,55.792812,25.000000,DOWN,TRANSIENT,58.220000,57.500000,25.007000,25.007000,600,0.001667
2042.000000,2043,DY-SIN-001,DYNAMIC_SINUSOIDAL,55.707136,25.000000,DOWN,TRANSIENT,58.140000,57.800000,25.017000,25.017000,600,0.001667
2043.000000,2044,DY-SIN-001,DYNAMIC_SINUSOIDAL,55.620834,25.000000,DOWN,TRANSIENT,58.120000,58.300000,24.964000,24.964000,600,0.001667
2044.000000,2045,DY-SIN-001,DYNAMIC_SINUSOIDAL,55.533915,25.000000,DOWN,TRANSIENT,58.100000,58.300000,25.040000,25.040000,600,0.001667
2045.000000,2046,DY-SIN-001,DYNAMIC_SINUSOIDAL,55.446390,25.000000,DOWN,TRANSIENT,58.040000,58.100000,25.018000,25.018000,600,0.001667
2046.000000,2047,DY-SIN-001,DYNAMIC_SINUSOIDAL,55.358268,25.000000,DOWN,TRANSIENT,57.910000,58.000000,25.016000,25.016000,600,0.001667
2047.000000,2048,DY-SIN-001,DYNAMIC_SINUSOIDAL,55.269558,25.000000,DOWN,TRANSIENT,57.880000,58.200000,25.021000,25.021000,600,0.001667
2048.000000,2049,DY-SIN-001,DYNAMIC_SINUSOIDAL,55.180270,25.000000,DOWN,TRANSIENT,57.820000,58.300000,25.023000,25.023000,600,0.001667
2049.000000,2050,DY-SIN-001,DYNAMIC_SINUSOIDAL,55.090414,25.000000,DOWN,TRANSIENT,57.730000,58.400000,24.987000,24.987000,600,0.001667
2050.000000,2051,DY-SIN-001,DYNAMIC_SINUSOIDAL,55.000000,25.000000,DOWN,TRANSIENT,57.670000,57.700000,25.062000,25.062000,600,0.001667
2051.000000,2052,DY-SIN-001,DYNAMIC_SINUSOIDAL,54.909038,25.000000,DOWN,TRANSIENT,57.550000,57.400000,24.973000,24.973000,600,0.001667
2052.000000,2053,DY-SIN-001,DYNAMIC_SINUSOIDAL,54.817537,25.000000,DOWN,TRANSIENT,57.500000,57.600000,24.974000,24.974000,600,0.001667
2053.000000,2054,DY-SIN-001,DYNAMIC_SINUSOIDAL,54.725508,25.000000,DOWN,TRANSIENT,57.510000,58.000000,25.046000,25.046000,600,0.001667
2054.000000,2055,DY-SIN-001,DYNAMIC_SINUSOIDAL,54.632960,25.000000,DOWN,TRANSIENT,57.390000,57.700000,25.006000,25.006000,600,0.001667
2055.000000,2056,DY-SIN-001,DYNAMIC_SINUSOIDAL,54.539905,25.000000,DOWN,TRANSIENT,57.320000,57.700000,24.979000,24.979000,600,0.001667
2056.000000,2057,DY-SIN-001,DYNAMIC_SINUSOIDAL,54.446352,25.000000,DOWN,TRANSIENT,57.270000,57.700000,25.062000,25.062000,600,0.001667
2057.000000,2058,DY-SIN-001,DYNAMIC_SINUSOIDAL,54.352311,25.000000,DOWN,TRANSIENT,57.220000,57.200000,25.018000,25.018000,600,0.001667
2058.000000,2059,DY-SIN-001,DYNAMIC_SINUSOIDAL,54.257793,25.000000,DOWN,TRANSIENT,57.120000,57.200000,24.962000,24.962000,600,0.001667
2059.000000,2060,DY-SIN-001,DYNAMIC_SINUSOIDAL,54.162808,25.000000,DOWN,TRANSIENT,57.090000,57.500000,24.927000,24.927000,600,0.001667
2060.000000,2061,DY-SIN-001,DYNAMIC_SINUSOIDAL,54.067366,25.000000,DOWN,TRANSIENT,57.130000,57.300000,25.076000,25.076000,600,0.001667
2061.000000,2062,DY-SIN-001,DYNAMIC_SINUSOIDAL,53.971479,25.000000,DOWN,TRANSIENT,57.010000,57.400000,24.976000,24.976000,600,0.001667
2062.000000,2063,DY-SIN-001,DYNAMIC_SINUSOIDAL,53.875156,25.000000,DOWN,TRANSIENT,56.940000,56.900000,25.014000,25.014000,600,0.001667
2063.000000,2064,DY-SIN-001,DYNAMIC_SINUSOIDAL,53.778408,25.000000,DOWN,TRANSIENT,56.850000,57.300000,25.031000,25.031000,600,0.001667
2064.000000,2065,DY-SIN-001,DYNAMIC_SINUSOIDAL,53.681246,25.000000,DOWN,TRANSIENT,56.720000,57.200000,24.994000,24.994000,600,0.001667
2065.000000,2066,DY-SIN-001,DYNAMIC_SINUSOIDAL,53.583679,25.000000,DOWN,TRANSIENT,56.670000,57.200000,24.997000,24.997000,600,0.001667
2066.000000,2067,DY-SIN-001,DYNAMIC_SINUSOIDAL,53.485720,25.000000,DOWN,TRANSIENT,56.570000,56.900000,25.026000,25.026000,600,0.001667
2067.000000,2068,DY-SIN-001,DYNAMIC_SINUSOIDAL,53.387379,25.000000,DOWN,TRANSIENT,56.550000,57.100000,24.984000,24.984000,600,0.001667
2068.000000,2069,DY-SIN-001,DYNAMIC_SINUSOIDAL,53.288666,25.000000,DOWN,TRANSIENT,56.420000,56.600000,24.992000,24.992000,600,0.001667
2069.000000,2070,DY-SIN-001,DYNAMIC_SINUSOIDAL,53.189593,25.000000,DOWN,TRANSIENT,56.380000,57.100000,25.032000,25.032000,600,0.001667
2070.000000,2071,DY-SIN-001,DYNAMIC_SINUSOIDAL,53.090170,25.000000,DOWN,TRANSIENT,56.350000,57.100000,25.029000,25.029000,600,0.001667
2071.000000,2072,DY-SIN-001,DYNAMIC_SINUSOIDAL,52.990408,25.000000,DOWN,TRANSIENT,56.270000,56.400000,25.046000,25.046000,600,0.001667
2072.000000,2073,DY-SIN-001,DYNAMIC_SINUSOIDAL,52.890318,25.000000,DOWN,TRANSIENT,56.160000,56.600000,24.951000,24.951000,600,0.001667
2073.000000,2074,DY-SIN-001,DYNAMIC_SINUSOIDAL,52.789911,25.000000,DOWN,TRANSIENT,56.080000,56.200000,25.029000,25.029000,600,0.001667
2074.000000,2075,DY-SIN-001,DYNAMIC_SINUSOIDAL,52.689198,25.000000,DOWN,TRANSIENT,56.030000,56.500000,25.065000,25.065000,600,0.001667
2075.000000,2076,DY-SIN-001,DYNAMIC_SINUSOIDAL,52.588190,25.000000,DOWN,TRANSIENT,55.960000,56.300000,24.985000,24.985000,600,0.001667
2076.000000,2077,DY-SIN-001,DYNAMIC_SINUSOIDAL,52.486899,25.000000,DOWN,TRANSIENT,55.810000,56.200000,25.002000,25.002000,600,0.001667
2077.000000,2078,DY-SIN-001,DYNAMIC_SINUSOIDAL,52.385335,25.000000,DOWN,TRANSIENT,55.800000,56.300000,25.040000,25.040000,600,0.001667
2078.000000,2079,DY-SIN-001,DYNAMIC_SINUSOIDAL,52.283509,25.000000,DOWN,TRANSIENT,55.710000,56.500000,25.009000,25.009000,600,0.001667
2079.000000,2080,DY-SIN-001,DYNAMIC_SINUSOIDAL,52.181432,25.000000,DOWN,TRANSIENT,55.650000,56.500000,24.999000,24.999000,600,0.001667
2080.000000,2081,DY-SIN-001,DYNAMIC_SINUSOIDAL,52.079117,25.000000,DOWN,TRANSIENT,55.490000,56.400000,25.005000,25.005000,600,0.001667
2081.000000,2082,DY-SIN-001,DYNAMIC_SINUSOIDAL,51.976573,25.000000,DOWN,TRANSIENT,55.430000,55.900000,25.025000,25.025000,600,0.001667
2082.000000,2083,DY-SIN-001,DYNAMIC_SINUSOIDAL,51.873813,25.000000,DOWN,TRANSIENT,55.470000,56.400000,24.993000,24.993000,600,0.001667
2083.000000,2084,DY-SIN-001,DYNAMIC_SINUSOIDAL,51.770847,25.000000,DOWN,TRANSIENT,55.380000,55.700000,25.018000,25.018000,600,0.001667
2084.000000,2085,DY-SIN-001,DYNAMIC_SINUSOIDAL,51.667687,25.000000,DOWN,TRANSIENT,55.230000,55.700000,25.020000,25.020000,600,0.001667
2085.000000,2086,DY-SIN-001,DYNAMIC_SINUSOIDAL,51.564345,25.000000,DOWN,TRANSIENT,55.120000,56.100000,25.002000,25.002000,600,0.001667
2086.000000,2087,DY-SIN-001,DYNAMIC_SINUSOIDAL,51.460830,25.000000,DOWN,TRANSIENT,55.030000,55.900000,25.055000,25.055000,600,0.001667
2087.000000,2088,DY-SIN-001,DYNAMIC_SINUSOIDAL,51.357156,25.000000,DOWN,TRANSIENT,54.940000,55.400000,24.996000,24.996000,600,0.001667
2088.000000,2089,DY-SIN-001,DYNAMIC_SINUSOIDAL,51.253332,25.000000,DOWN,TRANSIENT,54.830000,55.300000,25.016000,25.016000,600,0.001667
2089.000000,2090,DY-SIN-001,DYNAMIC_SINUSOIDAL,51.149372,25.000000,DOWN,TRANSIENT,54.810000,55.300000,25.062000,25.062000,600,0.001667
2090.000000,2091,DY-SIN-001,DYNAMIC_SINUSOIDAL,51.045285,25.000000,DOWN,TRANSIENT,54.760000,55.100000,24.980000,24.980000,600,0.001667
2091.000000,2092,DY-SIN-001,DYNAMIC_SINUSOIDAL,50.941083,25.000000,DOWN,TRANSIENT,54.650000,55.300000,24.970000,24.970000,600,0.001667
2092.000000,2093,DY-SIN-001,DYNAMIC_SINUSOIDAL,50.836778,25.000000,DOWN,TRANSIENT,54.500000,55.500000,25.008000,25.008000,600,0.001667
2093.000000,2094,DY-SIN-001,DYNAMIC_SINUSOIDAL,50.732382,25.000000,DOWN,TRANSIENT,54.470000,55.400000,25.038000,25.038000,600,0.001667
2094.000000,2095,DY-SIN-001,DYNAMIC_SINUSOIDAL,50.627905,25.000000,DOWN,TRANSIENT,54.390000,54.900000,25.020000,25.020000,600,0.001667
2095.000000,2096,DY-SIN-001,DYNAMIC_SINUSOIDAL,50.523360,25.000000,DOWN,TRANSIENT,54.270000,54.900000,25.042000,25.042000,600,0.001667
2096.000000,2097,DY-SIN-001,DYNAMIC_SINUSOIDAL,50.418757,25.000000,DOWN,TRANSIENT,54.170000,54.800000,25.007000,25.007000,600,0.001667
2097.000000,2098,DY-SIN-001,DYNAMIC_SINUSOIDAL,50.314108,25.000000,DOWN,TRANSIENT,54.100000,54.900000,25.072000,25.072000,600,0.001667
2098.000000,2099,DY-SIN-001,DYNAMIC_SINUSOIDAL,50.209424,25.000000,DOWN,TRANSIENT,53.980000,54.700000,24.990000,24.990000,600,0.001667
2099.000000,2100,DY-SIN-001,DYNAMIC_SINUSOIDAL,50.104718,25.000000,DOWN,TRANSIENT,53.840000,54.800000,25.032000,25.032000,600,0.001667
2100.000000,2101,DY-SIN-001,DYNAMIC_SINUSOIDAL,50.000000,25.000000,DOWN,TRANSIENT,53.770000,54.700000,25.005000,25.005000,600,0.001667
2101.000000,2102,DY-SIN-001,DYNAMIC_SINUSOIDAL,49.895282,25.000000,DOWN,TRANSIENT,53.670000,54.900000,25.036000,25.036000,600,0.001667
2102.000000,2103,DY-SIN-001,DYNAMIC_SINUSOIDAL,49.790576,25.000000,DOWN,TRANSIENT,53.660000,54.300000,25.019000,25.019000,600,0.001667
2103.000000,2104,DY-SIN-001,DYNAMIC_SINUSOIDAL,49.685892,25.000000,DOWN,TRANSIENT,53.480000,54.700000,25.008000,25.008000,600,0.001667
2104.000000,2105,DY-SIN-001,DYNAMIC_SINUSOIDAL,49.581243,25.000000,DOWN,TRANSIENT,53.400000,53.900000,25.035000,25.035000,600,0.001667
2105.000000,2106,DY-SIN-001,DYNAMIC_SINUSOIDAL,49.476640,25.000000,DOWN,TRANSIENT,53.280000,54.100000,25.012000,25.012000,600,0.001667
2106.000000,2107,DY-SIN-001,DYNAMIC_SINUSOIDAL,49.372095,25.000000,DOWN,TRANSIENT,53.240000,54.300000,25.022000,25.022000,600,0.001667
2107.000000,2108,DY-SIN-001,DYNAMIC_SINUSOIDAL,49.267618,25.000000,DOWN,TRANSIENT,53.050000,54.200000,25.067000,25.067000,600,0.001667
2108.000000,2109,DY-SIN-001,DYNAMIC_SINUSOIDAL,49.163222,25.000000,DOWN,TRANSIENT,52.940000,54.200000,25.026000,25.026000,600,0.001667
2109.000000,2110,DY-SIN-001,DYNAMIC_SINUSOIDAL,49.058917,25.000000,DOWN,TRANSIENT,52.860000,54.000000,25.035000,25.035000,600,0.001667
2110.000000,2111,DY-SIN-001,DYNAMIC_SINUSOIDAL,48.954715,25.000000,DOWN,TRANSIENT,52.820000,53.700000,25.029000,25.029000,600,0.001667
2111.000000,2112,DY-SIN-001,DYNAMIC_SINUSOIDAL,48.850628,25.000000,DOWN,TRANSIENT,52.680000,53.700000,24.979000,24.979000,600,0.001667
2112.000000,2113,DY-SIN-001,DYNAMIC_SINUSOIDAL,48.746668,25.000000,DOWN,TRANSIENT,52.620000,53.400000,25.022000,25.022000,600,0.001667
2113.000000,2114,DY-SIN-001,DYNAMIC_SINUSOIDAL,48.642844,25.000000,DOWN,TRANSIENT,52.470000,53.500000,25.039000,25.039000,600,0.001667
2114.000000,2115,DY-SIN-001,DYNAMIC_SINUSOIDAL,48.539170,25.000000,DOWN,TRANSIENT,52.370000,53.300000,25.039000,25.039000,600,0.001667
2115.000000,2116,DY-SIN-001,DYNAMIC_SINUSOIDAL,48.435655,25.000000,DOWN,TRANSIENT,52.260000,53.400000,25.050000,25.050000,600,0.001667
2116.000000,2117,DY-SIN-001,DYNAMIC_SINUSOIDAL,48.332313,25.000000,DOWN,TRANSIENT,52.180000,53.000000,25.011000,25.011000,600,0.001667
2117.000000,2118,DY-SIN-001,DYNAMIC_SINUSOIDAL,48.229153,25.000000,DOWN,TRANSIENT,52.190000,53.300000,24.989000,24.989000,600,0.001667
2118.000000,2119,DY-SIN-001,DYNAMIC_SINUSOIDAL,48.126187,25.000000,DOWN,TRANSIENT,52.090000,52.700000,25.028000,25.028000,600,0.001667
2119.000000,2120,DY-SIN-001,DYNAMIC_SINUSOIDAL,48.023427,25.000000,DOWN,TRANSIENT,52.000000,52.600000,24.995000,24.995000,600,0.001667
2120.000000,2121,DY-SIN-001,DYNAMIC_SINUSOIDAL,47.920883,25.000000,DOWN,TRANSIENT,51.870000,52.900000,24.997000,24.997000,600,0.001667
2121.000000,2122,DY-SIN-001,DYNAMIC_SINUSOIDAL,47.818568,25.000000,DOWN,TRANSIENT,51.730000,52.900000,24.991000,24.991000,600,0.001667
2122.000000,2123,DY-SIN-001,DYNAMIC_SINUSOIDAL,47.716491,25.000000,DOWN,TRANSIENT,51.660000,52.500000,24.970000,24.970000,600,0.001667
2123.000000,2124,DY-SIN-001,DYNAMIC_SINUSOIDAL,47.614665,25.000000,DOWN,TRANSIENT,51.520000,52.500000,24.995000,24.995000,600,0.001667
2124.000000,2125,DY-SIN-001,DYNAMIC_SINUSOIDAL,47.513101,25.000000,DOWN,TRANSIENT,51.370000,53.300000,25.068000,25.068000,600,0.001667
2125.000000,2126,DY-SIN-001,DYNAMIC_SINUSOIDAL,47.411810,25.000000,DOWN,TRANSIENT,51.310000,52.300000,25.023000,25.023000,600,0.001667
2126.000000,2127,DY-SIN-001,DYNAMIC_SINUSOIDAL,47.310802,25.000000,DOWN,TRANSIENT,51.130000,52.000000,25.045000,25.045000,600,0.001667
2127.000000,2128,DY-SIN-001,DYNAMIC_SINUSOIDAL,47.210089,25.000000,DOWN,TRANSIENT,51.120000,52.100000,25.056000,25.056000,600,0.001667
2128.000000,2129,DY-SIN-001,DYNAMIC_SINUSOIDAL,47.109682,25.000000,DOWN,TRANSIENT,50.970000,52.100000,25.045000,25.045000,600,0.001667
2129.000000,2130,DY-SIN-001,DYNAMIC_SINUSOIDAL,47.009592,25.000000,DOWN,TRANSIENT,50.900000,52.300000,25.078000,25.078000,600,0.001667
2130.000000,2131,DY-SIN-001,DYNAMIC_SINUSOIDAL,46.909830,25.000000,DOWN,TRANSIENT,50.860000,51.900000,25.011000,25.011000,600,0.001667
2131.000000,2132,DY-SIN-001,DYNAMIC_SINUSOIDAL,46.810407,25.000000,DOWN,TRANSIENT,50.720000,52.200000,25.010000,25.010000,600,0.001667
2132.000000,2133,DY-SIN-001,DYNAMIC_SINUSOIDAL,46.711334,25.000000,DOWN,TRANSIENT,50.670000,51.900000,25.036000,25.036000,600,0.001667
2133.000000,2134,DY-SIN-001,DYNAMIC_SINUSOIDAL,46.612621,25.000000,DOWN,TRANSIENT,50.600000,51.700000,24.976000,24.976000,600,0.001667
2134.000000,2135,DY-SIN-001,DYNAMIC_SINUSOIDAL,46.514280,25.000000,DOWN,TRANSIENT,50.410000,51.400000,25.078000,25.078000,600,0.001667
2135.000000,2136,DY-SIN-001,DYNAMIC_SINUSOIDAL,46.416321,25.000000,DOWN,TRANSIENT,50.360000,51.900000,25.064000,25.064000,600,0.001667
2136.000000,2137,DY-SIN-001,DYNAMIC_SINUSOIDAL,46.318754,25.000000,DOWN,TRANSIENT,50.250000,51.600000,25.030000,25.030000,600,0.001667
2137.000000,2138,DY-SIN-001,DYNAMIC_SINUSOIDAL,46.221592,25.000000,DOWN,TRANSIENT,50.160000,51.700000,25.060000,25.060000,600,0.001667
2138.000000,2139,DY-SIN-001,DYNAMIC_SINUSOIDAL,46.124844,25.000000,DOWN,TRANSIENT,49.970000,51.600000,25.048000,25.048000,600,0.001667
2139.000000,2140,DY-SIN-001,DYNAMIC_SINUSOIDAL,46.028521,25.000000,DOWN,TRANSIENT,49.890000,51.000000,25.018000,25.018000,600,0.001667
2140.000000,2141,DY-SIN-001,DYNAMIC_SINUSOIDAL,45.932634,25.000000,DOWN,TRANSIENT,49.870000,51.500000,24.965000,24.965000,600,0.001667
2141.000000,2142,DY-SIN-001,DYNAMIC_SINUSOIDAL,45.837192,25.000000,DOWN,TRANSIENT,49.730000,51.200000,25.030000,25.030000,600,0.001667
2142.000000,2143,DY-SIN-001,DYNAMIC_SINUSOIDAL,45.742207,25.000000,DOWN,TRANSIENT,49.610000,51.000000,25.029000,25.029000,600,0.001667
2143.000000,2144,DY-SIN-001,DYNAMIC_SINUSOIDAL,45.647689,25.000000,DOWN,TRANSIENT,49.470000,51.000000,24.949000,24.949000,600,0.001667
2144.000000,2145,DY-SIN-001,DYNAMIC_SINUSOIDAL,45.553648,25.000000,DOWN,TRANSIENT,49.440000,50.900000,25.037000,25.037000,600,0.001667
2145.000000,2146,DY-SIN-001,DYNAMIC_SINUSOIDAL,45.460095,25.000000,DOWN,TRANSIENT,49.240000,50.600000,25.014000,25.014000,600,0.001667
2146.000000,2147,DY-SIN-001,DYNAMIC_SINUSOIDAL,45.367040,25.000000,DOWN,TRANSIENT,49.160000,50.800000,24.995000,24.995000,600,0.001667
2147.000000,2148,DY-SIN-001,DYNAMIC_SINUSOIDAL,45.274492,25.000000,DOWN,TRANSIENT,49.020000,50.700000,24.996000,24.996000,600,0.001667
2148.000000,2149,DY-SIN-001,DYNAMIC_SINUSOIDAL,45.182463,25.000000,DOWN,TRANSIENT,49.000000,50.200000,25.012000,25.012000,600,0.001667
2149.000000,2150,DY-SIN-001,DYNAMIC_SINUSOIDAL,45.090962,25.000000,DOWN,TRANSIENT,48.900000,50.400000,25.032000,25.032000,600,0.001667
2150.000000,2151,DY-SIN-001,DYNAMIC_SINUSOIDAL,45.000000,25.000000,DOWN,TRANSIENT,48.820000,49.700000,24.980000,24.980000,600,0.001667
2151.000000,2152,DY-SIN-001,DYNAMIC_SINUSOIDAL,44.909586,25.000000,DOWN,TRANSIENT,48.710000,49.900000,25.032000,25.032000,600,0.001667
2152.000000,2153,DY-SIN-001,DYNAMIC_SINUSOIDAL,44.819730,25.000000,DOWN,TRANSIENT,48.600000,50.100000,25.026000,25.026000,600,0.001667
2153.000000,2154,DY-SIN-001,DYNAMIC_SINUSOIDAL,44.730442,25.000000,DOWN,TRANSIENT,48.600000,49.400000,25.003000,25.003000,600,0.001667
2154.000000,2155,DY-SIN-001,DYNAMIC_SINUSOIDAL,44.641732,25.000000,DOWN,TRANSIENT,48.380000,49.300000,25.028000,25.028000,600,0.001667
2155.000000,2156,DY-SIN-001,DYNAMIC_SINUSOIDAL,44.553610,25.000000,DOWN,TRANSIENT,48.310000,49.500000,25.018000,25.018000,600,0.001667
2156.000000,2157,DY-SIN-001,DYNAMIC_SINUSOIDAL,44.466085,25.000000,DOWN,TRANSIENT,48.190000,49.900000,25.048000,25.048000,600,0.001667
2157.000000,2158,DY-SIN-001,DYNAMIC_SINUSOIDAL,44.379166,25.000000,DOWN,TRANSIENT,48.180000,49.600000,25.018000,25.018000,600,0.001667
2158.000000,2159,DY-SIN-001,DYNAMIC_SINUSOIDAL,44.292864,25.000000,DOWN,TRANSIENT,48.080000,49.400000,25.024000,25.024000,600,0.001667
2159.000000,2160,DY-SIN-001,DYNAMIC_SINUSOIDAL,44.207188,25.000000,DOWN,TRANSIENT,47.880000,49.400000,24.961000,24.961000,600,0.001667
2160.000000,2161,DY-SIN-001,DYNAMIC_SINUSOIDAL,44.122147,25.000000,DOWN,TRANSIENT,47.860000,49.400000,24.964000,24.964000,600,0.001667
2161.000000,2162,DY-SIN-001,DYNAMIC_SINUSOIDAL,44.037751,25.000000,DOWN,TRANSIENT,47.650000,49.300000,24.939000,24.939000,600,0.001667
2162.000000,2163,DY-SIN-001,DYNAMIC_SINUSOIDAL,43.954009,25.000000,DOWN,TRANSIENT,47.510000,48.900000,25.033000,25.033000,600,0.001667
2163.000000,2164,DY-SIN-001,DYNAMIC_SINUSOIDAL,43.870929,25.000000,DOWN,TRANSIENT,47.500000,48.800000,24.973000,24.973000,600,0.001667
2164.000000,2165,DY-SIN-001,DYNAMIC_SINUSOIDAL,43.788522,25.000000,DOWN,TRANSIENT,47.420000,48.900000,25.011000,25.011000,600,0.001667
2165.000000,2166,DY-SIN-001,DYNAMIC_SINUSOIDAL,43.706796,25.000000,DOWN,TRANSIENT,47.300000,48.500000,25.054000,25.054000,600,0.001667
2166.000000,2167,DY-SIN-001,DYNAMIC_SINUSOIDAL,43.625760,25.000000,DOWN,TRANSIENT,47.280000,48.500000,25.020000,25.020000,600,0.001667
2167.000000,2168,DY-SIN-001,DYNAMIC_SINUSOIDAL,43.545423,25.000000,DOWN,TRANSIENT,47.180000,48.700000,24.970000,24.970000,600,0.001667
2168.000000,2169,DY-SIN-001,DYNAMIC_SINUSOIDAL,43.465794,25.000000,DOWN,TRANSIENT,47.090000,48.100000,24.913000,24.913000,600,0.001667
2169.000000,2170,DY-SIN-001,DYNAMIC_SINUSOIDAL,43.386881,25.000000,DOWN,TRANSIENT,47.020000,48.300000,25.029000,25.029000,600,0.001667
2170.000000,2171,DY-SIN-001,DYNAMIC_SINUSOIDAL,43.308694,25.000000,DOWN,TRANSIENT,46.960000,48.500000,25.005000,25.005000,600,0.001667
2171.000000,2172,DY-SIN-001,DYNAMIC_SINUSOIDAL,43.231240,25.000000,DOWN,TRANSIENT,46.890000,48.300000,24.942000,24.942000,600,0.001667
2172.000000,2173,DY-SIN-001,DYNAMIC_SINUSOIDAL,43.154529,25.000000,DOWN,TRANSIENT,46.810000,48.200000,25.037000,25.037000,600,0.001667
2173.000000,2174,DY-SIN-001,DYNAMIC_SINUSOIDAL,43.078568,25.000000,DOWN,TRANSIENT,46.670000,47.900000,25.100000,25.100000,600,0.001667
2174.000000,2175,DY-SIN-001,DYNAMIC_SINUSOIDAL,43.003367,25.000000,DOWN,TRANSIENT,46.560000,47.800000,25.018000,25.018000,600,0.001667
2175.000000,2176,DY-SIN-001,DYNAMIC_SINUSOIDAL,42.928932,25.000000,DOWN,TRANSIENT,46.420000,47.600000,25.021000,25.021000,600,0.001667
2176.000000,2177,DY-SIN-001,DYNAMIC_SINUSOIDAL,42.855273,25.000000,DOWN,TRANSIENT,46.400000,47.700000,25.028000,25.028000,600,0.001667
2177.000000,2178,DY-SIN-001,DYNAMIC_SINUSOIDAL,42.782398,25.000000,DOWN,TRANSIENT,46.270000,47.400000,24.999000,24.999000,600,0.001667
2178.000000,2179,DY-SIN-001,DYNAMIC_SINUSOIDAL,42.710314,25.000000,DOWN,TRANSIENT,46.220000,47.100000,25.013000,25.013000,600,0.001667
2179.000000,2180,DY-SIN-001,DYNAMIC_SINUSOIDAL,42.639029,25.000000,DOWN,TRANSIENT,46.110000,47.200000,25.077000,25.077000,600,0.001667
2180.000000,2181,DY-SIN-001,DYNAMIC_SINUSOIDAL,42.568552,25.000000,DOWN,TRANSIENT,46.030000,47.200000,25.019000,25.019000,600,0.001667
2181.000000,2182,DY-SIN-001,DYNAMIC_SINUSOIDAL,42.498889,25.000000,DOWN,TRANSIENT,45.890000,47.300000,25.034000,25.034000,600,0.001667
2182.000000,2183,DY-SIN-001,DYNAMIC_SINUSOIDAL,42.430049,25.000000,DOWN,TRANSIENT,45.830000,46.500000,25.025000,25.025000,600,0.001667
2183.000000,2184,DY-SIN-001,DYNAMIC_SINUSOIDAL,42.362040,25.000000,DOWN,TRANSIENT,45.790000,46.700000,25.013000,25.013000,600,0.001667
2184.000000,2185,DY-SIN-001,DYNAMIC_SINUSOIDAL,42.294868,25.000000,DOWN,TRANSIENT,45.700000,46.500000,25.057000,25.057000,600,0.001667
2185.000000,2186,DY-SIN-001,DYNAMIC_SINUSOIDAL,42.228540,25.000000,DOWN,TRANSIENT,45.560000,46.800000,24.993000,24.993000,600,0.001667
2186.000000,2187,DY-SIN-001,DYNAMIC_SINUSOIDAL,42.163065,25.000000,DOWN,TRANSIENT,45.430000,46.600000,25.054000,25.054000,600,0.001667
2187.000000,2188,DY-SIN-001,DYNAMIC_SINUSOIDAL,42.098450,25.000000,DOWN,TRANSIENT,45.390000,46.500000,25.036000,25.036000,600,0.001667
2188.000000,2189,DY-SIN-001,DYNAMIC_SINUSOIDAL,42.034701,25.000000,DOWN,TRANSIENT,45.260000,46.500000,25.027000,25.027000,600,0.001667
2189.000000,2190,DY-SIN-001,DYNAMIC_SINUSOIDAL,41.971825,25.000000,DOWN,TRANSIENT,45.230000,46.100000,25.006000,25.006000,600,0.001667
2190.000000,2191,DY-SIN-001,DYNAMIC_SINUSOIDAL,41.909830,25.000000,DOWN,TRANSIENT,45.060000,45.900000,25.013000,25.013000,600,0.001667
2191.000000,2192,DY-SIN-001,DYNAMIC_SINUSOIDAL,41.848722,25.000000,DOWN,TRANSIENT,45.000000,46.000000,25.055000,25.055000,600,0.001667
2192.000000,2193,DY-SIN-001,DYNAMIC_SINUSOIDAL,41.788508,25.000000,DOWN,TRANSIENT,44.930000,45.900000,24.998000,24.998000,600,0.001667
2193.000000,2194,DY-SIN-001,DYNAMIC_SINUSOIDAL,41.729194,25.000000,DOWN,TRANSIENT,44.860000,46.000000,25.060000,25.060000,600,0.001667
2194.000000,2195,DY-SIN-001,DYNAMIC_SINUSOIDAL,41.670788,25.000000,DOWN,TRANSIENT,44.790000,45.800000,25.005000,25.005000,600,0.001667
2195.000000,2196,DY-SIN-001,DYNAMIC_SINUSOIDAL,41.613294,25.000000,DOWN,TRANSIENT,44.710000,45.500000,25.038000,25.038000,600,0.001667
2196.000000,2197,DY-SIN-001,DYNAMIC_SINUSOIDAL,41.556721,25.000000,DOWN,TRANSIENT,44.650000,46.100000,25.027000,25.027000,600,0.001667
2197.000000,2198,DY-SIN-001,DYNAMIC_SINUSOIDAL,41.501073,25.000000,DOWN,TRANSIENT,44.510000,45.100000,25.016000,25.016000,600,0.001667
2198.000000,2199,DY-SIN-001,DYNAMIC_SINUSOIDAL,41.446357,25.000000,DOWN,TRANSIENT,44.530000,45.200000,25.003000,25.003000,600,0.001667
2199.000000,2200,DY-SIN-001,DYNAMIC_SINUSOIDAL,41.392580,25.000000,DOWN,TRANSIENT,44.400000,46.000000,25.010000,25.010000,600,0.001667
2200.000000,2201,DY-SIN-001,DYNAMIC_SINUSOIDAL,41.339746,25.000000,DOWN,TRANSIENT,44.330000,45.400000,25.043000,25.043000,600,0.001667
2201.000000,2202,DY-SIN-001,DYNAMIC_SINUSOIDAL,41.287862,25.000000,DOWN,TRANSIENT,44.230000,45.300000,25.049000,25.049000,600,0.001667
2202.000000,2203,DY-SIN-001,DYNAMIC_SINUSOIDAL,41.236933,25.000000,DOWN,TRANSIENT,44.150000,45.200000,25.079000,25.079000,600,0.001667
2203.000000,2204,DY-SIN-001,DYNAMIC_SINUSOIDAL,41.186965,25.000000,DOWN,TRANSIENT,44.130000,45.100000,25.019000,25.019000,600,0.001667
2204.000000,2205,DY-SIN-001,DYNAMIC_SINUSOIDAL,41.137964,25.000000,DOWN,TRANSIENT,44.040000,45.100000,25.010000,25.010000,600,0.001667
2205.000000,2206,DY-SIN-001,DYNAMIC_SINUSOIDAL,41.089935,25.000000,DOWN,TRANSIENT,43.940000,45.000000,25.053000,25.053000,600,0.001667
2206.000000,2207,DY-SIN-001,DYNAMIC_SINUSOIDAL,41.042882,25.000000,DOWN,TRANSIENT,43.860000,44.800000,24.996000,24.996000,600,0.001667
2207.000000,2208,DY-SIN-001,DYNAMIC_SINUSOIDAL,40.996812,25.000000,DOWN,TRANSIENT,43.860000,44.500000,25.044000,25.044000,600,0.001667
2208.000000,2209,DY-SIN-001,DYNAMIC_SINUSOIDAL,40.951729,25.000000,DOWN,TRANSIENT,43.750000,44.400000,25.045000,25.045000,600,0.001667
2209.000000,2210,DY-SIN-001,DYNAMIC_SINUSOIDAL,40.907639,25.000000,DOWN,TRANSIENT,43.600000,44.400000,25.065000,25.065000,600,0.001667
2210.000000,2211,DY-SIN-001,DYNAMIC_SINUSOIDAL,40.864545,25.000000,DOWN,TRANSIENT,43.590000,44.200000,25.009000,25.009000,600,0.001667
2211.000000,2212,DY-SIN-001,DYNAMIC_SINUSOIDAL,40.822454,25.000000,DOWN,TRANSIENT,43.540000,44.100000,25.022000,25.022000,600,0.001667
2212.000000,2213,DY-SIN-001,DYNAMIC_SINUSOIDAL,40.781368,25.000000,DOWN,TRANSIENT,43.470000,44.400000,25.010000,25.010000,600,0.001667
2213.000000,2214,DY-SIN-001,DYNAMIC_SINUSOIDAL,40.741294,25.000000,DOWN,TRANSIENT,43.420000,43.700000,25.035000,25.035000,600,0.001667
2214.000000,2215,DY-SIN-001,DYNAMIC_SINUSOIDAL,40.702235,25.000000,DOWN,TRANSIENT,43.310000,44.600000,25.017000,25.017000,600,0.001667
2215.000000,2216,DY-SIN-001,DYNAMIC_SINUSOIDAL,40.664196,25.000000,DOWN,TRANSIENT,43.280000,44.300000,24.989000,24.989000,600,0.001667
2216.000000,2217,DY-SIN-001,DYNAMIC_SINUSOIDAL,40.627180,25.000000,DOWN,TRANSIENT,43.190000,44.700000,24.988000,24.988000,600,0.001667
2217.000000,2218,DY-SIN-001,DYNAMIC_SINUSOIDAL,40.591192,25.000000,DOWN,TRANSIENT,43.170000,43.900000,25.033000,25.033000,600,0.001667
2218.000000,2219,DY-SIN-001,DYNAMIC_SINUSOIDAL,40.556236,25.000000,DOWN,TRANSIENT,43.060000,43.900000,24.994000,24.994000,600,0.001667
2219.000000,2220,DY-SIN-001,DYNAMIC_SINUSOIDAL,40.522316,25.000000,DOWN,TRANSIENT,42.950000,43.600000,25.101000,25.101000,600,0.001667
2220.000000,2221,DY-SIN-001,DYNAMIC_SINUSOIDAL,40.489435,25.000000,DOWN,TRANSIENT,42.940000,43.900000,25.006000,25.006000,600,0.001667
2221.000000,2222,DY-SIN-001,DYNAMIC_SINUSOIDAL,40.457597,25.000000,DOWN,TRANSIENT,42.840000,43.700000,25.012000,25.012000,600,0.001667
2222.000000,2223,DY-SIN-001,DYNAMIC_SINUSOIDAL,40.426805,25.000000,DOWN,TRANSIENT,42.720000,43.800000,25.055000,25.055000,600,0.001667
2223.000000,2224,DY-SIN-001,DYNAMIC_SINUSOIDAL,40.397063,25.000000,DOWN,TRANSIENT,42.700000,43.600000,25.000000,25.000000,600,0.001667
2224.000000,2225,DY-SIN-001,DYNAMIC_SINUSOIDAL,40.368374,25.000000,DOWN,TRANSIENT,42.670000,43.700000,25.039000,25.039000,600,0.001667
2225.000000,2226,DY-SIN-001,DYNAMIC_SINUSOIDAL,40.340742,25.000000,DOWN,TRANSIENT,42.570000,42.900000,24.996000,24.996000,600,0.001667
2226.000000,2227,DY-SIN-001,DYNAMIC_SINUSOIDAL,40.314168,25.000000,DOWN,TRANSIENT,42.520000,43.500000,24.997000,24.997000,600,0.001667
2227.000000,2228,DY-SIN-001,DYNAMIC_SINUSOIDAL,40.288657,25.000000,DOWN,TRANSIENT,42.510000,42.900000,25.019000,25.019000,600,0.001667
2228.000000,2229,DY-SIN-001,DYNAMIC_SINUSOIDAL,40.264211,25.000000,DOWN,TRANSIENT,42.540000,43.300000,25.030000,25.030000,600,0.001667
2229.000000,2230,DY-SIN-001,DYNAMIC_SINUSOIDAL,40.240832,25.000000,DOWN,TRANSIENT,42.400000,43.300000,25.044000,25.044000,600,0.001667
2230.000000,2231,DY-SIN-001,DYNAMIC_SINUSOIDAL,40.218524,25.000000,DOWN,TRANSIENT,42.320000,42.800000,25.030000,25.030000,600,0.001667
2231.000000,2232,DY-SIN-001,DYNAMIC_SINUSOIDAL,40.197288,25.000000,DOWN,TRANSIENT,42.280000,43.000000,25.047000,25.047000,600,0.001667
2232.000000,2233,DY-SIN-001,DYNAMIC_SINUSOIDAL,40.177127,25.000000,DOWN,TRANSIENT,42.180000,42.900000,25.057000,25.057000,600,0.001667
2233.000000,2234,DY-SIN-001,DYNAMIC_SINUSOIDAL,40.158044,25.000000,DOWN,TRANSIENT,42.230000,42.700000,25.018000,25.018000,600,0.001667
2234.000000,2235,DY-SIN-001,DYNAMIC_SINUSOIDAL,40.140040,25.000000,DOWN,TRANSIENT,42.100000,42.900000,25.020000,25.020000,600,0.001667
2235.000000,2236,DY-SIN-001,DYNAMIC_SINUSOIDAL,40.123117,25.000000,DOWN,TRANSIENT,42.090000,42.600000,25.036000,25.036000,600,0.001667
2236.000000,2237,DY-SIN-001,DYNAMIC_SINUSOIDAL,40.107277,25.000000,DOWN,TRANSIENT,42.030000,42.500000,25.014000,25.014000,600,0.001667
2237.000000,2238,DY-SIN-001,DYNAMIC_SINUSOIDAL,40.092522,25.000000,DOWN,TRANSIENT,41.980000,42.300000,24.994000,24.994000,600,0.001667
2238.000000,2239,DY-SIN-001,DYNAMIC_SINUSOIDAL,40.078853,25.000000,DOWN,TRANSIENT,41.930000,42.700000,24.954000,24.954000,600,0.001667
2239.000000,2240,DY-SIN-001,DYNAMIC_SINUSOIDAL,40.066272,25.000000,DOWN,TRANSIENT,41.890000,43.200000,25.010000,25.010000,600,0.001667
2240.000000,2241,DY-SIN-001,DYNAMIC_SINUSOIDAL,40.054781,25.000000,DOWN,TRANSIENT,41.780000,42.400000,25.007000,25.007000,600,0.001667
2241.000000,2242,DY-SIN-001,DYNAMIC_SINUSOIDAL,40.044380,25.000000,DOWN,TRANSIENT,41.670000,42.300000,25.053000,25.053000,600,0.001667
2242.000000,2243,DY-SIN-001,DYNAMIC_SINUSOIDAL,40.035071,25.000000,DOWN,TRANSIENT,41.630000,41.800000,25.005000,25.005000,600,0.001667
2243.000000,2244,DY-SIN-001,DYNAMIC_SINUSOIDAL,40.026855,25.000000,DOWN,TRANSIENT,41.630000,42.000000,25.017000,25.017000,600,0.001667
2244.000000,2245,DY-SIN-001,DYNAMIC_SINUSOIDAL,40.019733,25.000000,DOWN,TRANSIENT,41.500000,41.900000,24.988000,24.988000,600,0.001667
2245.000000,2246,DY-SIN-001,DYNAMIC_SINUSOIDAL,40.013705,25.000000,DOWN,TRANSIENT,41.550000,41.800000,25.021000,25.021000,600,0.001667
2246.000000,2247,DY-SIN-001,DYNAMIC_SINUSOIDAL,40.008772,25.000000,DOWN,TRANSIENT,41.450000,41.500000,25.013000,25.013000,600,0.001667
2247.000000,2248,DY-SIN-001,DYNAMIC_SINUSOIDAL,40.004934,25.000000,DOWN,TRANSIENT,41.440000,41.400000,25.037000,25.037000,600,0.001667
2248.000000,2249,DY-SIN-001,DYNAMIC_SINUSOIDAL,40.002193,25.000000,DOWN,TRANSIENT,41.430000,41.900000,25.036000,25.036000,600,0.001667
2249.000000,2250,DY-SIN-001,DYNAMIC_SINUSOIDAL,40.000548,25.000000,DOWN,TRANSIENT,41.380000,41.600000,24.980000,24.980000,600,0.001667
2250.000000,2251,DY-SIN-001,DYNAMIC_SINUSOIDAL,40.000000,25.000000,DOWN,TRANSIENT,41.380000,41.600000,25.010000,25.010000,600,0.001667
2251.000000,2252,DY-SIN-001,DYNAMIC_SINUSOIDAL,40.000548,25.000000,UP,TRANSIENT,41.270000,40.700000,25.037000,25.037000,600,0.001667
2252.000000,2253,DY-SIN-001,DYNAMIC_SINUSOIDAL,40.002193,25.000000,UP,TRANSIENT,41.260000,41.100000,25.044000,25.044000,600,0.001667
2253.000000,2254,DY-SIN-001,DYNAMIC_SINUSOIDAL,40.004934,25.000000,UP,TRANSIENT,41.260000,40.600000,25.022000,25.022000,600,0.001667
2254.000000,2255,DY-SIN-001,DYNAMIC_SINUSOIDAL,40.008772,25.000000,UP,TRANSIENT,41.270000,40.900000,24.982000,24.982000,600,0.001667
2255.000000,2256,DY-SIN-001,DYNAMIC_SINUSOIDAL,40.013705,25.000000,UP,TRANSIENT,41.200000,40.500000,25.011000,25.011000,600,0.001667
2256.000000,2257,DY-SIN-001,DYNAMIC_SINUSOIDAL,40.019733,25.000000,UP,TRANSIENT,41.200000,40.500000,24.998000,24.998000,600,0.001667
2257.000000,2258,DY-SIN-001,DYNAMIC_SINUSOIDAL,40.026855,25.000000,UP,TRANSIENT,41.080000,40.500000,25.017000,25.017000,600,0.001667
2258.000000,2259,DY-SIN-001,DYNAMIC_SINUSOIDAL,40.035071,25.000000,UP,TRANSIENT,41.030000,40.100000,25.021000,25.021000,600,0.001667
2259.000000,2260,DY-SIN-001,DYNAMIC_SINUSOIDAL,40.044380,25.000000,UP,TRANSIENT,41.070000,40.600000,25.019000,25.019000,600,0.001667
2260.000000,2261,DY-SIN-001,DYNAMIC_SINUSOIDAL,40.054781,25.000000,UP,TRANSIENT,41.160000,40.600000,25.024000,25.024000,600,0.001667
2261.000000,2262,DY-SIN-001,DYNAMIC_SINUSOIDAL,40.066272,25.000000,UP,TRANSIENT,41.110000,40.600000,24.969000,24.969000,600,0.001667
2262.000000,2263,DY-SIN-001,DYNAMIC_SINUSOIDAL,40.078853,25.000000,UP,TRANSIENT,41.050000,40.200000,25.018000,25.018000,600,0.001667
2263.000000,2264,DY-SIN-001,DYNAMIC_SINUSOIDAL,40.092522,25.000000,UP,TRANSIENT,41.060000,40.000000,25.037000,25.037000,600,0.001667
2264.000000,2265,DY-SIN-001,DYNAMIC_SINUSOIDAL,40.107277,25.000000,UP,TRANSIENT,41.000000,40.200000,25.039000,25.039000,600,0.001667
2265.000000,2266,DY-SIN-001,DYNAMIC_SINUSOIDAL,40.123117,25.000000,UP,TRANSIENT,41.000000,40.800000,24.999000,24.999000,600,0.001667
2266.000000,2267,DY-SIN-001,DYNAMIC_SINUSOIDAL,40.140040,25.000000,UP,TRANSIENT,40.990000,40.900000,25.035000,25.035000,600,0.001667
2267.000000,2268,DY-SIN-001,DYNAMIC_SINUSOIDAL,40.158044,25.000000,UP,TRANSIENT,40.970000,40.100000,24.999000,24.999000,600,0.001667
2268.000000,2269,DY-SIN-001,DYNAMIC_SINUSOIDAL,40.177127,25.000000,UP,TRANSIENT,41.080000,39.800000,25.029000,25.029000,600,0.001667
2269.000000,2270,DY-SIN-001,DYNAMIC_SINUSOIDAL,40.197288,25.000000,UP,TRANSIENT,40.970000,40.200000,25.044000,25.044000,600,0.001667
2270.000000,2271,DY-SIN-001,DYNAMIC_SINUSOIDAL,40.218524,25.000000,UP,TRANSIENT,40.960000,40.400000,25.070000,25.070000,600,0.001667
2271.000000,2272,DY-SIN-001,DYNAMIC_SINUSOIDAL,40.240832,25.000000,UP,TRANSIENT,40.970000,39.700000,25.049000,25.049000,600,0.001667
2272.000000,2273,DY-SIN-001,DYNAMIC_SINUSOIDAL,40.264211,25.000000,UP,TRANSIENT,40.920000,40.100000,25.004000,25.004000,600,0.001667
2273.000000,2274,DY-SIN-001,DYNAMIC_SINUSOIDAL,40.288657,25.000000,UP,TRANSIENT,40.860000,40.000000,25.028000,25.028000,600,0.001667
2274.000000,2275,DY-SIN-001,DYNAMIC_SINUSOIDAL,40.314168,25.000000,UP,TRANSIENT,40.830000,40.100000,25.014000,25.014000,600,0.001667
2275.000000,2276,DY-SIN-001,DYNAMIC_SINUSOIDAL,40.340742,25.000000,UP,TRANSIENT,40.790000,39.800000,25.021000,25.021000,600,0.001667
2276.000000,2277,DY-SIN-001,DYNAMIC_SINUSOIDAL,40.368374,25.000000,UP,TRANSIENT,40.810000,40.500000,25.059000,25.059000,600,0.001667
2277.000000,2278,DY-SIN-001,DYNAMIC_SINUSOIDAL,40.397063,25.000000,UP,TRANSIENT,40.860000,40.000000,25.022000,25.022000,600,0.001667
2278.000000,2279,DY-SIN-001,DYNAMIC_SINUSOIDAL,40.426805,25.000000,UP,TRANSIENT,40.840000,40.000000,25.031000,25.031000,600,0.001667
2279.000000,2280,DY-SIN-001,DYNAMIC_SINUSOIDAL,40.457597,25.000000,UP,TRANSIENT,40.770000,39.800000,25.071000,25.071000,600,0.001667
2280.000000,2281,DY-SIN-001,DYNAMIC_SINUSOIDAL,40.489435,25.000000,UP,TRANSIENT,40.820000,39.300000,25.020000,25.020000,600,0.001667
2281.000000,2282,DY-SIN-001,DYNAMIC_SINUSOIDAL,40.522316,25.000000,UP,TRANSIENT,40.800000,39.900000,24.985000,24.985000,600,0.001667
2282.000000,2283,DY-SIN-001,DYNAMIC_SINUSOIDAL,40.556236,25.000000,UP,TRANSIENT,40.820000,40.000000,25.023000,25.023000,600,0.001667
2283.000000,2284,DY-SIN-001,DYNAMIC_SINUSOIDAL,40.591192,25.000000,UP,TRANSIENT,40.780000,39.700000,24.980000,24.980000,600,0.001667
2284.000000,2285,DY-SIN-001,DYNAMIC_SINUSOIDAL,40.627180,25.000000,UP,TRANSIENT,40.810000,40.400000,24.985000,24.985000,600,0.001667
2285.000000,2286,DY-SIN-001,DYNAMIC_SINUSOIDAL,40.664196,25.000000,UP,TRANSIENT,40.830000,39.700000,24.996000,24.996000,600,0.001667
2286.000000,2287,DY-SIN-001,DYNAMIC_SINUSOIDAL,40.702235,25.000000,UP,TRANSIENT,40.760000,39.300000,24.996000,24.996000,600,0.001667
2287.000000,2288,DY-SIN-001,DYNAMIC_SINUSOIDAL,40.741294,25.000000,UP,TRANSIENT,40.800000,40.000000,25.055000,25.055000,600,0.001667
2288.000000,2289,DY-SIN-001,DYNAMIC_SINUSOIDAL,40.781368,25.000000,UP,TRANSIENT,40.820000,40.100000,24.999000,24.999000,600,0.001667
2289.000000,2290,DY-SIN-001,DYNAMIC_SINUSOIDAL,40.822454,25.000000,UP,TRANSIENT,40.740000,39.300000,24.980000,24.980000,600,0.001667
2290.000000,2291,DY-SIN-001,DYNAMIC_SINUSOIDAL,40.864545,25.000000,UP,TRANSIENT,40.730000,39.500000,25.046000,25.046000,600,0.001667
2291.000000,2292,DY-SIN-001,DYNAMIC_SINUSOIDAL,40.907639,25.000000,UP,TRANSIENT,40.720000,39.700000,24.995000,24.995000,600,0.001667
2292.000000,2293,DY-SIN-001,DYNAMIC_SINUSOIDAL,40.951729,25.000000,UP,TRANSIENT,40.790000,40.100000,25.017000,25.017000,600,0.001667
2293.000000,2294,DY-SIN-001,DYNAMIC_SINUSOIDAL,40.996812,25.000000,UP,TRANSIENT,40.760000,39.700000,25.026000,25.026000,600,0.001667
2294.000000,2295,DY-SIN-001,DYNAMIC_SINUSOIDAL,41.042882,25.000000,UP,TRANSIENT,40.840000,40.100000,25.013000,25.013000,600,0.001667
2295.000000,2296,DY-SIN-001,DYNAMIC_SINUSOIDAL,41.089935,25.000000,UP,TRANSIENT,40.880000,40.100000,25.037000,25.037000,600,0.001667
2296.000000,2297,DY-SIN-001,DYNAMIC_SINUSOIDAL,41.137964,25.000000,UP,TRANSIENT,40.840000,39.700000,24.981000,24.981000,600,0.001667
2297.000000,2298,DY-SIN-001,DYNAMIC_SINUSOIDAL,41.186965,25.000000,UP,TRANSIENT,40.850000,39.700000,25.062000,25.062000,600,0.001667
2298.000000,2299,DY-SIN-001,DYNAMIC_SINUSOIDAL,41.236933,25.000000,UP,TRANSIENT,40.820000,39.400000,24.975000,24.975000,600,0.001667
2299.000000,2300,DY-SIN-001,DYNAMIC_SINUSOIDAL,41.287862,25.000000,UP,TRANSIENT,40.830000,39.600000,25.022000,25.022000,600,0.001667
2300.000000,2301,DY-SIN-001,DYNAMIC_SINUSOIDAL,41.339746,25.000000,UP,TRANSIENT,40.900000,39.400000,24.973000,24.973000,600,0.001667
2301.000000,2302,DY-SIN-001,DYNAMIC_SINUSOIDAL,41.392580,25.000000,UP,TRANSIENT,40.870000,39.600000,25.008000,25.008000,600,0.001667
2302.000000,2303,DY-SIN-001,DYNAMIC_SINUSOIDAL,41.446357,25.000000,UP,TRANSIENT,40.920000,39.100000,25.021000,25.021000,600,0.001667
2303.000000,2304,DY-SIN-001,DYNAMIC_SINUSOIDAL,41.501073,25.000000,UP,TRANSIENT,40.870000,39.800000,25.057000,25.057000,600,0.001667
2304.000000,2305,DY-SIN-001,DYNAMIC_SINUSOIDAL,41.556721,25.000000,UP,TRANSIENT,40.890000,39.300000,24.994000,24.994000,600,0.001667
2305.000000,2306,DY-SIN-001,DYNAMIC_SINUSOIDAL,41.613294,25.000000,UP,TRANSIENT,40.900000,39.800000,25.030000,25.030000,600,0.001667
2306.000000,2307,DY-SIN-001,DYNAMIC_SINUSOIDAL,41.670788,25.000000,UP,TRANSIENT,40.940000,39.800000,25.080000,25.080000,600,0.001667
2307.000000,2308,DY-SIN-001,DYNAMIC_SINUSOIDAL,41.729194,25.000000,UP,TRANSIENT,41.000000,40.000000,25.016000,25.016000,600,0.001667
2308.000000,2309,DY-SIN-001,DYNAMIC_SINUSOIDAL,41.788508,25.000000,UP,TRANSIENT,41.060000,39.300000,24.999000,24.999000,600,0.001667
2309.000000,2310,DY-SIN-001,DYNAMIC_SINUSOIDAL,41.848722,25.000000,UP,TRANSIENT,41.050000,39.200000,25.051000,25.051000,600,0.001667
2310.000000,2311,DY-SIN-001,DYNAMIC_SINUSOIDAL,41.909830,25.000000,UP,TRANSIENT,41.060000,39.600000,25.056000,25.056000,600,0.001667
2311.000000,2312,DY-SIN-001,DYNAMIC_SINUSOIDAL,41.971825,25.000000,UP,TRANSIENT,41.060000,39.500000,24.984000,24.984000,600,0.001667
2312.000000,2313,DY-SIN-001,DYNAMIC_SINUSOIDAL,42.034701,25.000000,UP,TRANSIENT,41.050000,39.500000,25.045000,25.045000,600,0.001667
2313.000000,2314,DY-SIN-001,DYNAMIC_SINUSOIDAL,42.098450,25.000000,UP,TRANSIENT,41.130000,39.900000,25.010000,25.010000,600,0.001667
2314.000000,2315,DY-SIN-001,DYNAMIC_SINUSOIDAL,42.163065,25.000000,UP,TRANSIENT,41.180000,39.300000,25.003000,25.003000,600,0.001667
2315.000000,2316,DY-SIN-001,DYNAMIC_SINUSOIDAL,42.228540,25.000000,UP,TRANSIENT,41.240000,39.200000,25.000000,25.000000,600,0.001667
2316.000000,2317,DY-SIN-001,DYNAMIC_SINUSOIDAL,42.294868,25.000000,UP,TRANSIENT,41.220000,39.500000,25.029000,25.029000,600,0.001667
2317.000000,2318,DY-SIN-001,DYNAMIC_SINUSOIDAL,42.362040,25.000000,UP,TRANSIENT,41.240000,39.200000,25.014000,25.014000,600,0.001667
2318.000000,2319,DY-SIN-001,DYNAMIC_SINUSOIDAL,42.430049,25.000000,UP,TRANSIENT,41.190000,39.900000,25.069000,25.069000,600,0.001667
2319.000000,2320,DY-SIN-001,DYNAMIC_SINUSOIDAL,42.498889,25.000000,UP,TRANSIENT,41.270000,39.000000,25.050000,25.050000,600,0.001667
2320.000000,2321,DY-SIN-001,DYNAMIC_SINUSOIDAL,42.568552,25.000000,UP,TRANSIENT,41.300000,40.000000,25.027000,25.027000,600,0.001667
2321.000000,2322,DY-SIN-001,DYNAMIC_SINUSOIDAL,42.639029,25.000000,UP,TRANSIENT,41.340000,39.300000,25.013000,25.013000,600,0.001667
2322.000000,2323,DY-SIN-001,DYNAMIC_SINUSOIDAL,42.710314,25.000000,UP,TRANSIENT,41.360000,39.300000,24.965000,24.965000,600,0.001667
2323.000000,2324,DY-SIN-001,DYNAMIC_SINUSOIDAL,42.782398,25.000000,UP,TRANSIENT,41.430000,39.900000,24.976000,24.976000,600,0.001667
2324.000000,2325,DY-SIN-001,DYNAMIC_SINUSOIDAL,42.855273,25.000000,UP,TRANSIENT,41.420000,39.400000,24.971000,24.971000,600,0.001667
2325.000000,2326,DY-SIN-001,DYNAMIC_SINUSOIDAL,42.928932,25.000000,UP,TRANSIENT,41.440000,39.600000,25.025000,25.025000,600,0.001667
2326.000000,2327,DY-SIN-001,DYNAMIC_SINUSOIDAL,43.003367,25.000000,UP,TRANSIENT,41.550000,39.800000,24.987000,24.987000,600,0.001667
2327.000000,2328,DY-SIN-001,DYNAMIC_SINUSOIDAL,43.078568,25.000000,UP,TRANSIENT,41.550000,40.100000,25.021000,25.021000,600,0.001667
2328.000000,2329,DY-SIN-001,DYNAMIC_SINUSOIDAL,43.154529,25.000000,UP,TRANSIENT,41.660000,39.600000,25.002000,25.002000,600,0.001667
2329.000000,2330,DY-SIN-001,DYNAMIC_SINUSOIDAL,43.231240,25.000000,UP,TRANSIENT,41.670000,39.200000,25.051000,25.051000,600,0.001667
2330.000000,2331,DY-SIN-001,DYNAMIC_SINUSOIDAL,43.308694,25.000000,UP,TRANSIENT,41.700000,39.400000,25.027000,25.027000,600,0.001667
2331.000000,2332,DY-SIN-001,DYNAMIC_SINUSOIDAL,43.386881,25.000000,UP,TRANSIENT,41.820000,40.300000,24.979000,24.979000,600,0.001667
2332.000000,2333,DY-SIN-001,DYNAMIC_SINUSOIDAL,43.465794,25.000000,UP,TRANSIENT,41.820000,40.100000,25.032000,25.032000,600,0.001667
2333.000000,2334,DY-SIN-001,DYNAMIC_SINUSOIDAL,43.545423,25.000000,UP,TRANSIENT,41.830000,39.700000,25.036000,25.036000,600,0.001667
2334.000000,2335,DY-SIN-001,DYNAMIC_SINUSOIDAL,43.625760,25.000000,UP,TRANSIENT,41.880000,40.100000,25.009000,25.009000,600,0.001667
2335.000000,2336,DY-SIN-001,DYNAMIC_SINUSOIDAL,43.706796,25.000000,UP,TRANSIENT,41.920000,39.600000,24.964000,24.964000,600,0.001667
2336.000000,2337,DY-SIN-001,DYNAMIC_SINUSOIDAL,43.788522,25.000000,UP,TRANSIENT,42.000000,40.200000,25.063000,25.063000,600,0.001667
2337.000000,2338,DY-SIN-001,DYNAMIC_SINUSOIDAL,43.870929,25.000000,UP,TRANSIENT,42.040000,39.900000,25.054000,25.054000,600,0.001667
2338.000000,2339,DY-SIN-001,DYNAMIC_SINUSOIDAL,43.954009,25.000000,UP,TRANSIENT,41.980000,40.100000,24.958000,24.958000,600,0.001667
2339.000000,2340,DY-SIN-001,DYNAMIC_SINUSOIDAL,44.037751,25.000000,UP,TRANSIENT,42.100000,39.700000,25.040000,25.040000,600,0.001667
2340.000000,2341,DY-SIN-001,DYNAMIC_SINUSOIDAL,44.122147,25.000000,UP,TRANSIENT,42.120000,39.600000,25.027000,25.027000,600,0.001667
2341.000000,2342,DY-SIN-001,DYNAMIC_SINUSOIDAL,44.207188,25.000000,UP,TRANSIENT,42.130000,39.900000,25.013000,25.013000,600,0.001667
2342.000000,2343,DY-SIN-001,DYNAMIC_SINUSOIDAL,44.292864,25.000000,UP,TRANSIENT,42.090000,40.200000,24.990000,24.990000,600,0.001667
2343.000000,2344,DY-SIN-001,DYNAMIC_SINUSOIDAL,44.379166,25.000000,UP,TRANSIENT,42.270000,39.900000,25.045000,25.045000,600,0.001667
2344.000000,2345,DY-SIN-001,DYNAMIC_SINUSOIDAL,44.466085,25.000000,UP,TRANSIENT,42.280000,40.100000,25.021000,25.021000,600,0.001667
2345.000000,2346,DY-SIN-001,DYNAMIC_SINUSOIDAL,44.553610,25.000000,UP,TRANSIENT,42.370000,40.400000,25.027000,25.027000,600,0.001667
2346.000000,2347,DY-SIN-001,DYNAMIC_SINUSOIDAL,44.641732,25.000000,UP,TRANSIENT,42.360000,39.900000,25.001000,25.001000,600,0.001667
2347.000000,2348,DY-SIN-001,DYNAMIC_SINUSOIDAL,44.730442,25.000000,UP,TRANSIENT,42.460000,39.800000,25.013000,25.013000,600,0.001667
2348.000000,2349,DY-SIN-001,DYNAMIC_SINUSOIDAL,44.819730,25.000000,UP,TRANSIENT,42.550000,40.000000,24.954000,24.954000,600,0.001667
2349.000000,2350,DY-SIN-001,DYNAMIC_SINUSOIDAL,44.909586,25.000000,UP,TRANSIENT,42.660000,40.000000,24.993000,24.993000,600,0.001667
2350.000000,2351,DY-SIN-001,DYNAMIC_SINUSOIDAL,45.000000,25.000000,UP,TRANSIENT,42.720000,40.100000,25.013000,25.013000,600,0.001667
2351.000000,2352,DY-SIN-001,DYNAMIC_SINUSOIDAL,45.090962,25.000000,UP,TRANSIENT,42.740000,40.200000,25.000000,25.000000,600,0.001667
2352.000000,2353,DY-SIN-001,DYNAMIC_SINUSOIDAL,45.182463,25.000000,UP,TRANSIENT,42.950000,39.700000,24.959000,24.959000,600,0.001667
2353.000000,2354,DY-SIN-001,DYNAMIC_SINUSOIDAL,45.274492,25.000000,UP,TRANSIENT,42.940000,40.500000,25.054000,25.054000,600,0.001667
2354.000000,2355,DY-SIN-001,DYNAMIC_SINUSOIDAL,45.367040,25.000000,UP,TRANSIENT,42.990000,40.400000,25.010000,25.010000,600,0.001667
2355.000000,2356,DY-SIN-001,DYNAMIC_SINUSOIDAL,45.460095,25.000000,UP,TRANSIENT,43.080000,40.000000,24.984000,24.984000,600,0.001667
2356.000000,2357,DY-SIN-001,DYNAMIC_SINUSOIDAL,45.553648,25.000000,UP,TRANSIENT,43.100000,40.000000,24.987000,24.987000,600,0.001667
2357.000000,2358,DY-SIN-001,DYNAMIC_SINUSOIDAL,45.647689,25.000000,UP,TRANSIENT,43.120000,40.300000,24.978000,24.978000,600,0.001667
2358.000000,2359,DY-SIN-001,DYNAMIC_SINUSOIDAL,45.742207,25.000000,UP,TRANSIENT,43.220000,40.400000,25.001000,25.001000,600,0.001667
2359.000000,2360,DY-SIN-001,DYNAMIC_SINUSOIDAL,45.837192,25.000000,UP,TRANSIENT,43.230000,41.000000,25.084000,25.084000,600,0.001667
2360.000000,2361,DY-SIN-001,DYNAMIC_SINUSOIDAL,45.932634,25.000000,UP,TRANSIENT,43.290000,40.400000,25.022000,25.022000,600,0.001667
2361.000000,2362,DY-SIN-001,DYNAMIC_SINUSOIDAL,46.028521,25.000000,UP,TRANSIENT,43.440000,40.400000,24.999000,24.999000,600,0.001667
2362.000000,2363,DY-SIN-001,DYNAMIC_SINUSOIDAL,46.124844,25.000000,UP,TRANSIENT,43.480000,40.800000,25.018000,25.018000,600,0.001667
2363.000000,2364,DY-SIN-001,DYNAMIC_SINUSOIDAL,46.221592,25.000000,UP,TRANSIENT,43.540000,41.100000,25.012000,25.012000,600,0.001667
2364.000000,2365,DY-SIN-001,DYNAMIC_SINUSOIDAL,46.318754,25.000000,UP,TRANSIENT,43.620000,40.800000,25.007000,25.007000,600,0.001667
2365.000000,2366,DY-SIN-001,DYNAMIC_SINUSOIDAL,46.416321,25.000000,UP,TRANSIENT,43.750000,40.400000,25.022000,25.022000,600,0.001667
2366.000000,2367,DY-SIN-001,DYNAMIC_SINUSOIDAL,46.514280,25.000000,UP,TRANSIENT,43.860000,40.900000,25.008000,25.008000,600,0.001667
2367.000000,2368,DY-SIN-001,DYNAMIC_SINUSOIDAL,46.612621,25.000000,UP,TRANSIENT,43.830000,41.300000,25.024000,25.024000,600,0.001667
2368.000000,2369,DY-SIN-001,DYNAMIC_SINUSOIDAL,46.711334,25.000000,UP,TRANSIENT,43.940000,40.600000,25.033000,25.033000,600,0.001667
2369.000000,2370,DY-SIN-001,DYNAMIC_SINUSOIDAL,46.810407,25.000000,UP,TRANSIENT,43.970000,40.800000,24.962000,24.962000,600,0.001667
2370.000000,2371,DY-SIN-001,DYNAMIC_SINUSOIDAL,46.909830,25.000000,UP,TRANSIENT,44.000000,41.100000,25.013000,25.013000,600,0.001667
2371.000000,2372,DY-SIN-001,DYNAMIC_SINUSOIDAL,47.009592,25.000000,UP,TRANSIENT,44.100000,40.900000,24.979000,24.979000,600,0.001667
2372.000000,2373,DY-SIN-001,DYNAMIC_SINUSOIDAL,47.109682,25.000000,UP,TRANSIENT,44.190000,41.100000,25.014000,25.014000,600,0.001667
2373.000000,2374,DY-SIN-001,DYNAMIC_SINUSOIDAL,47.210089,25.000000,UP,TRANSIENT,44.330000,41.300000,24.920000,24.920000,600,0.001667
2374.000000,2375,DY-SIN-001,DYNAMIC_SINUSOIDAL,47.310802,25.000000,UP,TRANSIENT,44.310000,41.100000,25.000000,25.000000,600,0.001667
2375.000000,2376,DY-SIN-001,DYNAMIC_SINUSOIDAL,47.411810,25.000000,UP,TRANSIENT,44.430000,41.100000,25.007000,25.007000,600,0.001667
2376.000000,2377,DY-SIN-001,DYNAMIC_SINUSOIDAL,47.513101,25.000000,UP,TRANSIENT,44.510000,41.300000,25.030000,25.030000,600,0.001667
2377.000000,2378,DY-SIN-001,DYNAMIC_SINUSOIDAL,47.614665,25.000000,UP,TRANSIENT,44.640000,41.700000,25.024000,25.024000,600,0.001667
2378.000000,2379,DY-SIN-001,DYNAMIC_SINUSOIDAL,47.716491,25.000000,UP,TRANSIENT,44.750000,41.300000,25.047000,25.047000,600,0.001667
2379.000000,2380,DY-SIN-001,DYNAMIC_SINUSOIDAL,47.818568,25.000000,UP,TRANSIENT,44.840000,41.300000,24.974000,24.974000,600,0.001667
2380.000000,2381,DY-SIN-001,DYNAMIC_SINUSOIDAL,47.920883,25.000000,UP,TRANSIENT,44.840000,41.600000,25.011000,25.011000,600,0.001667
2381.000000,2382,DY-SIN-001,DYNAMIC_SINUSOIDAL,48.023427,25.000000,UP,TRANSIENT,44.990000,41.600000,25.061000,25.061000,600,0.001667
2382.000000,2383,DY-SIN-001,DYNAMIC_SINUSOIDAL,48.126187,25.000000,UP,TRANSIENT,44.970000,42.000000,25.008000,25.008000,600,0.001667
2383.000000,2384,DY-SIN-001,DYNAMIC_SINUSOIDAL,48.229153,25.000000,UP,TRANSIENT,45.060000,41.900000,25.016000,25.016000,600,0.001667
2384.000000,2385,DY-SIN-001,DYNAMIC_SINUSOIDAL,48.332313,25.000000,UP,TRANSIENT,45.220000,41.400000,24.979000,24.979000,600,0.001667
2385.000000,2386,DY-SIN-001,DYNAMIC_SINUSOIDAL,48.435655,25.000000,UP,TRANSIENT,45.250000,41.500000,25.053000,25.053000,600,0.001667
2386.000000,2387,DY-SIN-001,DYNAMIC_SINUSOIDAL,48.539170,25.000000,UP,TRANSIENT,45.320000,42.000000,25.024000,25.024000,600,0.001667
2387.000000,2388,DY-SIN-001,DYNAMIC_SINUSOIDAL,48.642844,25.000000,UP,TRANSIENT,45.410000,42.600000,25.044000,25.044000,600,0.001667
2388.000000,2389,DY-SIN-001,DYNAMIC_SINUSOIDAL,48.746668,25.000000,UP,TRANSIENT,45.540000,41.900000,25.048000,25.048000,600,0.001667
2389.000000,2390,DY-SIN-001,DYNAMIC_SINUSOIDAL,48.850628,25.000000,UP,TRANSIENT,45.590000,41.600000,25.040000,25.040000,600,0.001667
2390.000000,2391,DY-SIN-001,DYNAMIC_SINUSOIDAL,48.954715,25.000000,UP,TRANSIENT,45.710000,42.300000,24.990000,24.990000,600,0.001667
2391.000000,2392,DY-SIN-001,DYNAMIC_SINUSOIDAL,49.058917,25.000000,UP,TRANSIENT,45.920000,42.500000,25.006000,25.006000,600,0.001667
2392.000000,2393,DY-SIN-001,DYNAMIC_SINUSOIDAL,49.163222,25.000000,UP,TRANSIENT,45.870000,42.400000,24.989000,24.989000,600,0.001667
2393.000000,2394,DY-SIN-001,DYNAMIC_SINUSOIDAL,49.267618,25.000000,UP,TRANSIENT,46.020000,42.600000,25.045000,25.045000,600,0.001667
2394.000000,2395,DY-SIN-001,DYNAMIC_SINUSOIDAL,49.372095,25.000000,UP,TRANSIENT,46.020000,42.600000,24.994000,24.994000,600,0.001667
2395.000000,2396,DY-SIN-001,DYNAMIC_SINUSOIDAL,49.476640,25.000000,UP,TRANSIENT,46.120000,42.700000,25.035000,25.035000,600,0.001667
2396.000000,2397,DY-SIN-001,DYNAMIC_SINUSOIDAL,49.581243,25.000000,UP,TRANSIENT,46.180000,42.300000,25.036000,25.036000,600,0.001667
2397.000000,2398,DY-SIN-001,DYNAMIC_SINUSOIDAL,49.685892,25.000000,UP,TRANSIENT,46.350000,42.600000,25.048000,25.048000,600,0.001667
2398.000000,2399,DY-SIN-001,DYNAMIC_SINUSOIDAL,49.790576,25.000000,UP,TRANSIENT,46.440000,42.600000,25.002000,25.002000,600,0.001667
2399.000000,2400,DY-SIN-001,DYNAMIC_SINUSOIDAL,49.895282,25.000000,UP,TRANSIENT,46.510000,42.700000,24.996000,24.996000,600,0.001667
2400.000000,2401,DY-SIN-001,DYNAMIC_SINUSOIDAL,50.000000,25.000000,UP,TRANSIENT,46.590000,43.100000,24.977000,24.977000,600,0.001667
2401.000000,2402,DY-SIN-001,DYNAMIC_SINUSOIDAL,50.104718,25.000000,UP,TRANSIENT,46.790000,43.200000,25.064000,25.064000,600,0.001667
2402.000000,2403,DY-SIN-001,DYNAMIC_SINUSOIDAL,50.209424,25.000000,UP,TRANSIENT,46.710000,43.200000,25.058000,25.058000,600,0.001667
2403.000000,2404,DY-SIN-001,DYNAMIC_SINUSOIDAL,50.314108,25.000000,UP,TRANSIENT,46.820000,43.100000,24.990000,24.990000,600,0.001667
2404.000000,2405,DY-SIN-001,DYNAMIC_SINUSOIDAL,50.418757,25.000000,UP,TRANSIENT,46.970000,43.100000,25.027000,25.027000,600,0.001667
2405.000000,2406,DY-SIN-001,DYNAMIC_SINUSOIDAL,50.523360,25.000000,UP,TRANSIENT,47.110000,43.300000,25.035000,25.035000,600,0.001667
2406.000000,2407,DY-SIN-001,DYNAMIC_SINUSOIDAL,50.627905,25.000000,UP,TRANSIENT,47.080000,43.000000,25.021000,25.021000,600,0.001667
2407.000000,2408,DY-SIN-001,DYNAMIC_SINUSOIDAL,50.732382,25.000000,UP,TRANSIENT,47.270000,43.500000,25.028000,25.028000,600,0.001667
2408.000000,2409,DY-SIN-001,DYNAMIC_SINUSOIDAL,50.836778,25.000000,UP,TRANSIENT,47.420000,44.100000,25.057000,25.057000,600,0.001667
2409.000000,2410,DY-SIN-001,DYNAMIC_SINUSOIDAL,50.941083,25.000000,UP,TRANSIENT,47.530000,43.600000,25.002000,25.002000,600,0.001667
2410.000000,2411,DY-SIN-001,DYNAMIC_SINUSOIDAL,51.045285,25.000000,UP,TRANSIENT,47.570000,43.600000,25.002000,25.002000,600,0.001667
2411.000000,2412,DY-SIN-001,DYNAMIC_SINUSOIDAL,51.149372,25.000000,UP,TRANSIENT,47.730000,43.800000,25.019000,25.019000,600,0.001667
2412.000000,2413,DY-SIN-001,DYNAMIC_SINUSOIDAL,51.253332,25.000000,UP,TRANSIENT,47.830000,44.000000,24.990000,24.990000,600,0.001667
2413.000000,2414,DY-SIN-001,DYNAMIC_SINUSOIDAL,51.357156,25.000000,UP,TRANSIENT,47.840000,44.000000,25.039000,25.039000,600,0.001667
2414.000000,2415,DY-SIN-001,DYNAMIC_SINUSOIDAL,51.460830,25.000000,UP,TRANSIENT,47.930000,44.300000,25.050000,25.050000,600,0.001667
2415.000000,2416,DY-SIN-001,DYNAMIC_SINUSOIDAL,51.564345,25.000000,UP,TRANSIENT,48.060000,44.700000,25.007000,25.007000,600,0.001667
2416.000000,2417,DY-SIN-001,DYNAMIC_SINUSOIDAL,51.667687,25.000000,UP,TRANSIENT,48.120000,43.900000,25.031000,25.031000,600,0.001667
2417.000000,2418,DY-SIN-001,DYNAMIC_SINUSOIDAL,51.770847,25.000000,UP,TRANSIENT,48.220000,44.600000,25.022000,25.022000,600,0.001667
2418.000000,2419,DY-SIN-001,DYNAMIC_SINUSOIDAL,51.873813,25.000000,UP,TRANSIENT,48.400000,44.700000,24.954000,24.954000,600,0.001667
2419.000000,2420,DY-SIN-001,DYNAMIC_SINUSOIDAL,51.976573,25.000000,UP,TRANSIENT,48.360000,44.400000,25.056000,25.056000,600,0.001667
2420.000000,2421,DY-SIN-001,DYNAMIC_SINUSOIDAL,52.079117,25.000000,UP,TRANSIENT,48.490000,44.700000,24.998000,24.998000,600,0.001667
2421.000000,2422,DY-SIN-001,DYNAMIC_SINUSOIDAL,52.181432,25.000000,UP,TRANSIENT,48.610000,45.000000,25.031000,25.031000,600,0.001667
2422.000000,2423,DY-SIN-001,DYNAMIC_SINUSOIDAL,52.283509,25.000000,UP,TRANSIENT,48.650000,44.600000,25.012000,25.012000,600,0.001667
2423.000000,2424,DY-SIN-001,DYNAMIC_SINUSOIDAL,52.385335,25.000000,UP,TRANSIENT,48.710000,44.800000,25.010000,25.010000,600,0.001667
2424.000000,2425,DY-SIN-001,DYNAMIC_SINUSOIDAL,52.486899,25.000000,UP,TRANSIENT,48.820000,44.800000,25.016000,25.016000,600,0.001667
2425.000000,2426,DY-SIN-001,DYNAMIC_SINUSOIDAL,52.588190,25.000000,UP,TRANSIENT,48.910000,44.700000,25.064000,25.064000,600,0.001667
2426.000000,2427,DY-SIN-001,DYNAMIC_SINUSOIDAL,52.689198,25.000000,UP,TRANSIENT,49.080000,45.400000,24.961000,24.961000,600,0.001667
2427.000000,2428,DY-SIN-001,DYNAMIC_SINUSOIDAL,52.789911,25.000000,UP,TRANSIENT,49.150000,45.300000,25.020000,25.020000,600,0.001667
2428.000000,2429,DY-SIN-001,DYNAMIC_SINUSOIDAL,52.890318,25.000000,UP,TRANSIENT,49.310000,45.400000,25.005000,25.005000,600,0.001667
2429.000000,2430,DY-SIN-001,DYNAMIC_SINUSOIDAL,52.990408,25.000000,UP,TRANSIENT,49.360000,45.500000,25.035000,25.035000,600,0.001667
2430.000000,2431,DY-SIN-001,DYNAMIC_SINUSOIDAL,53.090170,25.000000,UP,TRANSIENT,49.460000,45.200000,25.022000,25.022000,600,0.001667
2431.000000,2432,DY-SIN-001,DYNAMIC_SINUSOIDAL,53.189593,25.000000,UP,TRANSIENT,49.520000,45.900000,24.976000,24.976000,600,0.001667
2432.000000,2433,DY-SIN-001,DYNAMIC_SINUSOIDAL,53.288666,25.000000,UP,TRANSIENT,49.670000,45.600000,25.016000,25.016000,600,0.001667
2433.000000,2434,DY-SIN-001,DYNAMIC_SINUSOIDAL,53.387379,25.000000,UP,TRANSIENT,49.810000,45.100000,25.050000,25.050000,600,0.001667
2434.000000,2435,DY-SIN-001,DYNAMIC_SINUSOIDAL,53.485720,25.000000,UP,TRANSIENT,49.830000,45.800000,25.038000,25.038000,600,0.001667
2435.000000,2436,DY-SIN-001,DYNAMIC_SINUSOIDAL,53.583679,25.000000,UP,TRANSIENT,49.930000,45.900000,25.037000,25.037000,600,0.001667
2436.000000,2437,DY-SIN-001,DYNAMIC_SINUSOIDAL,53.681246,25.000000,UP,TRANSIENT,50.030000,45.800000,24.992000,24.992000,600,0.001667
2437.000000,2438,DY-SIN-001,DYNAMIC_SINUSOIDAL,53.778408,25.000000,UP,TRANSIENT,50.110000,46.300000,25.023000,25.023000,600,0.001667
2438.000000,2439,DY-SIN-001,DYNAMIC_SINUSOIDAL,53.875156,25.000000,UP,TRANSIENT,50.270000,46.100000,25.037000,25.037000,600,0.001667
2439.000000,2440,DY-SIN-001,DYNAMIC_SINUSOIDAL,53.971479,25.000000,UP,TRANSIENT,50.370000,46.200000,24.986000,24.986000,600,0.001667
2440.000000,2441,DY-SIN-001,DYNAMIC_SINUSOIDAL,54.067366,25.000000,UP,TRANSIENT,50.370000,46.600000,25.015000,25.015000,600,0.001667
2441.000000,2442,DY-SIN-001,DYNAMIC_SINUSOIDAL,54.162808,25.000000,UP,TRANSIENT,50.480000,46.700000,25.066000,25.066000,600,0.001667
2442.000000,2443,DY-SIN-001,DYNAMIC_SINUSOIDAL,54.257793,25.000000,UP,TRANSIENT,50.640000,47.000000,25.004000,25.004000,600,0.001667
2443.000000,2444,DY-SIN-001,DYNAMIC_SINUSOIDAL,54.352311,25.000000,UP,TRANSIENT,50.730000,46.700000,24.994000,24.994000,600,0.001667
2444.000000,2445,DY-SIN-001,DYNAMIC_SINUSOIDAL,54.446352,25.000000,UP,TRANSIENT,50.820000,47.000000,25.005000,25.005000,600,0.001667
2445.000000,2446,DY-SIN-001,DYNAMIC_SINUSOIDAL,54.539905,25.000000,UP,TRANSIENT,50.850000,46.800000,25.069000,25.069000,600,0.001667
2446.000000,2447,DY-SIN-001,DYNAMIC_SINUSOIDAL,54.632960,25.000000,UP,TRANSIENT,51.040000,47.500000,25.018000,25.018000,600,0.001667
2447.000000,2448,DY-SIN-001,DYNAMIC_SINUSOIDAL,54.725508,25.000000,UP,TRANSIENT,51.010000,47.000000,25.021000,25.021000,600,0.001667
2448.000000,2449,DY-SIN-001,DYNAMIC_SINUSOIDAL,54.817537,25.000000,UP,TRANSIENT,51.250000,47.000000,25.014000,25.014000,600,0.001667
2449.000000,2450,DY-SIN-001,DYNAMIC_SINUSOIDAL,54.909038,25.000000,UP,TRANSIENT,51.360000,47.200000,25.019000,25.019000,600,0.001667
2450.000000,2451,DY-SIN-001,DYNAMIC_SINUSOIDAL,55.000000,25.000000,UP,TRANSIENT,51.410000,47.300000,24.995000,24.995000,600,0.001667
2451.000000,2452,DY-SIN-001,DYNAMIC_SINUSOIDAL,55.090414,25.000000,UP,TRANSIENT,51.480000,47.400000,25.070000,25.070000,600,0.001667
2452.000000,2453,DY-SIN-001,DYNAMIC_SINUSOIDAL,55.180270,25.000000,UP,TRANSIENT,51.510000,47.500000,25.019000,25.019000,600,0.001667
2453.000000,2454,DY-SIN-001,DYNAMIC_SINUSOIDAL,55.269558,25.000000,UP,TRANSIENT,51.620000,47.000000,24.952000,24.952000,600,0.001667
2454.000000,2455,DY-SIN-001,DYNAMIC_SINUSOIDAL,55.358268,25.000000,UP,TRANSIENT,51.720000,47.600000,25.045000,25.045000,600,0.001667
2455.000000,2456,DY-SIN-001,DYNAMIC_SINUSOIDAL,55.446390,25.000000,UP,TRANSIENT,51.840000,47.700000,24.977000,24.977000,600,0.001667
2456.000000,2457,DY-SIN-001,DYNAMIC_SINUSOIDAL,55.533915,25.000000,UP,TRANSIENT,51.950000,48.400000,25.001000,25.001000,600,0.001667
2457.000000,2458,DY-SIN-001,DYNAMIC_SINUSOIDAL,55.620834,25.000000,UP,TRANSIENT,52.060000,48.100000,25.039000,25.039000,600,0.001667
2458.000000,2459,DY-SIN-001,DYNAMIC_SINUSOIDAL,55.707136,25.000000,UP,TRANSIENT,52.220000,47.500000,24.965000,24.965000,600,0.001667
2459.000000,2460,DY-SIN-001,DYNAMIC_SINUSOIDAL,55.792812,25.000000,UP,TRANSIENT,52.230000,48.300000,25.006000,25.006000,600,0.001667
2460.000000,2461,DY-SIN-001,DYNAMIC_SINUSOIDAL,55.877853,25.000000,UP,TRANSIENT,52.310000,48.100000,25.062000,25.062000,600,0.001667
2461.000000,2462,DY-SIN-001,DYNAMIC_SINUSOIDAL,55.962249,25.000000,UP,TRANSIENT,52.480000,48.500000,25.016000,25.016000,600,0.001667
2462.000000,2463,DY-SIN-001,DYNAMIC_SINUSOIDAL,56.045991,25.000000,UP,TRANSIENT,52.640000,48.300000,25.063000,25.063000,600,0.001667
2463.000000,2464,DY-SIN-001,DYNAMIC_SINUSOIDAL,56.129071,25.000000,UP,TRANSIENT,52.670000,48.700000,24.961000,24.961000,600,0.001667
2464.000000,2465,DY-SIN-001,DYNAMIC_SINUSOIDAL,56.211478,25.000000,UP,TRANSIENT,52.860000,48.300000,24.995000,24.995000,600,0.001667
2465.000000,2466,DY-SIN-001,DYNAMIC_SINUSOIDAL,56.293204,25.000000,UP,TRANSIENT,52.860000,48.700000,24.962000,24.962000,600,0.001667
2466.000000,2467,DY-SIN-001,DYNAMIC_SINUSOIDAL,56.374240,25.000000,UP,TRANSIENT,52.900000,48.900000,25.056000,25.056000,600,0.001667
2467.000000,2468,DY-SIN-001,DYNAMIC_SINUSOIDAL,56.454577,25.000000,UP,TRANSIENT,53.040000,49.100000,24.995000,24.995000,600,0.001667
2468.000000,2469,DY-SIN-001,DYNAMIC_SINUSOIDAL,56.534206,25.000000,UP,TRANSIENT,53.130000,49.300000,25.067000,25.067000,600,0.001667
2469.000000,2470,DY-SIN-001,DYNAMIC_SINUSOIDAL,56.613119,25.000000,UP,TRANSIENT,53.260000,49.300000,25.043000,25.043000,600,0.001667
2470.000000,2471,DY-SIN-001,DYNAMIC_SINUSOIDAL,56.691306,25.000000,UP,TRANSIENT,53.280000,49.300000,25.069000,25.069000,600,0.001667
2471.000000,2472,DY-SIN-001,DYNAMIC_SINUSOIDAL,56.768760,25.000000,UP,TRANSIENT,53.370000,48.900000,24.999000,24.999000,600,0.001667
2472.000000,2473,DY-SIN-001,DYNAMIC_SINUSOIDAL,56.845471,25.000000,UP,TRANSIENT,53.470000,50.000000,25.040000,25.040000,600,0.001667
2473.000000,2474,DY-SIN-001,DYNAMIC_SINUSOIDAL,56.921432,25.000000,UP,TRANSIENT,53.610000,49.600000,25.000000,25.000000,600,0.001667
2474.000000,2475,DY-SIN-001,DYNAMIC_SINUSOIDAL,56.996633,25.000000,UP,TRANSIENT,53.620000,49.300000,24.976000,24.976000,600,0.001667
2475.000000,2476,DY-SIN-001,DYNAMIC_SINUSOIDAL,57.071068,25.000000,UP,TRANSIENT,53.830000,49.700000,25.032000,25.032000,600,0.001667
2476.000000,2477,DY-SIN-001,DYNAMIC_SINUSOIDAL,57.144727,25.000000,UP,TRANSIENT,53.920000,49.600000,25.041000,25.041000,600,0.001667
2477.000000,2478,DY-SIN-001,DYNAMIC_SINUSOIDAL,57.217602,25.000000,UP,TRANSIENT,54.080000,49.900000,25.021000,25.021000,600,0.001667
2478.000000,2479,DY-SIN-001,DYNAMIC_SINUSOIDAL,57.289686,25.000000,UP,TRANSIENT,54.200000,49.900000,25.025000,25.025000,600,0.001667
2479.000000,2480,DY-SIN-001,DYNAMIC_SINUSOIDAL,57.360971,25.000000,UP,TRANSIENT,54.180000,49.800000,25.014000,25.014000,600,0.001667
2480.000000,2481,DY-SIN-001,DYNAMIC_SINUSOIDAL,57.431448,25.000000,UP,TRANSIENT,54.330000,50.000000,24.976000,24.976000,600,0.001667
2481.000000,2482,DY-SIN-001,DYNAMIC_SINUSOIDAL,57.501111,25.000000,UP,TRANSIENT,54.350000,50.500000,24.980000,24.980000,600,0.001667
2482.000000,2483,DY-SIN-001,DYNAMIC_SINUSOIDAL,57.569951,25.000000,UP,TRANSIENT,54.470000,50.100000,25.032000,25.032000,600,0.001667
2483.000000,2484,DY-SIN-001,DYNAMIC_SINUSOIDAL,57.637960,25.000000,UP,TRANSIENT,54.560000,51.000000,25.022000,25.022000,600,0.001667
2484.000000,2485,DY-SIN-001,DYNAMIC_SINUSOIDAL,57.705132,25.000000,UP,TRANSIENT,54.610000,50.100000,25.085000,25.085000,600,0.001667
2485.000000,2486,DY-SIN-001,DYNAMIC_SINUSOIDAL,57.771460,25.000000,UP,TRANSIENT,54.690000,50.400000,25.066000,25.066000,600,0.001667
2486.000000,2487,DY-SIN-001,DYNAMIC_SINUSOIDAL,57.836935,25.000000,UP,TRANSIENT,54.790000,50.400000,25.030000,25.030000,600,0.001667
2487.000000,2488,DY-SIN-001,DYNAMIC_SINUSOIDAL,57.901550,25.000000,UP,TRANSIENT,54.940000,51.300000,24.988000,24.988000,600,0.001667
2488.000000,2489,DY-SIN-001,DYNAMIC_SINUSOIDAL,57.965299,25.000000,UP,TRANSIENT,54.990000,51.300000,25.031000,25.031000,600,0.001667
2489.000000,2490,DY-SIN-001,DYNAMIC_SINUSOIDAL,58.028175,25.000000,UP,TRANSIENT,55.060000,51.200000,25.039000,25.039000,600,0.001667
2490.000000,2491,DY-SIN-001,DYNAMIC_SINUSOIDAL,58.090170,25.000000,UP,TRANSIENT,55.050000,50.500000,25.034000,25.034000,600,0.001667
2491.000000,2492,DY-SIN-001,DYNAMIC_SINUSOIDAL,58.151278,25.000000,UP,TRANSIENT,55.160000,51.300000,25.013000,25.013000,600,0.001667
2492.000000,2493,DY-SIN-001,DYNAMIC_SINUSOIDAL,58.211492,25.000000,UP,TRANSIENT,55.340000,51.300000,25.002000,25.002000,600,0.001667
2493.000000,2494,DY-SIN-001,DYNAMIC_SINUSOIDAL,58.270806,25.000000,UP,TRANSIENT,55.350000,51.300000,25.027000,25.027000,600,0.001667
2494.000000,2495,DY-SIN-001,DYNAMIC_SINUSOIDAL,58.329212,25.000000,UP,TRANSIENT,55.440000,51.500000,24.978000,24.978000,600,0.001667
2495.000000,2496,DY-SIN-001,DYNAMIC_SINUSOIDAL,58.386706,25.000000,UP,TRANSIENT,55.590000,51.500000,24.965000,24.965000,600,0.001667
2496.000000,2497,DY-SIN-001,DYNAMIC_SINUSOIDAL,58.443279,25.000000,UP,TRANSIENT,55.720000,51.200000,25.027000,25.027000,600,0.001667
2497.000000,2498,DY-SIN-001,DYNAMIC_SINUSOIDAL,58.498927,25.000000,UP,TRANSIENT,55.780000,51.300000,25.021000,25.021000,600,0.001667
2498.000000,2499,DY-SIN-001,DYNAMIC_SINUSOIDAL,58.553643,25.000000,UP,TRANSIENT,55.890000,52.200000,25.029000,25.029000,600,0.001667
2499.000000,2500,DY-SIN-001,DYNAMIC_SINUSOIDAL,58.607420,25.000000,UP,TRANSIENT,55.900000,51.700000,25.007000,25.007000,600,0.001667
2500.000000,2501,DY-SIN-001,DYNAMIC_SINUSOIDAL,58.660254,25.000000,UP,TRANSIENT,56.050000,52.300000,25.034000,25.034000,600,0.001667
2501.000000,2502,DY-SIN-001,DYNAMIC_SINUSOIDAL,58.712138,25.000000,UP,TRANSIENT,56.070000,52.400000,24.999000,24.999000,600,0.001667
2502.000000,2503,DY-SIN-001,DYNAMIC_SINUSOIDAL,58.763067,25.000000,UP,TRANSIENT,56.150000,52.100000,25.001000,25.001000,600,0.001667
2503.000000,2504,DY-SIN-001,DYNAMIC_SINUSOIDAL,58.813035,25.000000,UP,TRANSIENT,56.280000,52.300000,25.038000,25.038000,600,0.001667
2504.000000,2505,DY-SIN-001,DYNAMIC_SINUSOIDAL,58.862036,25.000000,UP,TRANSIENT,56.340000,52.700000,24.988000,24.988000,600,0.001667
2505.000000,2506,DY-SIN-001,DYNAMIC_SINUSOIDAL,58.910065,25.000000,UP,TRANSIENT,56.430000,52.500000,25.036000,25.036000,600,0.001667
2506.000000,2507,DY-SIN-001,DYNAMIC_SINUSOIDAL,58.957118,25.000000,UP,TRANSIENT,56.450000,52.200000,25.019000,25.019000,600,0.001667
2507.000000,2508,DY-SIN-001,DYNAMIC_SINUSOIDAL,59.003188,25.000000,UP,TRANSIENT,56.590000,52.700000,24.972000,24.972000,600,0.001667
2508.000000,2509,DY-SIN-001,DYNAMIC_SINUSOIDAL,59.048271,25.000000,UP,TRANSIENT,56.590000,52.800000,25.040000,25.040000,600,0.001667
2509.000000,2510,DY-SIN-001,DYNAMIC_SINUSOIDAL,59.092361,25.000000,UP,TRANSIENT,56.640000,53.000000,25.080000,25.080000,600,0.001667
2510.000000,2511,DY-SIN-001,DYNAMIC_SINUSOIDAL,59.135455,25.000000,UP,TRANSIENT,56.660000,52.900000,25.065000,25.065000,600,0.001667
2511.000000,2512,DY-SIN-001,DYNAMIC_SINUSOIDAL,59.177546,25.000000,UP,TRANSIENT,56.780000,53.100000,24.989000,24.989000,600,0.001667
2512.000000,2513,DY-SIN-001,DYNAMIC_SINUSOIDAL,59.218632,25.000000,UP,TRANSIENT,56.860000,52.500000,25.057000,25.057000,600,0.001667
2513.000000,2514,DY-SIN-001,DYNAMIC_SINUSOIDAL,59.258706,25.000000,UP,TRANSIENT,56.980000,53.000000,25.045000,25.045000,600,0.001667
2514.000000,2515,DY-SIN-001,DYNAMIC_SINUSOIDAL,59.297765,25.000000,UP,TRANSIENT,57.100000,53.400000,24.996000,24.996000,600,0.001667
2515.000000,2516,DY-SIN-001,DYNAMIC_SINUSOIDAL,59.335804,25.000000,UP,TRANSIENT,57.060000,53.100000,25.059000,25.059000,600,0.001667
2516.000000,2517,DY-SIN-001,DYNAMIC_SINUSOIDAL,59.372820,25.000000,UP,TRANSIENT,57.140000,53.600000,25.098000,25.098000,600,0.001667
2517.000000,2518,DY-SIN-001,DYNAMIC_SINUSOIDAL,59.408808,25.000000,UP,TRANSIENT,57.190000,53.700000,24.999000,24.999000,600,0.001667
2518.000000,2519,DY-SIN-001,DYNAMIC_SINUSOIDAL,59.443764,25.000000,UP,TRANSIENT,57.270000,53.400000,25.072000,25.072000,600,0.001667
2519.000000,2520,DY-SIN-001,DYNAMIC_SINUSOIDAL,59.477684,25.000000,UP,TRANSIENT,57.280000,53.800000,25.011000,25.011000,600,0.001667
2520.000000,2521,DY-SIN-001,DYNAMIC_SINUSOIDAL,59.510565,25.000000,UP,TRANSIENT,57.380000,53.600000,24.989000,24.989000,600,0.001667
2521.000000,2522,DY-SIN-001,DYNAMIC_SINUSOIDAL,59.542403,25.000000,UP,TRANSIENT,57.420000,53.600000,25.013000,25.013000,600,0.001667
2522.000000,2523,DY-SIN-001,DYNAMIC_SINUSOIDAL,59.573195,25.000000,UP,TRANSIENT,57.450000,54.100000,24.989000,24.989000,600,0.001667
2523.000000,2524,DY-SIN-001,DYNAMIC_SINUSOIDAL,59.602937,25.000000,UP,TRANSIENT,57.570000,54.100000,25.020000,25.020000,600,0.001667
2524.000000,2525,DY-SIN-001,DYNAMIC_SINUSOIDAL,59.631626,25.000000,UP,TRANSIENT,57.620000,54.500000,24.929000,24.929000,600,0.001667
2525.000000,2526,DY-SIN-001,DYNAMIC_SINUSOIDAL,59.659258,25.000000,UP,TRANSIENT,57.690000,53.900000,25.001000,25.001000,600,0.001667
2526.000000,2527,DY-SIN-001,DYNAMIC_SINUSOIDAL,59.685832,25.000000,UP,TRANSIENT,57.780000,54.000000,24.991000,24.991000,600,0.001667
2527.000000,2528,DY-SIN-001,DYNAMIC_SINUSOIDAL,59.711343,25.000000,UP,TRANSIENT,57.790000,53.900000,25.041000,25.041000,600,0.001667
2528.000000,2529,DY-SIN-001,DYNAMIC_SINUSOIDAL,59.735789,25.000000,UP,TRANSIENT,57.880000,54.300000,24.947000,24.947000,600,0.001667
2529.000000,2530,DY-SIN-001,DYNAMIC_SINUSOIDAL,59.759168,25.000000,UP,TRANSIENT,57.940000,54.500000,25.059000,25.059000,600,0.001667
2530.000000,2531,DY-SIN-001,DYNAMIC_SINUSOIDAL,59.781476,25.000000,UP,TRANSIENT,58.040000,54.100000,24.998000,24.998000,600,0.001667
2531.000000,2532,DY-SIN-001,DYNAMIC_SINUSOIDAL,59.802712,25.000000,UP,TRANSIENT,58.010000,54.300000,25.013000,25.013000,600,0.001667
2532.000000,2533,DY-SIN-001,DYNAMIC_SINUSOIDAL,59.822873,25.000000,UP,TRANSIENT,58.120000,54.700000,25.058000,25.058000,600,0.001667
2533.000000,2534,DY-SIN-001,DYNAMIC_SINUSOIDAL,59.841956,25.000000,UP,TRANSIENT,58.240000,54.600000,24.988000,24.988000,600,0.001667
2534.000000,2535,DY-SIN-001,DYNAMIC_SINUSOIDAL,59.859960,25.000000,UP,TRANSIENT,58.160000,54.800000,24.993000,24.993000,600,0.001667
2535.000000,2536,DY-SIN-001,DYNAMIC_SINUSOIDAL,59.876883,25.000000,UP,TRANSIENT,58.260000,54.600000,25.046000,25.046000,600,0.001667
2536.000000,2537,DY-SIN-001,DYNAMIC_SINUSOIDAL,59.892723,25.000000,UP,TRANSIENT,58.300000,54.900000,25.003000,25.003000,600,0.001667
2537.000000,2538,DY-SIN-001,DYNAMIC_SINUSOIDAL,59.907478,25.000000,UP,TRANSIENT,58.370000,55.200000,24.979000,24.979000,600,0.001667
2538.000000,2539,DY-SIN-001,DYNAMIC_SINUSOIDAL,59.921147,25.000000,UP,TRANSIENT,58.400000,55.200000,25.049000,25.049000,600,0.001667
2539.000000,2540,DY-SIN-001,DYNAMIC_SINUSOIDAL,59.933728,25.000000,UP,TRANSIENT,58.410000,55.200000,25.023000,25.023000,600,0.001667
2540.000000,2541,DY-SIN-001,DYNAMIC_SINUSOIDAL,59.945219,25.000000,UP,TRANSIENT,58.480000,55.200000,25.023000,25.023000,600,0.001667
2541.000000,2542,DY-SIN-001,DYNAMIC_SINUSOIDAL,59.955620,25.000000,UP,TRANSIENT,58.550000,55.400000,25.048000,25.048000,600,0.001667
2542.000000,2543,DY-SIN-001,DYNAMIC_SINUSOIDAL,59.964929,25.000000,UP,TRANSIENT,58.540000,56.000000,24.951000,24.951000,600,0.001667
2543.000000,2544,DY-SIN-001,DYNAMIC_SINUSOIDAL,59.973145,25.000000,UP,TRANSIENT,58.630000,55.800000,24.991000,24.991000,600,0.001667
2544.000000,2545,DY-SIN-001,DYNAMIC_SINUSOIDAL,59.980267,25.000000,UP,TRANSIENT,58.690000,55.000000,25.009000,25.009000,600,0.001667
2545.000000,2546,DY-SIN-001,DYNAMIC_SINUSOIDAL,59.986295,25.000000,UP,TRANSIENT,58.720000,55.300000,24.990000,24.990000,600,0.001667
2546.000000,2547,DY-SIN-001,DYNAMIC_SINUSOIDAL,59.991228,25.000000,UP,TRANSIENT,58.800000,55.800000,25.018000,25.018000,600,0.001667
2547.000000,2548,DY-SIN-001,DYNAMIC_SINUSOIDAL,59.995066,25.000000,UP,TRANSIENT,58.760000,55.400000,24.982000,24.982000,600,0.001667
2548.000000,2549,DY-SIN-001,DYNAMIC_SINUSOIDAL,59.997807,25.000000,UP,TRANSIENT,58.860000,56.000000,24.994000,24.994000,600,0.001667
2549.000000,2550,DY-SIN-001,DYNAMIC_SINUSOIDAL,59.999452,25.000000,UP,TRANSIENT,58.830000,55.600000,24.999000,24.999000,600,0.001667
2550.000000,2551,DY-SIN-001,DYNAMIC_SINUSOIDAL,60.000000,25.000000,UP,TRANSIENT,58.870000,55.700000,24.993000,24.993000,600,0.001667
2551.000000,2552,DY-SIN-001,DYNAMIC_SINUSOIDAL,59.999452,25.000000,DOWN,TRANSIENT,58.980000,56.800000,24.972000,24.972000,600,0.001667
2552.000000,2553,DY-SIN-001,DYNAMIC_SINUSOIDAL,59.997807,25.000000,DOWN,TRANSIENT,59.070000,56.800000,24.996000,24.996000,600,0.001667
2553.000000,2554,DY-SIN-001,DYNAMIC_SINUSOIDAL,59.995066,25.000000,DOWN,TRANSIENT,59.040000,56.700000,25.082000,25.082000,600,0.001667
2554.000000,2555,DY-SIN-001,DYNAMIC_SINUSOIDAL,59.991228,25.000000,DOWN,TRANSIENT,59.090000,56.600000,25.011000,25.011000,600,0.001667
2555.000000,2556,DY-SIN-001,DYNAMIC_SINUSOIDAL,59.986295,25.000000,DOWN,TRANSIENT,59.170000,56.800000,25.016000,25.016000,600,0.001667
2556.000000,2557,DY-SIN-001,DYNAMIC_SINUSOIDAL,59.980267,25.000000,DOWN,TRANSIENT,59.160000,57.200000,25.033000,25.033000,600,0.001667
2557.000000,2558,DY-SIN-001,DYNAMIC_SINUSOIDAL,59.973145,25.000000,DOWN,TRANSIENT,59.180000,56.700000,25.088000,25.088000,600,0.001667
2558.000000,2559,DY-SIN-001,DYNAMIC_SINUSOIDAL,59.964929,25.000000,DOWN,TRANSIENT,59.230000,56.800000,24.996000,24.996000,600,0.001667
2559.000000,2560,DY-SIN-001,DYNAMIC_SINUSOIDAL,59.955620,25.000000,DOWN,TRANSIENT,59.280000,57.200000,24.947000,24.947000,600,0.001667
2560.000000,2561,DY-SIN-001,DYNAMIC_SINUSOIDAL,59.945219,25.000000,DOWN,TRANSIENT,59.290000,57.100000,25.059000,25.059000,600,0.001667
2561.000000,2562,DY-SIN-001,DYNAMIC_SINUSOIDAL,59.933728,25.000000,DOWN,TRANSIENT,59.340000,57.100000,24.983000,24.983000,600,0.001667
2562.000000,2563,DY-SIN-001,DYNAMIC_SINUSOIDAL,59.921147,25.000000,DOWN,TRANSIENT,59.340000,57.200000,25.064000,25.064000,600,0.001667
2563.000000,2564,DY-SIN-001,DYNAMIC_SINUSOIDAL,59.907478,25.000000,DOWN,TRANSIENT,59.390000,57.000000,25.034000,25.034000,600,0.001667
2564.000000,2565,DY-SIN-001,DYNAMIC_SINUSOIDAL,59.892723,25.000000,DOWN,TRANSIENT,59.440000,57.200000,25.041000,25.041000,600,0.001667
2565.000000,2566,DY-SIN-001,DYNAMIC_SINUSOIDAL,59.876883,25.000000,DOWN,TRANSIENT,59.430000,57.300000,25.034000,25.034000,600,0.001667
2566.000000,2567,DY-SIN-001,DYNAMIC_SINUSOIDAL,59.859960,25.000000,DOWN,TRANSIENT,59.410000,57.700000,25.015000,25.015000,600,0.001667
2567.000000,2568,DY-SIN-001,DYNAMIC_SINUSOIDAL,59.841956,25.000000,DOWN,TRANSIENT,59.450000,57.700000,24.984000,24.984000,600,0.001667
2568.000000,2569,DY-SIN-001,DYNAMIC_SINUSOIDAL,59.822873,25.000000,DOWN,TRANSIENT,59.520000,57.400000,25.002000,25.002000,600,0.001667
2569.000000,2570,DY-SIN-001,DYNAMIC_SINUSOIDAL,59.802712,25.000000,DOWN,TRANSIENT,59.610000,57.700000,24.957000,24.957000,600,0.001667
2570.000000,2571,DY-SIN-001,DYNAMIC_SINUSOIDAL,59.781476,25.000000,DOWN,TRANSIENT,59.550000,57.700000,25.021000,25.021000,600,0.001667
2571.000000,2572,DY-SIN-001,DYNAMIC_SINUSOIDAL,59.759168,25.000000,DOWN,TRANSIENT,59.590000,58.100000,25.047000,25.047000,600,0.001667
2572.000000,2573,DY-SIN-001,DYNAMIC_SINUSOIDAL,59.735789,25.000000,DOWN,TRANSIENT,59.660000,57.800000,25.065000,25.065000,600,0.001667
2573.000000,2574,DY-SIN-001,DYNAMIC_SINUSOIDAL,59.711343,25.000000,DOWN,TRANSIENT,59.580000,57.700000,25.002000,25.002000,600,0.001667
2574.000000,2575,DY-SIN-001,DYNAMIC_SINUSOIDAL,59.685832,25.000000,DOWN,TRANSIENT,59.700000,57.500000,24.980000,24.980000,600,0.001667
2575.000000,2576,DY-SIN-001,DYNAMIC_SINUSOIDAL,59.659258,25.000000,DOWN,TRANSIENT,59.670000,57.800000,25.011000,25.011000,600,0.001667
2576.000000,2577,DY-SIN-001,DYNAMIC_SINUSOIDAL,59.631626,25.000000,DOWN,TRANSIENT,59.690000,58.300000,24.989000,24.989000,600,0.001667
2577.000000,2578,DY-SIN-001,DYNAMIC_SINUSOIDAL,59.602937,25.000000,DOWN,TRANSIENT,59.790000,58.000000,25.041000,25.041000,600,0.001667
2578.000000,2579,DY-SIN-001,DYNAMIC_SINUSOIDAL,59.573195,25.000000,DOWN,TRANSIENT,59.730000,58.200000,24.979000,24.979000,600,0.001667
2579.000000,2580,DY-SIN-001,DYNAMIC_SINUSOIDAL,59.542403,25.000000,DOWN,TRANSIENT,59.740000,58.100000,25.011000,25.011000,600,0.001667
2580.000000,2581,DY-SIN-001,DYNAMIC_SINUSOIDAL,59.510565,25.000000,DOWN,TRANSIENT,59.720000,58.300000,25.036000,25.036000,600,0.001667
2581.000000,2582,DY-SIN-001,DYNAMIC_SINUSOIDAL,59.477684,25.000000,DOWN,TRANSIENT,59.740000,58.300000,25.028000,25.028000,600,0.001667
2582.000000,2583,DY-SIN-001,DYNAMIC_SINUSOIDAL,59.443764,25.000000,DOWN,TRANSIENT,59.710000,58.600000,25.030000,25.030000,600,0.001667
2583.000000,2584,DY-SIN-001,DYNAMIC_SINUSOIDAL,59.408808,25.000000,DOWN,TRANSIENT,59.680000,58.200000,25.057000,25.057000,600,0.001667
2584.000000,2585,DY-SIN-001,DYNAMIC_SINUSOIDAL,59.372820,25.000000,DOWN,TRANSIENT,59.750000,58.200000,24.992000,24.992000,600,0.001667
2585.000000,2586,DY-SIN-001,DYNAMIC_SINUSOIDAL,59.335804,25.000000,DOWN,TRANSIENT,59.700000,58.600000,25.081000,25.081000,600,0.001667
2586.000000,2587,DY-SIN-001,DYNAMIC_SINUSOIDAL,59.297765,25.000000,DOWN,TRANSIENT,59.780000,58.600000,25.027000,25.027000,600,0.001667
2587.000000,2588,DY-SIN-001,DYNAMIC_SINUSOIDAL,59.258706,25.000000,DOWN,TRANSIENT,59.770000,58.400000,24.985000,24.985000,600,0.001667
2588.000000,2589,DY-SIN-001,DYNAMIC_SINUSOIDAL,59.218632,25.000000,DOWN,TRANSIENT,59.720000,58.500000,24.977000,24.977000,600,0.001667
2589.000000,2590,DY-SIN-001,DYNAMIC_SINUSOIDAL,59.177546,25.000000,DOWN,TRANSIENT,59.750000,58.500000,25.006000,25.006000,600,0.001667
2590.000000,2591,DY-SIN-001,DYNAMIC_SINUSOIDAL,59.135455,25.000000,DOWN,TRANSIENT,59.760000,58.700000,24.971000,24.971000,600,0.001667
2591.000000,2592,DY-SIN-001,DYNAMIC_SINUSOIDAL,59.092361,25.000000,DOWN,TRANSIENT,59.800000,58.400000,25.010000,25.010000,600,0.001667
2592.000000,2593,DY-SIN-001,DYNAMIC_SINUSOIDAL,59.048271,25.000000,DOWN,TRANSIENT,59.660000,58.700000,24.998000,24.998000,600,0.001667
2593.000000,2594,DY-SIN-001,DYNAMIC_SINUSOIDAL,59.003188,25.000000,DOWN,TRANSIENT,59.700000,59.000000,25.043000,25.043000,600,0.001667
2594.000000,2595,DY-SIN-001,DYNAMIC_SINUSOIDAL,58.957118,25.000000,DOWN,TRANSIENT,59.800000,58.500000,25.032000,25.032000,600,0.001667
2595.000000,2596,DY-SIN-001,DYNAMIC_SINUSOIDAL,58.910065,25.000000,DOWN,TRANSIENT,59.760000,58.900000,24.968000,24.968000,600,0.001667
2596.000000,2597,DY-SIN-001,DYNAMIC_SINUSOIDAL,58.862036,25.000000,DOWN,TRANSIENT,59.720000,58.800000,25.024000,25.024000,600,0.001667
2597.000000,2598,DY-SIN-001,DYNAMIC_SINUSOIDAL,58.813035,25.000000,DOWN,TRANSIENT,59.730000,58.800000,25.064000,25.064000,600,0.001667
2598.000000,2599,DY-SIN-001,DYNAMIC_SINUSOIDAL,58.763067,25.000000,DOWN,TRANSIENT,59.760000,57.900000,25.041000,25.041000,600,0.001667
2599.000000,2600,DY-SIN-001,DYNAMIC_SINUSOIDAL,58.712138,25.000000,DOWN,TRANSIENT,59.660000,58.600000,25.031000,25.031000,600,0.001667
2600.000000,2601,DY-SIN-001,DYNAMIC_SINUSOIDAL,58.660254,25.000000,DOWN,TRANSIENT,59.670000,58.400000,25.051000,25.051000,600,0.001667
2601.000000,2602,DY-SIN-001,DYNAMIC_SINUSOIDAL,58.607420,25.000000,DOWN,TRANSIENT,59.670000,58.800000,25.076000,25.076000,600,0.001667
2602.000000,2603,DY-SIN-001,DYNAMIC_SINUSOIDAL,58.553643,25.000000,DOWN,TRANSIENT,59.680000,58.900000,24.986000,24.986000,600,0.001667
2603.000000,2604,DY-SIN-001,DYNAMIC_SINUSOIDAL,58.498927,25.000000,DOWN,TRANSIENT,59.630000,58.600000,24.992000,24.992000,600,0.001667
2604.000000,2605,DY-SIN-001,DYNAMIC_SINUSOIDAL,58.443279,25.000000,DOWN,TRANSIENT,59.550000,59.300000,25.014000,25.014000,600,0.001667
2605.000000,2606,DY-SIN-001,DYNAMIC_SINUSOIDAL,58.386706,25.000000,DOWN,TRANSIENT,59.580000,58.300000,24.948000,24.948000,600,0.001667
2606.000000,2607,DY-SIN-001,DYNAMIC_SINUSOIDAL,58.329212,25.000000,DOWN,TRANSIENT,59.590000,58.600000,24.919000,24.919000,600,0.001667
2607.000000,2608,DY-SIN-001,DYNAMIC_SINUSOIDAL,58.270806,25.000000,DOWN,TRANSIENT,59.550000,58.600000,24.995000,24.995000,600,0.001667
2608.000000,2609,DY-SIN-001,DYNAMIC_SINUSOIDAL,58.211492,25.000000,DOWN,TRANSIENT,59.520000,58.900000,25.037000,25.037000,600,0.001667
2609.000000,2610,DY-SIN-001,DYNAMIC_SINUSOIDAL,58.151278,25.000000,DOWN,TRANSIENT,59.450000,58.700000,25.008000,25.008000,600,0.001667
2610.000000,2611,DY-SIN-001,DYNAMIC_SINUSOIDAL,58.090170,25.000000,DOWN,TRANSIENT,59.450000,58.500000,24.992000,24.992000,600,0.001667
2611.000000,2612,DY-SIN-001,DYNAMIC_SINUSOIDAL,58.028175,25.000000,DOWN,TRANSIENT,59.500000,58.800000,25.033000,25.033000,600,0.001667
2612.000000,2613,DY-SIN-001,DYNAMIC_SINUSOIDAL,57.965299,25.000000,DOWN,TRANSIENT,59.350000,58.800000,25.037000,25.037000,600,0.001667
2613.000000,2614,DY-SIN-001,DYNAMIC_SINUSOIDAL,57.901550,25.000000,DOWN,TRANSIENT,59.390000,58.200000,25.079000,25.079000,600,0.001667
2614.000000,2615,DY-SIN-001,DYNAMIC_SINUSOIDAL,57.836935,25.000000,DOWN,TRANSIENT,59.370000,58.600000,25.011000,25.011000,600,0.001667
2615.000000,2616,DY-SIN-001,DYNAMIC_SINUSOIDAL,57.771460,25.000000,DOWN,TRANSIENT,59.330000,58.400000,25.020000,25.020000,600,0.001667
2616.000000,2617,DY-SIN-001,DYNAMIC_SINUSOIDAL,57.705132,25.000000,DOWN,TRANSIENT,59.370000,58.600000,25.021000,25.021000,600,0.001667
2617.000000,2618,DY-SIN-001,DYNAMIC_SINUSOIDAL,57.637960,25.000000,DOWN,TRANSIENT,59.330000,58.800000,25.030000,25.030000,600,0.001667
2618.000000,2619,DY-SIN-001,DYNAMIC_SINUSOIDAL,57.569951,25.000000,DOWN,TRANSIENT,59.270000,58.800000,25.030000,25.030000,600,0.001667
2619.000000,2620,DY-SIN-001,DYNAMIC_SINUSOIDAL,57.501111,25.000000,DOWN,TRANSIENT,59.270000,58.800000,24.972000,24.972000,600,0.001667
2620.000000,2621,DY-SIN-001,DYNAMIC_SINUSOIDAL,57.431448,25.000000,DOWN,TRANSIENT,59.200000,58.700000,25.029000,25.029000,600,0.001667
2621.000000,2622,DY-SIN-001,DYNAMIC_SINUSOIDAL,57.360971,25.000000,DOWN,TRANSIENT,59.180000,58.800000,25.005000,25.005000,600,0.001667
2622.000000,2623,DY-SIN-001,DYNAMIC_SINUSOIDAL,57.289686,25.000000,DOWN,TRANSIENT,59.100000,58.700000,25.053000,25.053000,600,0.001667
2623.000000,2624,DY-SIN-001,DYNAMIC_SINUSOIDAL,57.217602,25.000000,DOWN,TRANSIENT,59.060000,58.700000,24.973000,24.973000,600,0.001667
2624.000000,2625,DY-SIN-001,DYNAMIC_SINUSOIDAL,57.144727,25.000000,DOWN,TRANSIENT,59.080000,58.800000,25.089000,25.089000,600,0.001667
2625.000000,2626,DY-SIN-001,DYNAMIC_SINUSOIDAL,57.071068,25.000000,DOWN,TRANSIENT,59.080000,58.700000,24.982000,24.982000,600,0.001667
2626.000000,2627,DY-SIN-001,DYNAMIC_SINUSOIDAL,56.996633,25.000000,DOWN,TRANSIENT,58.980000,57.900000,25.026000,25.026000,600,0.001667
2627.000000,2628,DY-SIN-001,DYNAMIC_SINUSOIDAL,56.921432,25.000000,DOWN,TRANSIENT,59.010000,58.500000,25.035000,25.035000,600,0.001667
2628.000000,2629,DY-SIN-001,DYNAMIC_SINUSOIDAL,56.845471,25.000000,DOWN,TRANSIENT,58.930000,58.600000,25.009000,25.009000,600,0.001667
2629.000000,2630,DY-SIN-001,DYNAMIC_SINUSOIDAL,56.768760,25.000000,DOWN,TRANSIENT,58.910000,58.600000,25.051000,25.051000,600,0.001667
2630.000000,2631,DY-SIN-001,DYNAMIC_SINUSOIDAL,56.691306,25.000000,DOWN,TRANSIENT,58.760000,57.700000,24.997000,24.997000,600,0.001667
2631.000000,2632,DY-SIN-001,DYNAMIC_SINUSOIDAL,56.613119,25.000000,DOWN,TRANSIENT,58.810000,58.200000,24.979000,24.979000,600,0.001667
2632.000000,2633,DY-SIN-001,DYNAMIC_SINUSOIDAL,56.534206,25.000000,DOWN,TRANSIENT,58.700000,58.500000,25.007000,25.007000,600,0.001667
2633.000000,2634,DY-SIN-001,DYNAMIC_SINUSOIDAL,56.454577,25.000000,DOWN,TRANSIENT,58.690000,58.600000,25.031000,25.031000,600,0.001667
2634.000000,2635,DY-SIN-001,DYNAMIC_SINUSOIDAL,56.374240,25.000000,DOWN,TRANSIENT,58.540000,59.100000,25.069000,25.069000,600,0.001667
2635.000000,2636,DY-SIN-001,DYNAMIC_SINUSOIDAL,56.293204,25.000000,DOWN,TRANSIENT,58.460000,58.600000,24.996000,24.996000,600,0.001667
2636.000000,2637,DY-SIN-001,DYNAMIC_SINUSOIDAL,56.211478,25.000000,DOWN,TRANSIENT,58.380000,58.300000,25.030000,25.030000,600,0.001667
2637.000000,2638,DY-SIN-001,DYNAMIC_SINUSOIDAL,56.129071,25.000000,DOWN,TRANSIENT,58.330000,58.100000,25.002000,25.002000,600,0.001667
2638.000000,2639,DY-SIN-001,DYNAMIC_SINUSOIDAL,56.045991,25.000000,DOWN,TRANSIENT,58.340000,58.100000,25.076000,25.076000,600,0.001667
2639.000000,2640,DY-SIN-001,DYNAMIC_SINUSOIDAL,55.962249,25.000000,DOWN,TRANSIENT,58.380000,58.400000,25.031000,25.031000,600,0.001667
2640.000000,2641,DY-SIN-001,DYNAMIC_SINUSOIDAL,55.877853,25.000000,DOWN,TRANSIENT,58.240000,57.500000,25.006000,25.006000,600,0.001667
2641.000000,2642,DY-SIN-001,DYNAMIC_SINUSOIDAL,55.792812,25.000000,DOWN,TRANSIENT,58.180000,58.400000,25.060000,25.060000,600,0.001667
2642.000000,2643,DY-SIN-001,DYNAMIC_SINUSOIDAL,55.707136,25.000000,DOWN,TRANSIENT,58.140000,58.400000,25.073000,25.073000,600,0.001667
2643.000000,2644,DY-SIN-001,DYNAMIC_SINUSOIDAL,55.620834,25.000000,DOWN,TRANSIENT,58.120000,58.300000,25.046000,25.046000,600,0.001667
2644.000000,2645,DY-SIN-001,DYNAMIC_SINUSOIDAL,55.533915,25.000000,DOWN,TRANSIENT,58.020000,57.800000,25.061000,25.061000,600,0.001667
2645.000000,2646,DY-SIN-001,DYNAMIC_SINUSOIDAL,55.446390,25.000000,DOWN,TRANSIENT,58.020000,57.900000,24.999000,24.999000,600,0.001667
2646.000000,2647,DY-SIN-001,DYNAMIC_SINUSOIDAL,55.358268,25.000000,DOWN,TRANSIENT,57.800000,58.000000,24.994000,24.994000,600,0.001667
2647.000000,2648,DY-SIN-001,DYNAMIC_SINUSOIDAL,55.269558,25.000000,DOWN,TRANSIENT,57.810000,58.100000,25.028000,25.028000,600,0.001667
2648.000000,2649,DY-SIN-001,DYNAMIC_SINUSOIDAL,55.180270,25.000000,DOWN,TRANSIENT,57.700000,58.200000,24.997000,24.997000,600,0.001667
2649.000000,2650,DY-SIN-001,DYNAMIC_SINUSOIDAL,55.090414,25.000000,DOWN,TRANSIENT,57.690000,57.900000,25.074000,25.074000,600,0.001667
2650.000000,2651,DY-SIN-001,DYNAMIC_SINUSOIDAL,55.000000,25.000000,DOWN,TRANSIENT,57.670000,57.500000,25.025000,25.025000,600,0.001667
2651.000000,2652,DY-SIN-001,DYNAMIC_SINUSOIDAL,54.909038,25.000000,DOWN,TRANSIENT,57.640000,57.500000,25.069000,25.069000,600,0.001667
2652.000000,2653,DY-SIN-001,DYNAMIC_SINUSOIDAL,54.817537,25.000000,DOWN,TRANSIENT,57.550000,58.300000,25.012000,25.012000,600,0.001667
2653.000000,2654,DY-SIN-001,DYNAMIC_SINUSOIDAL,54.725508,25.000000,DOWN,TRANSIENT,57.480000,57.700000,25.022000,25.022000,600,0.001667
2654.000000,2655,DY-SIN-001,DYNAMIC_SINUSOIDAL,54.632960,25.000000,DOWN,TRANSIENT,57.390000,57.600000,25.040000,25.040000,600,0.001667
2655.000000,2656,DY-SIN-001,DYNAMIC_SINUSOIDAL,54.539905,25.000000,DOWN,TRANSIENT,57.390000,57.100000,24.979000,24.979000,600,0.001667
2656.000000,2657,DY-SIN-001,DYNAMIC_SINUSOIDAL,54.446352,25.000000,DOWN,TRANSIENT,57.240000,57.300000,24.988000,24.988000,600,0.001667
2657.000000,2658,DY-SIN-001,DYNAMIC_SINUSOIDAL,54.352311,25.000000,DOWN,TRANSIENT,57.220000,57.200000,25.009000,25.009000,600,0.001667
2658.000000,2659,DY-SIN-001,DYNAMIC_SINUSOIDAL,54.257793,25.000000,DOWN,TRANSIENT,57.200000,57.300000,25.016000,25.016000,600,0.001667
2659.000000,2660,DY-SIN-001,DYNAMIC_SINUSOIDAL,54.162808,25.000000,DOWN,TRANSIENT,57.120000,57.400000,25.049000,25.049000,600,0.001667
2660.000000,2661,DY-SIN-001,DYNAMIC_SINUSOIDAL,54.067366,25.000000,DOWN,TRANSIENT,57.050000,57.000000,25.040000,25.040000,600,0.001667
2661.000000,2662,DY-SIN-001,DYNAMIC_SINUSOIDAL,53.971479,25.000000,DOWN,TRANSIENT,57.080000,56.800000,25.098000,25.098000,600,0.001667
2662.000000,2663,DY-SIN-001,DYNAMIC_SINUSOIDAL,53.875156,25.000000,DOWN,TRANSIENT,56.970000,57.200000,25.027000,25.027000,600,0.001667
2663.000000,2664,DY-SIN-001,DYNAMIC_SINUSOIDAL,53.778408,25.000000,DOWN,TRANSIENT,56.800000,57.800000,25.015000,25.015000,600,0.001667
2664.000000,2665,DY-SIN-001,DYNAMIC_SINUSOIDAL,53.681246,25.000000,DOWN,TRANSIENT,56.700000,57.400000,25.071000,25.071000,600,0.001667
2665.000000,2666,DY-SIN-001,DYNAMIC_SINUSOIDAL,53.583679,25.000000,DOWN,TRANSIENT,56.620000,56.900000,25.059000,25.059000,600,0.001667
2666.000000,2667,DY-SIN-001,DYNAMIC_SINUSOIDAL,53.485720,25.000000,DOWN,TRANSIENT,56.550000,56.700000,25.036000,25.036000,600,0.001667
2667.000000,2668,DY-SIN-001,DYNAMIC_SINUSOIDAL,53.387379,25.000000,DOWN,TRANSIENT,56.510000,56.900000,24.999000,24.999000,600,0.001667
2668.000000,2669,DY-SIN-001,DYNAMIC_SINUSOIDAL,53.288666,25.000000,DOWN,TRANSIENT,56.490000,57.500000,25.073000,25.073000,600,0.001667
2669.000000,2670,DY-SIN-001,DYNAMIC_SINUSOIDAL,53.189593,25.000000,DOWN,TRANSIENT,56.320000,56.700000,25.055000,25.055000,600,0.001667
2670.000000,2671,DY-SIN-001,DYNAMIC_SINUSOIDAL,53.090170,25.000000,DOWN,TRANSIENT,56.260000,56.700000,25.045000,25.045000,600,0.001667
2671.000000,2672,DY-SIN-001,DYNAMIC_SINUSOIDAL,52.990408,25.000000,DOWN,TRANSIENT,56.190000,56.800000,25.068000,25.068000,600,0.001667
2672.000000,2673,DY-SIN-001,DYNAMIC_SINUSOIDAL,52.890318,25.000000,DOWN,TRANSIENT,56.100000,56.700000,25.049000,25.049000,600,0.001667
2673.000000,2674,DY-SIN-001,DYNAMIC_SINUSOIDAL,52.789911,25.000000,DOWN,TRANSIENT,55.920000,56.800000,24.985000,24.985000,600,0.001667
2674.000000,2675,DY-SIN-001,DYNAMIC_SINUSOIDAL,52.689198,25.000000,DOWN,TRANSIENT,55.970000,56.100000,25.044000,25.044000,600,0.001667
2675.000000,2676,DY-SIN-001,DYNAMIC_SINUSOIDAL,52.588190,25.000000,DOWN,TRANSIENT,55.840000,57.200000,25.059000,25.059000,600,0.001667
2676.000000,2677,DY-SIN-001,DYNAMIC_SINUSOIDAL,52.486899,25.000000,DOWN,TRANSIENT,55.810000,56.000000,25.045000,25.045000,600,0.001667
2677.000000,2678,DY-SIN-001,DYNAMIC_SINUSOIDAL,52.385335,25.000000,DOWN,TRANSIENT,55.710000,56.100000,25.033000,25.033000,600,0.001667
2678.000000,2679,DY-SIN-001,DYNAMIC_SINUSOIDAL,52.283509,25.000000,DOWN,TRANSIENT,55.600000,56.600000,25.038000,25.038000,600,0.001667
2679.000000,2680,DY-SIN-001,DYNAMIC_SINUSOIDAL,52.181432,25.000000,DOWN,TRANSIENT,55.560000,56.700000,25.019000,25.019000,600,0.001667
2680.000000,2681,DY-SIN-001,DYNAMIC_SINUSOIDAL,52.079117,25.000000,DOWN,TRANSIENT,55.450000,56.100000,25.014000,25.014000,600,0.001667
2681.000000,2682,DY-SIN-001,DYNAMIC_SINUSOIDAL,51.976573,25.000000,DOWN,TRANSIENT,55.390000,56.100000,24.993000,24.993000,600,0.001667
2682.000000,2683,DY-SIN-001,DYNAMIC_SINUSOIDAL,51.873813,25.000000,DOWN,TRANSIENT,55.270000,56.200000,25.032000,25.032000,600,0.001667
2683.000000,2684,DY-SIN-001,DYNAMIC_SINUSOIDAL,51.770847,25.000000,DOWN,TRANSIENT,55.180000,56.100000,25.014000,25.014000,600,0.001667
2684.000000,2685,DY-SIN-001,DYNAMIC_SINUSOIDAL,51.667687,25.000000,DOWN,TRANSIENT,55.090000,55.600000,25.036000,25.036000,600,0.001667
2685.000000,2686,DY-SIN-001,DYNAMIC_SINUSOIDAL,51.564345,25.000000,DOWN,TRANSIENT,55.020000,55.400000,25.023000,25.023000,600,0.001667
2686.000000,2687,DY-SIN-001,DYNAMIC_SINUSOIDAL,51.460830,25.000000,DOWN,TRANSIENT,55.010000,55.700000,25.004000,25.004000,600,0.001667
2687.000000,2688,DY-SIN-001,DYNAMIC_SINUSOIDAL,51.357156,25.000000,DOWN,TRANSIENT,54.830000,55.500000,25.007000,25.007000,600,0.001667
2688.000000,2689,DY-SIN-001,DYNAMIC_SINUSOIDAL,51.253332,25.000000,DOWN,TRANSIENT,54.740000,55.500000,25.018000,25.018000,600,0.001667
2689.000000,2690,DY-SIN-001,DYNAMIC_SINUSOIDAL,51.149372,25.000000,DOWN,TRANSIENT,54.690000,55.400000,24.947000,24.947000,600,0.001667
2690.000000,2691,DY-SIN-001,DYNAMIC_SINUSOIDAL,51.045285,25.000000,DOWN,TRANSIENT,54.570000,55.300000,25.014000,25.014000,600,0.001667
2691.000000,2692,DY-SIN-001,DYNAMIC_SINUSOIDAL,50.941083,25.000000,DOWN,TRANSIENT,54.640000,55.300000,25.058000,25.058000,600,0.001667
2692.000000,2693,DY-SIN-001,DYNAMIC_SINUSOIDAL,50.836778,25.000000,DOWN,TRANSIENT,54.440000,55.200000,24.981000,24.981000,600,0.001667
2693.000000,2694,DY-SIN-001,DYNAMIC_SINUSOIDAL,50.732382,25.000000,DOWN,TRANSIENT,54.390000,55.500000,25.021000,25.021000,600,0.001667
2694.000000,2695,DY-SIN-001,DYNAMIC_SINUSOIDAL,50.627905,25.000000,DOWN,TRANSIENT,54.330000,55.500000,24.951000,24.951000,600,0.001667
2695.000000,2696,DY-SIN-001,DYNAMIC_SINUSOIDAL,50.523360,25.000000,DOWN,TRANSIENT,54.210000,55.200000,25.036000,25.036000,600,0.001667
2696.000000,2697,DY-SIN-001,DYNAMIC_SINUSOIDAL,50.418757,25.000000,DOWN,TRANSIENT,54.160000,55.100000,24.989000,24.989000,600,0.001667
2697.000000,2698,DY-SIN-001,DYNAMIC_SINUSOIDAL,50.314108,25.000000,DOWN,TRANSIENT,54.000000,55.600000,24.958000,24.958000,600,0.001667
2698.000000,2699,DY-SIN-001,DYNAMIC_SINUSOIDAL,50.209424,25.000000,DOWN,TRANSIENT,53.940000,54.500000,25.011000,25.011000,600,0.001667
2699.000000,2700,DY-SIN-001,DYNAMIC_SINUSOIDAL,50.104718,25.000000,DOWN,TRANSIENT,53.790000,54.900000,25.001000,25.001000,600,0.001667
2700.000000,2701,DY-SIN-001,DYNAMIC_SINUSOIDAL,50.000000,25.000000,DOWN,TRANSIENT,53.720000,54.800000,24.988000,24.988000,600,0.001667
2701.000000,2702,DY-SIN-001,DYNAMIC_SINUSOIDAL,49.895282,25.000000,DOWN,TRANSIENT,53.620000,54.300000,24.993000,24.993000,600,0.001667
2702.000000,2703,DY-SIN-001,DYNAMIC_SINUSOIDAL,49.790576,25.000000,DOWN,TRANSIENT,53.570000,54.100000,25.021000,25.021000,600,0.001667
2703.000000,2704,DY-SIN-001,DYNAMIC_SINUSOIDAL,49.685892,25.000000,DOWN,TRANSIENT,53.480000,54.100000,24.991000,24.991000,600,0.001667
2704.000000,2705,DY-SIN-001,DYNAMIC_SINUSOIDAL,49.581243,25.000000,DOWN,TRANSIENT,53.360000,54.200000,25.083000,25.083000,600,0.001667
2705.000000,2706,DY-SIN-001,DYNAMIC_SINUSOIDAL,49.476640,25.000000,DOWN,TRANSIENT,53.260000,54.800000,25.017000,25.017000,600,0.001667
2706.000000,2707,DY-SIN-001,DYNAMIC_SINUSOIDAL,49.372095,25.000000,DOWN,TRANSIENT,53.260000,54.100000,25.003000,25.003000,600,0.001667
2707.000000,2708,DY-SIN-001,DYNAMIC_SINUSOIDAL,49.267618,25.000000,DOWN,TRANSIENT,53.140000,54.200000,25.019000,25.019000,600,0.001667
2708.000000,2709,DY-SIN-001,DYNAMIC_SINUSOIDAL,49.163222,25.000000,DOWN,TRANSIENT,53.060000,54.300000,25.057000,25.057000,600,0.001667
2709.000000,2710,DY-SIN-001,DYNAMIC_SINUSOIDAL,49.058917,25.000000,DOWN,TRANSIENT,52.960000,54.100000,25.042000,25.042000,600,0.001667
2710.000000,2711,DY-SIN-001,DYNAMIC_SINUSOIDAL,48.954715,25.000000,DOWN,TRANSIENT,52.790000,53.900000,25.012000,25.012000,600,0.001667
2711.000000,2712,DY-SIN-001,DYNAMIC_SINUSOIDAL,48.850628,25.000000,DOWN,TRANSIENT,52.680000,53.800000,25.018000,25.018000,600,0.001667
2712.000000,2713,DY-SIN-001,DYNAMIC_SINUSOIDAL,48.746668,25.000000,DOWN,TRANSIENT,52.600000,53.400000,24.940000,24.940000,600,0.001667
2713.000000,2714,DY-SIN-001,DYNAMIC_SINUSOIDAL,48.642844,25.000000,DOWN,TRANSIENT,52.540000,53.600000,24.981000,24.981000,600,0.001667
2714.000000,2715,DY-SIN-001,DYNAMIC_SINUSOIDAL,48.539170,25.000000,DOWN,TRANSIENT,52.420000,53.700000,25.035000,25.035000,600,0.001667
2715.000000,2716,DY-SIN-001,DYNAMIC_SINUSOIDAL,48.435655,25.000000,DOWN,TRANSIENT,52.300000,53.800000,25.037000,25.037000,600,0.001667
2716.000000,2717,DY-SIN-001,DYNAMIC_SINUSOIDAL,48.332313,25.000000,DOWN,TRANSIENT,52.200000,52.800000,25.015000,25.015000,600,0.001667
2717.000000,2718,DY-SIN-001,DYNAMIC_SINUSOIDAL,48.229153,25.000000,DOWN,TRANSIENT,52.180000,53.200000,25.080000,25.080000,600,0.001667
2718.000000,2719,DY-SIN-001,DYNAMIC_SINUSOIDAL,48.126187,25.000000,DOWN,TRANSIENT,52.010000,53.000000,25.036000,25.036000,600,0.001667
2719.000000,2720,DY-SIN-001,DYNAMIC_SINUSOIDAL,48.023427,25.000000,DOWN,TRANSIENT,51.960000,53.000000,24.979000,24.979000,600,0.001667
2720.000000,2721,DY-SIN-001,DYNAMIC_SINUSOIDAL,47.920883,25.000000,DOWN,TRANSIENT,51.870000,52.600000,25.045000,25.045000,600,0.001667
2721.000000,2722,DY-SIN-001,DYNAMIC_SINUSOIDAL,47.818568,25.000000,DOWN,TRANSIENT,51.770000,53.000000,25.054000,25.054000,600,0.001667
2722.000000,2723,DY-SIN-001,DYNAMIC_SINUSOIDAL,47.716491,25.000000,DOWN,TRANSIENT,51.660000,52.700000,25.022000,25.022000,600,0.001667
2723.000000,2724,DY-SIN-001,DYNAMIC_SINUSOIDAL,47.614665,25.000000,DOWN,TRANSIENT,51.540000,52.500000,25.004000,25.004000,600,0.001667
2724.000000,2725,DY-SIN-001,DYNAMIC_SINUSOIDAL,47.513101,25.000000,DOWN,TRANSIENT,51.480000,52.700000,25.033000,25.033000,600,0.001667
2725.000000,2726,DY-SIN-001,DYNAMIC_SINUSOIDAL,47.411810,25.000000,DOWN,TRANSIENT,51.310000,52.100000,25.010000,25.010000,600,0.001667
2726.000000,2727,DY-SIN-001,DYNAMIC_SINUSOIDAL,47.310802,25.000000,DOWN,TRANSIENT,51.240000,52.600000,25.011000,25.011000,600,0.001667
2727.000000,2728,DY-SIN-001,DYNAMIC_SINUSOIDAL,47.210089,25.000000,DOWN,TRANSIENT,51.080000,52.100000,25.043000,25.043000,600,0.001667
2728.000000,2729,DY-SIN-001,DYNAMIC_SINUSOIDAL,47.109682,25.000000,DOWN,TRANSIENT,50.970000,52.200000,24.977000,24.977000,600,0.001667
2729.000000,2730,DY-SIN-001,DYNAMIC_SINUSOIDAL,47.009592,25.000000,DOWN,TRANSIENT,50.950000,51.900000,24.998000,24.998000,600,0.001667
2730.000000,2731,DY-SIN-001,DYNAMIC_SINUSOIDAL,46.909830,25.000000,DOWN,TRANSIENT,50.850000,52.100000,25.010000,25.010000,600,0.001667
2731.000000,2732,DY-SIN-001,DYNAMIC_SINUSOIDAL,46.810407,25.000000,DOWN,TRANSIENT,50.770000,52.000000,25.042000,25.042000,600,0.001667
2732.000000,2733,DY-SIN-001,DYNAMIC_SINUSOIDAL,46.711334,25.000000,DOWN,TRANSIENT,50.600000,52.500000,24.982000,24.982000,600,0.001667
2733.000000,2734,DY-SIN-001,DYNAMIC_SINUSOIDAL,46.612621,25.000000,DOWN,TRANSIENT,50.540000,51.300000,25.008000,25.008000,600,0.001667
2734.000000,2735,DY-SIN-001,DYNAMIC_SINUSOIDAL,46.514280,25.000000,DOWN,TRANSIENT,50.450000,51.200000,25.023000,25.023000,600,0.001667
2735.000000,2736,DY-SIN-001,DYNAMIC_SINUSOIDAL,46.416321,25.000000,DOWN,TRANSIENT,50.370000,51.800000,24.985000,24.985000,600,0.001667
2736.000000,2737,DY-SIN-001,DYNAMIC_SINUSOIDAL,46.318754,25.000000,DOWN,TRANSIENT,50.240000,51.600000,25.036000,25.036000,600,0.001667
2737.000000,2738,DY-SIN-001,DYNAMIC_SINUSOIDAL,46.221592,25.000000,DOWN,TRANSIENT,50.120000,51.600000,24.937000,24.937000,600,0.001667
2738.000000,2739,DY-SIN-001,DYNAMIC_SINUSOIDAL,46.124844,25.000000,DOWN,TRANSIENT,50.000000,51.800000,25.030000,25.030000,600,0.001667
2739.000000,2740,DY-SIN-001,DYNAMIC_SINUSOIDAL,46.028521,25.000000,DOWN,TRANSIENT,49.960000,50.700000,25.038000,25.038000,600,0.001667
2740.000000,2741,DY-SIN-001,DYNAMIC_SINUSOIDAL,45.932634,25.000000,DOWN,TRANSIENT,49.850000,50.900000,24.999000,24.999000,600,0.001667
2741.000000,2742,DY-SIN-001,DYNAMIC_SINUSOIDAL,45.837192,25.000000,DOWN,TRANSIENT,49.710000,50.900000,25.004000,25.004000,600,0.001667
2742.000000,2743,DY-SIN-001,DYNAMIC_SINUSOIDAL,45.742207,25.000000,DOWN,TRANSIENT,49.680000,50.900000,25.051000,25.051000,600,0.001667
2743.000000,2744,DY-SIN-001,DYNAMIC_SINUSOIDAL,45.647689,25.000000,DOWN,TRANSIENT,49.550000,50.900000,25.038000,25.038000,600,0.001667
2744.000000,2745,DY-SIN-001,DYNAMIC_SINUSOIDAL,45.553648,25.000000,DOWN,TRANSIENT,49.420000,50.400000,25.041000,25.041000,600,0.001667
2745.000000,2746,DY-SIN-001,DYNAMIC_SINUSOIDAL,45.460095,25.000000,DOWN,TRANSIENT,49.340000,50.200000,25.000000,25.000000,600,0.001667
2746.000000,2747,DY-SIN-001,DYNAMIC_SINUSOIDAL,45.367040,25.000000,DOWN,TRANSIENT,49.210000,50.500000,25.028000,25.028000,600,0.001667
2747.000000,2748,DY-SIN-001,DYNAMIC_SINUSOIDAL,45.274492,25.000000,DOWN,TRANSIENT,49.100000,50.600000,24.991000,24.991000,600,0.001667
2748.000000,2749,DY-SIN-001,DYNAMIC_SINUSOIDAL,45.182463,25.000000,DOWN,TRANSIENT,49.050000,50.300000,25.005000,25.005000,600,0.001667
2749.000000,2750,DY-SIN-001,DYNAMIC_SINUSOIDAL,45.090962,25.000000,DOWN,TRANSIENT,48.930000,50.400000,25.031000,25.031000,600,0.001667
2750.000000,2751,DY-SIN-001,DYNAMIC_SINUSOIDAL,45.000000,25.000000,DOWN,TRANSIENT,48.860000,50.200000,25.020000,25.020000,600,0.001667
2751.000000,2752,DY-SIN-001,DYNAMIC_SINUSOIDAL,44.909586,25.000000,DOWN,TRANSIENT,48.760000,50.300000,24.988000,24.988000,600,0.001667
2752.000000,2753,DY-SIN-001,DYNAMIC_SINUSOIDAL,44.819730,25.000000,DOWN,TRANSIENT,48.590000,49.400000,25.006000,25.006000,600,0.001667
2753.000000,2754,DY-SIN-001,DYNAMIC_SINUSOIDAL,44.730442,25.000000,DOWN,TRANSIENT,48.510000,49.500000,25.031000,25.031000,600,0.001667
2754.000000,2755,DY-SIN-001,DYNAMIC_SINUSOIDAL,44.641732,25.000000,DOWN,TRANSIENT,48.450000,50.000000,24.999000,24.999000,600,0.001667
2755.000000,2756,DY-SIN-001,DYNAMIC_SINUSOIDAL,44.553610,25.000000,DOWN,TRANSIENT,48.440000,49.200000,25.036000,25.036000,600,0.001667
2756.000000,2757,DY-SIN-001,DYNAMIC_SINUSOIDAL,44.466085,25.000000,DOWN,TRANSIENT,48.220000,49.700000,25.048000,25.048000,600,0.001667
2757.000000,2758,DY-SIN-001,DYNAMIC_SINUSOIDAL,44.379166,25.000000,DOWN,TRANSIENT,48.130000,49.500000,24.997000,24.997000,600,0.001667
2758.000000,2759,DY-SIN-001,DYNAMIC_SINUSOIDAL,44.292864,25.000000,DOWN,TRANSIENT,47.990000,49.200000,24.981000,24.981000,600,0.001667
2759.000000,2760,DY-SIN-001,DYNAMIC_SINUSOIDAL,44.207188,25.000000,DOWN,TRANSIENT,47.980000,49.400000,24.948000,24.948000,600,0.001667
2760.000000,2761,DY-SIN-001,DYNAMIC_SINUSOIDAL,44.122147,25.000000,DOWN,TRANSIENT,47.910000,49.200000,25.090000,25.090000,600,0.001667
2761.000000,2762,DY-SIN-001,DYNAMIC_SINUSOIDAL,44.037751,25.000000,DOWN,TRANSIENT,47.710000,49.000000,25.052000,25.052000,600,0.001667
2762.000000,2763,DY-SIN-001,DYNAMIC_SINUSOIDAL,43.954009,25.000000,DOWN,TRANSIENT,47.660000,49.100000,25.031000,25.031000,600,0.001667
2763.000000,2764,DY-SIN-001,DYNAMIC_SINUSOIDAL,43.870929,25.000000,DOWN,TRANSIENT,47.560000,48.400000,25.084000,25.084000,600,0.001667
2764.000000,2765,DY-SIN-001,DYNAMIC_SINUSOIDAL,43.788522,25.000000,DOWN,TRANSIENT,47.480000,48.600000,25.052000,25.052000,600,0.001667
2765.000000,2766,DY-SIN-001,DYNAMIC_SINUSOIDAL,43.706796,25.000000,DOWN,TRANSIENT,47.450000,49.000000,25.031000,25.031000,600,0.001667
2766.000000,2767,DY-SIN-001,DYNAMIC_SINUSOIDAL,43.625760,25.000000,DOWN,TRANSIENT,47.310000,48.400000,25.013000,25.013000,600,0.001667
2767.000000,2768,DY-SIN-001,DYNAMIC_SINUSOIDAL,43.545423,25.000000,DOWN,TRANSIENT,47.170000,48.700000,25.062000,25.062000,600,0.001667
2768.000000,2769,DY-SIN-001,DYNAMIC_SINUSOIDAL,43.465794,25.000000,DOWN,TRANSIENT,47.080000,48.800000,24.998000,24.998000,600,0.001667
2769.000000,2770,DY-SIN-001,DYNAMIC_SINUSOIDAL,43.386881,25.000000,DOWN,TRANSIENT,47.030000,48.100000,25.000000,25.000000,600,0.001667
2770.000000,2771,DY-SIN-001,DYNAMIC_SINUSOIDAL,43.308694,25.000000,DOWN,TRANSIENT,46.900000,48.000000,24.992000,24.992000,600,0.001667
2771.000000,2772,DY-SIN-001,DYNAMIC_SINUSOIDAL,43.231240,25.000000,DOWN,TRANSIENT,46.810000,48.300000,24.981000,24.981000,600,0.001667
2772.000000,2773,DY-SIN-001,DYNAMIC_SINUSOIDAL,43.154529,25.000000,DOWN,TRANSIENT,46.770000,48.500000,24.981000,24.981000,600,0.001667
2773.000000,2774,DY-SIN-001,DYNAMIC_SINUSOIDAL,43.078568,25.000000,DOWN,TRANSIENT,46.600000,48.400000,25.018000,25.018000,600,0.001667
2774.000000,2775,DY-SIN-001,DYNAMIC_SINUSOIDAL,43.003367,25.000000,DOWN,TRANSIENT,46.460000,47.800000,25.002000,25.002000,600,0.001667
2775.000000,2776,DY-SIN-001,DYNAMIC_SINUSOIDAL,42.928932,25.000000,DOWN,TRANSIENT,46.350000,47.400000,24.988000,24.988000,600,0.001667
2776.000000,2777,DY-SIN-001,DYNAMIC_SINUSOIDAL,42.855273,25.000000,DOWN,TRANSIENT,46.230000,47.700000,25.003000,25.003000,600,0.001667
2777.000000,2778,DY-SIN-001,DYNAMIC_SINUSOIDAL,42.782398,25.000000,DOWN,TRANSIENT,46.240000,47.500000,25.031000,25.031000,600,0.001667
2778.000000,2779,DY-SIN-001,DYNAMIC_SINUSOIDAL,42.710314,25.000000,DOWN,TRANSIENT,46.120000,47.400000,25.044000,25.044000,600,0.001667
2779.000000,2780,DY-SIN-001,DYNAMIC_SINUSOIDAL,42.639029,25.000000,DOWN,TRANSIENT,45.940000,47.200000,25.027000,25.027000,600,0.001667
2780.000000,2781,DY-SIN-001,DYNAMIC_SINUSOIDAL,42.568552,25.000000,DOWN,TRANSIENT,45.900000,47.100000,24.987000,24.987000,600,0.001667
2781.000000,2782,DY-SIN-001,DYNAMIC_SINUSOIDAL,42.498889,25.000000,DOWN,TRANSIENT,45.800000,47.500000,25.035000,25.035000,600,0.001667
2782.000000,2783,DY-SIN-001,DYNAMIC_SINUSOIDAL,42.430049,25.000000,DOWN,TRANSIENT,45.780000,46.700000,25.031000,25.031000,600,0.001667
2783.000000,2784,DY-SIN-001,DYNAMIC_SINUSOIDAL,42.362040,25.000000,DOWN,TRANSIENT,45.650000,47.200000,25.031000,25.031000,600,0.001667
2784.000000,2785,DY-SIN-001,DYNAMIC_SINUSOIDAL,42.294868,25.000000,DOWN,TRANSIENT,45.670000,47.100000,25.087000,25.087000,600,0.001667
2785.000000,2786,DY-SIN-001,DYNAMIC_SINUSOIDAL,42.228540,25.000000,DOWN,TRANSIENT,45.570000,46.500000,25.046000,25.046000,600,0.001667
2786.000000,2787,DY-SIN-001,DYNAMIC_SINUSOIDAL,42.163065,25.000000,DOWN,TRANSIENT,45.490000,46.300000,25.008000,25.008000,600,0.001667
2787.000000,2788,DY-SIN-001,DYNAMIC_SINUSOIDAL,42.098450,25.000000,DOWN,TRANSIENT,45.380000,46.400000,25.055000,25.055000,600,0.001667
2788.000000,2789,DY-SIN-001,DYNAMIC_SINUSOIDAL,42.034701,25.000000,DOWN,TRANSIENT,45.270000,46.500000,24.985000,24.985000,600,0.001667
2789.000000,2790,DY-SIN-001,DYNAMIC_SINUSOIDAL,41.971825,25.000000,DOWN,TRANSIENT,45.200000,46.300000,24.979000,24.979000,600,0.001667
2790.000000,2791,DY-SIN-001,DYNAMIC_SINUSOIDAL,41.909830,25.000000,DOWN,TRANSIENT,45.100000,46.300000,25.050000,25.050000,600,0.001667
2791.000000,2792,DY-SIN-001,DYNAMIC_SINUSOIDAL,41.848722,25.000000,DOWN,TRANSIENT,45.000000,46.200000,25.050000,25.050000,600,0.001667
2792.000000,2793,DY-SIN-001,DYNAMIC_SINUSOIDAL,41.788508,25.000000,DOWN,TRANSIENT,44.950000,45.700000,25.046000,25.046000,600,0.001667
2793.000000,2794,DY-SIN-001,DYNAMIC_SINUSOIDAL,41.729194,25.000000,DOWN,TRANSIENT,44.890000,45.900000,25.042000,25.042000,600,0.001667
2794.000000,2795,DY-SIN-001,DYNAMIC_SINUSOIDAL,41.670788,25.000000,DOWN,TRANSIENT,44.780000,46.000000,25.027000,25.027000,600,0.001667
2795.000000,2796,DY-SIN-001,DYNAMIC_SINUSOIDAL,41.613294,25.000000,DOWN,TRANSIENT,44.640000,45.900000,25.047000,25.047000,600,0.001667
2796.000000,2797,DY-SIN-001,DYNAMIC_SINUSOIDAL,41.556721,25.000000,DOWN,TRANSIENT,44.580000,45.500000,25.003000,25.003000,600,0.001667
2797.000000,2798,DY-SIN-001,DYNAMIC_SINUSOIDAL,41.501073,25.000000,DOWN,TRANSIENT,44.590000,45.400000,25.059000,25.059000,600,0.001667
2798.000000,2799,DY-SIN-001,DYNAMIC_SINUSOIDAL,41.446357,25.000000,DOWN,TRANSIENT,44.450000,45.600000,25.016000,25.016000,600,0.001667
2799.000000,2800,DY-SIN-001,DYNAMIC_SINUSOIDAL,41.392580,25.000000,DOWN,TRANSIENT,44.420000,44.800000,25.053000,25.053000,600,0.001667
2800.000000,2801,DY-SIN-001,DYNAMIC_SINUSOIDAL,41.339746,25.000000,DOWN,TRANSIENT,44.320000,45.100000,24.980000,24.980000,600,0.001667
2801.000000,2802,DY-SIN-001,DYNAMIC_SINUSOIDAL,41.287862,25.000000,DOWN,TRANSIENT,44.290000,45.100000,25.000000,25.000000,600,0.001667
2802.000000,2803,DY-SIN-001,DYNAMIC_SINUSOIDAL,41.236933,25.000000,DOWN,TRANSIENT,44.190000,45.500000,24.994000,24.994000,600,0.001667
2803.000000,2804,DY-SIN-001,DYNAMIC_SINUSOIDAL,41.186965,25.000000,DOWN,TRANSIENT,44.070000,45.200000,25.028000,25.028000,600,0.001667
2804.000000,2805,DY-SIN-001,DYNAMIC_SINUSOIDAL,41.137964,25.000000,DOWN,TRANSIENT,43.980000,45.200000,25.034000,25.034000,600,0.001667
2805.000000,2806,DY-SIN-001,DYNAMIC_SINUSOIDAL,41.089935,25.000000,DOWN,TRANSIENT,43.990000,44.800000,24.998000,24.998000,600,0.001667
2806.000000,2807,DY-SIN-001,DYNAMIC_SINUSOIDAL,41.042882,25.000000,DOWN,TRANSIENT,43.870000,44.900000,25.036000,25.036000,600,0.001667
2807.000000,2808,DY-SIN-001,DYNAMIC_SINUSOIDAL,40.996812,25.000000,DOWN,TRANSIENT,43.860000,45.200000,25.081000,25.081000,600,0.001667
2808.000000,2809,DY-SIN-001,DYNAMIC_SINUSOIDAL,40.951729,25.000000,DOWN,TRANSIENT,43.850000,44.600000,25.027000,25.027000,600,0.001667
2809.000000,2810,DY-SIN-001,DYNAMIC_SINUSOIDAL,40.907639,25.000000,DOWN,TRANSIENT,43.690000,44.100000,24.967000,24.967000,600,0.001667
2810.000000,2811,DY-SIN-001,DYNAMIC_SINUSOIDAL,40.864545,25.000000,DOWN,TRANSIENT,43.640000,44.300000,25.031000,25.031000,600,0.001667
2811.000000,2812,DY-SIN-001,DYNAMIC_SINUSOIDAL,40.822454,25.000000,DOWN,TRANSIENT,43.540000,44.600000,25.040000,25.040000,600,0.001667
2812.000000,2813,DY-SIN-001,DYNAMIC_SINUSOIDAL,40.781368,25.000000,DOWN,TRANSIENT,43.530000,43.700000,25.086000,25.086000,600,0.001667
2813.000000,2814,DY-SIN-001,DYNAMIC_SINUSOIDAL,40.741294,25.000000,DOWN,TRANSIENT,43.450000,44.600000,25.013000,25.013000,600,0.001667
2814.000000,2815,DY-SIN-001,DYNAMIC_SINUSOIDAL,40.702235,25.000000,DOWN,TRANSIENT,43.360000,44.300000,25.012000,25.012000,600,0.001667
2815.000000,2816,DY-SIN-001,DYNAMIC_SINUSOIDAL,40.664196,25.000000,DOWN,TRANSIENT,43.210000,44.200000,25.017000,25.017000,600,0.001667
2816.000000,2817,DY-SIN-001,DYNAMIC_SINUSOIDAL,40.627180,25.000000,DOWN,TRANSIENT,43.180000,44.000000,25.012000,25.012000,600,0.001667
2817.000000,2818,DY-SIN-001,DYNAMIC_SINUSOIDAL,40.591192,25.000000,DOWN,TRANSIENT,43.180000,43.800000,24.970000,24.970000,600,0.001667
2818.000000,2819,DY-SIN-001,DYNAMIC_SINUSOIDAL,40.556236,25.000000,DOWN,TRANSIENT,43.090000,43.700000,24.977000,24.977000,600,0.001667
2819.000000,2820,DY-SIN-001,DYNAMIC_SINUSOIDAL,40.522316,25.000000,DOWN,TRANSIENT,43.010000,43.800000,25.002000,25.002000,600,0.001667
2820.000000,2821,DY-SIN-001,DYNAMIC_SINUSOIDAL,40.489435,25.000000,DOWN,TRANSIENT,42.900000,43.800000,25.038000,25.038000,600,0.001667
2821.000000,2822,DY-SIN-001,DYNAMIC_SINUSOIDAL,40.457597,25.000000,DOWN,TRANSIENT,42.890000,44.000000,25.011000,25.011000,600,0.001667
2822.000000,2823,DY-SIN-001,DYNAMIC_SINUSOIDAL,40.426805,25.000000,DOWN,TRANSIENT,42.820000,43.400000,25.032000,25.032000,600,0.001667
2823.000000,2824,DY-SIN-001,DYNAMIC_SINUSOIDAL,40.397063,25.000000,DOWN,TRANSIENT,42.720000,43.700000,25.019000,25.019000,600,0.001667
2824.000000,2825,DY-SIN-001,DYNAMIC_SINUSOIDAL,40.368374,25.000000,DOWN,TRANSIENT,42.660000,43.800000,25.017000,25.017000,600,0.001667
2825.000000,2826,DY-SIN-001,DYNAMIC_SINUSOIDAL,40.340742,25.000000,DOWN,TRANSIENT,42.600000,43.700000,25.011000,25.011000,600,0.001667
2826.000000,2827,DY-SIN-001,DYNAMIC_SINUSOIDAL,40.314168,25.000000,DOWN,TRANSIENT,42.590000,43.300000,24.977000,24.977000,600,0.001667
2827.000000,2828,DY-SIN-001,DYNAMIC_SINUSOIDAL,40.288657,25.000000,DOWN,TRANSIENT,42.500000,43.300000,25.012000,25.012000,600,0.001667
2828.000000,2829,DY-SIN-001,DYNAMIC_SINUSOIDAL,40.264211,25.000000,DOWN,TRANSIENT,42.510000,43.300000,24.988000,24.988000,600,0.001667
2829.000000,2830,DY-SIN-001,DYNAMIC_SINUSOIDAL,40.240832,25.000000,DOWN,TRANSIENT,42.380000,43.200000,25.000000,25.000000,600,0.001667
2830.000000,2831,DY-SIN-001,DYNAMIC_SINUSOIDAL,40.218524,25.000000,DOWN,TRANSIENT,42.420000,43.500000,25.021000,25.021000,600,0.001667
2831.000000,2832,DY-SIN-001,DYNAMIC_SINUSOIDAL,40.197288,25.000000,DOWN,TRANSIENT,42.320000,43.100000,24.983000,24.983000,600,0.001667
2832.000000,2833,DY-SIN-001,DYNAMIC_SINUSOIDAL,40.177127,25.000000,DOWN,TRANSIENT,42.230000,42.500000,24.980000,24.980000,600,0.001667
2833.000000,2834,DY-SIN-001,DYNAMIC_SINUSOIDAL,40.158044,25.000000,DOWN,TRANSIENT,42.220000,42.400000,25.059000,25.059000,600,0.001667
2834.000000,2835,DY-SIN-001,DYNAMIC_SINUSOIDAL,40.140040,25.000000,DOWN,TRANSIENT,42.150000,42.500000,25.080000,25.080000,600,0.001667
2835.000000,2836,DY-SIN-001,DYNAMIC_SINUSOIDAL,40.123117,25.000000,DOWN,TRANSIENT,42.140000,42.700000,25.004000,25.004000,600,0.001667
2836.000000,2837,DY-SIN-001,DYNAMIC_SINUSOIDAL,40.107277,25.000000,DOWN,TRANSIENT,42.040000,42.600000,25.065000,25.065000,600,0.001667
2837.000000,2838,DY-SIN-001,DYNAMIC_SINUSOIDAL,40.092522,25.000000,DOWN,TRANSIENT,41.970000,42.800000,25.015000,25.015000,600,0.001667
2838.000000,2839,DY-SIN-001,DYNAMIC_SINUSOIDAL,40.078853,25.000000,DOWN,TRANSIENT,41.870000,42.100000,25.016000,25.016000,600,0.001667
2839.000000,2840,DY-SIN-001,DYNAMIC_SINUSOIDAL,40.066272,25.000000,DOWN,TRANSIENT,41.790000,42.600000,25.029000,25.029000,600,0.001667
2840.000000,2841,DY-SIN-001,DYNAMIC_SINUSOIDAL,40.054781,25.000000,DOWN,TRANSIENT,41.780000,42.400000,25.004000,25.004000,600,0.001667
2841.000000,2842,DY-SIN-001,DYNAMIC_SINUSOIDAL,40.044380,25.000000,DOWN,TRANSIENT,41.710000,42.000000,25.009000,25.009000,600,0.001667
2842.000000,2843,DY-SIN-001,DYNAMIC_SINUSOIDAL,40.035071,25.000000,DOWN,TRANSIENT,41.720000,42.400000,25.000000,25.000000,600,0.001667
2843.000000,2844,DY-SIN-001,DYNAMIC_SINUSOIDAL,40.026855,25.000000,DOWN,TRANSIENT,41.680000,41.800000,25.037000,25.037000,600,0.001667
2844.000000,2845,DY-SIN-001,DYNAMIC_SINUSOIDAL,40.019733,25.000000,DOWN,TRANSIENT,41.630000,41.900000,24.984000,24.984000,600,0.001667
2845.000000,2846,DY-SIN-001,DYNAMIC_SINUSOIDAL,40.013705,25.000000,DOWN,TRANSIENT,41.530000,41.900000,25.021000,25.021000,600,0.001667
2846.000000,2847,DY-SIN-001,DYNAMIC_SINUSOIDAL,40.008772,25.000000,DOWN,TRANSIENT,41.490000,42.100000,24.994000,24.994000,600,0.001667
2847.000000,2848,DY-SIN-001,DYNAMIC_SINUSOIDAL,40.004934,25.000000,DOWN,TRANSIENT,41.510000,42.100000,25.005000,25.005000,600,0.001667
2848.000000,2849,DY-SIN-001,DYNAMIC_SINUSOIDAL,40.002193,25.000000,DOWN,TRANSIENT,41.460000,42.000000,25.050000,25.050000,600,0.001667
2849.000000,2850,DY-SIN-001,DYNAMIC_SINUSOIDAL,40.000548,25.000000,DOWN,TRANSIENT,41.390000,41.900000,24.983000,24.983000,600,0.001667
2850.000000,2851,DY-SIN-001,DYNAMIC_SINUSOIDAL,40.000000,25.000000,DOWN,TRANSIENT,41.400000,41.700000,25.041000,25.041000,600,0.001667
2851.000000,2852,DY-SIN-001,DYNAMIC_SINUSOIDAL,40.000548,25.000000,UP,TRANSIENT,41.320000,40.800000,25.038000,25.038000,600,0.001667
2852.000000,2853,DY-SIN-001,DYNAMIC_SINUSOIDAL,40.002193,25.000000,UP,TRANSIENT,41.270000,41.000000,25.019000,25.019000,600,0.001667
2853.000000,2854,DY-SIN-001,DYNAMIC_SINUSOIDAL,40.004934,25.000000,UP,TRANSIENT,41.360000,40.600000,25.023000,25.023000,600,0.001667
2854.000000,2855,DY-SIN-001,DYNAMIC_SINUSOIDAL,40.008772,25.000000,UP,TRANSIENT,41.270000,40.900000,25.005000,25.005000,600,0.001667
2855.000000,2856,DY-SIN-001,DYNAMIC_SINUSOIDAL,40.013705,25.000000,UP,TRANSIENT,41.250000,40.500000,25.059000,25.059000,600,0.001667
2856.000000,2857,DY-SIN-001,DYNAMIC_SINUSOIDAL,40.019733,25.000000,UP,TRANSIENT,41.270000,41.200000,24.964000,24.964000,600,0.001667
2857.000000,2858,DY-SIN-001,DYNAMIC_SINUSOIDAL,40.026855,25.000000,UP,TRANSIENT,41.210000,40.700000,24.957000,24.957000,600,0.001667
2858.000000,2859,DY-SIN-001,DYNAMIC_SINUSOIDAL,40.035071,25.000000,UP,TRANSIENT,41.160000,40.200000,24.981000,24.981000,600,0.001667
2859.000000,2860,DY-SIN-001,DYNAMIC_SINUSOIDAL,40.044380,25.000000,UP,TRANSIENT,41.120000,40.500000,25.026000,25.026000,600,0.001667
2860.000000,2861,DY-SIN-001,DYNAMIC_SINUSOIDAL,40.054781,25.000000,UP,TRANSIENT,41.030000,40.200000,25.083000,25.083000,600,0.001667
2861.000000,2862,DY-SIN-001,DYNAMIC_SINUSOIDAL,40.066272,25.000000,UP,TRANSIENT,41.010000,40.500000,24.978000,24.978000,600,0.001667
2862.000000,2863,DY-SIN-001,DYNAMIC_SINUSOIDAL,40.078853,25.000000,UP,TRANSIENT,40.920000,40.900000,24.973000,24.973000,600,0.001667
2863.000000,2864,DY-SIN-001,DYNAMIC_SINUSOIDAL,40.092522,25.000000,UP,TRANSIENT,40.950000,40.800000,25.031000,25.031000,600,0.001667
2864.000000,2865,DY-SIN-001,DYNAMIC_SINUSOIDAL,40.107277,25.000000,UP,TRANSIENT,40.990000,40.400000,25.025000,25.025000,600,0.001667
2865.000000,2866,DY-SIN-001,DYNAMIC_SINUSOIDAL,40.123117,25.000000,UP,TRANSIENT,40.930000,39.800000,24.965000,24.965000,600,0.001667
2866.000000,2867,DY-SIN-001,DYNAMIC_SINUSOIDAL,40.140040,25.000000,UP,TRANSIENT,40.850000,40.200000,24.986000,24.986000,600,0.001667
2867.000000,2868,DY-SIN-001,DYNAMIC_SINUSOIDAL,40.158044,25.000000,UP,TRANSIENT,40.900000,40.600000,25.028000,25.028000,600,0.001667
2868.000000,2869,DY-SIN-001,DYNAMIC_SINUSOIDAL,40.177127,25.000000,UP,TRANSIENT,40.820000,40.100000,24.974000,24.974000,600,0.001667
2869.000000,2870,DY-SIN-001,DYNAMIC_SINUSOIDAL,40.197288,25.000000,UP,TRANSIENT,40.840000,40.000000,25.051000,25.051000,600,0.001667
2870.000000,2871,DY-SIN-001,DYNAMIC_SINUSOIDAL,40.218524,25.000000,UP,TRANSIENT,40.850000,40.200000,25.032000,25.032000,600,0.001667
2871.000000,2872,DY-SIN-001,DYNAMIC_SINUSOIDAL,40.240832,25.000000,UP,TRANSIENT,40.850000,40.200000,25.009000,25.009000,600,0.001667
2872.000000,2873,DY-SIN-001,DYNAMIC_SINUSOIDAL,40.264211,25.000000,UP,TRANSIENT,40.870000,40.200000,25.024000,25.024000,600,0.001667
2873.000000,2874,DY-SIN-001,DYNAMIC_SINUSOIDAL,40.288657,25.000000,UP,TRANSIENT,40.900000,40.200000,25.029000,25.029000,600,0.001667
2874.000000,2875,DY-SIN-001,DYNAMIC_SINUSOIDAL,40.314168,25.000000,UP,TRANSIENT,40.830000,40.000000,25.029000,25.029000,600,0.001667
2875.000000,2876,DY-SIN-001,DYNAMIC_SINUSOIDAL,40.340742,25.000000,UP,TRANSIENT,40.840000,40.100000,24.991000,24.991000,600,0.001667
2876.000000,2877,DY-SIN-001,DYNAMIC_SINUSOIDAL,40.368374,25.000000,UP,TRANSIENT,40.810000,40.100000,24.973000,24.973000,600,0.001667
2877.000000,2878,DY-SIN-001,DYNAMIC_SINUSOIDAL,40.397063,25.000000,UP,TRANSIENT,40.800000,40.500000,25.058000,25.058000,600,0.001667
2878.000000,2879,DY-SIN-001,DYNAMIC_SINUSOIDAL,40.426805,25.000000,UP,TRANSIENT,40.790000,39.900000,25.050000,25.050000,600,0.001667
2879.000000,2880,DY-SIN-001,DYNAMIC_SINUSOIDAL,40.457597,25.000000,UP,TRANSIENT,40.790000,39.700000,24.999000,24.999000,600,0.001667
2880.000000,2881,DY-SIN-001,DYNAMIC_SINUSOIDAL,40.489435,25.000000,UP,TRANSIENT,40.770000,39.600000,25.026000,25.026000,600,0.001667
2881.000000,2882,DY-SIN-001,DYNAMIC_SINUSOIDAL,40.522316,25.000000,UP,TRANSIENT,40.810000,39.400000,25.029000,25.029000,600,0.001667
2882.000000,2883,DY-SIN-001,DYNAMIC_SINUSOIDAL,40.556236,25.000000,UP,TRANSIENT,40.730000,39.500000,25.080000,25.080000,600,0.001667
2883.000000,2884,DY-SIN-001,DYNAMIC_SINUSOIDAL,40.591192,25.000000,UP,TRANSIENT,40.760000,39.500000,25.035000,25.035000,600,0.001667
2884.000000,2885,DY-SIN-001,DYNAMIC_SINUSOIDAL,40.627180,25.000000,UP,TRANSIENT,40.780000,39.400000,25.052000,25.052000,600,0.001667
2885.000000,2886,DY-SIN-001,DYNAMIC_SINUSOIDAL,40.664196,25.000000,UP,TRANSIENT,40.760000,40.000000,25.029000,25.029000,600,0.001667
2886.000000,2887,DY-SIN-001,DYNAMIC_SINUSOIDAL,40.702235,25.000000,UP,TRANSIENT,40.720000,40.000000,24.979000,24.979000,600,0.001667
2887.000000,2888,DY-SIN-001,DYNAMIC_SINUSOIDAL,40.741294,25.000000,UP,TRANSIENT,40.710000,40.100000,25.034000,25.034000,600,0.001667
2888.000000,2889,DY-SIN-001,DYNAMIC_SINUSOIDAL,40.781368,25.000000,UP,TRANSIENT,40.700000,39.400000,25.030000,25.030000,600,0.001667
2889.000000,2890,DY-SIN-001,DYNAMIC_SINUSOIDAL,40.822454,25.000000,UP,TRANSIENT,40.720000,39.500000,24.977000,24.977000,600,0.001667
2890.000000,2891,DY-SIN-001,DYNAMIC_SINUSOIDAL,40.864545,25.000000,UP,TRANSIENT,40.730000,39.600000,24.983000,24.983000,600,0.001667
2891.000000,2892,DY-SIN-001,DYNAMIC_SINUSOIDAL,40.907639,25.000000,UP,TRANSIENT,40.770000,39.200000,25.047000,25.047000,600,0.001667
2892.000000,2893,DY-SIN-001,DYNAMIC_SINUSOIDAL,40.951729,25.000000,UP,TRANSIENT,40.790000,39.600000,25.003000,25.003000,600,0.001667
2893.000000,2894,DY-SIN-001,DYNAMIC_SINUSOIDAL,40.996812,25.000000,UP,TRANSIENT,40.810000,39.900000,24.996000,24.996000,600,0.001667
2894.000000,2895,DY-SIN-001,DYNAMIC_SINUSOIDAL,41.042882,25.000000,UP,TRANSIENT,40.850000,39.200000,25.046000,25.046000,600,0.001667
2895.000000,2896,DY-SIN-001,DYNAMIC_SINUSOIDAL,41.089935,25.000000,UP,TRANSIENT,40.830000,39.100000,25.049000,25.049000,600,0.001667
2896.000000,2897,DY-SIN-001,DYNAMIC_SINUSOIDAL,41.137964,25.000000,UP,TRANSIENT,40.860000,39.900000,24.984000,24.984000,600,0.001667
2897.000000,2898,DY-SIN-001,DYNAMIC_SINUSOIDAL,41.186965,25.000000,UP,TRANSIENT,40.780000,39.400000,24.985000,24.985000,600,0.001667
2898.000000,2899,DY-SIN-001,DYNAMIC_SINUSOIDAL,41.236933,25.000000,UP,TRANSIENT,40.810000,39.600000,25.046000,25.046000,600,0.001667
2899.000000,2900,DY-SIN-001,DYNAMIC_SINUSOIDAL,41.287862,25.000000,UP,TRANSIENT,40.760000,39.400000,25.021000,25.021000,600,0.001667
2900.000000,2901,DY-SIN-001,DYNAMIC_SINUSOIDAL,41.339746,25.000000,UP,TRANSIENT,40.840000,39.400000,25.002000,25.002000,600,0.001667
2901.000000,2902,DY-SIN-001,DYNAMIC_SINUSOIDAL,41.392580,25.000000,UP,TRANSIENT,40.930000,39.500000,24.977000,24.977000,600,0.001667
2902.000000,2903,DY-SIN-001,DYNAMIC_SINUSOIDAL,41.446357,25.000000,UP,TRANSIENT,40.950000,39.500000,25.063000,25.063000,600,0.001667
2903.000000,2904,DY-SIN-001,DYNAMIC_SINUSOIDAL,41.501073,25.000000,UP,TRANSIENT,41.010000,39.700000,25.022000,25.022000,600,0.001667
2904.000000,2905,DY-SIN-001,DYNAMIC_SINUSOIDAL,41.556721,25.000000,UP,TRANSIENT,41.000000,39.400000,25.051000,25.051000,600,0.001667
2905.000000,2906,DY-SIN-001,DYNAMIC_SINUSOIDAL,41.613294,25.000000,UP,TRANSIENT,40.960000,39.200000,24.989000,24.989000,600,0.001667
2906.000000,2907,DY-SIN-001,DYNAMIC_SINUSOIDAL,41.670788,25.000000,UP,TRANSIENT,41.000000,39.300000,25.077000,25.077000,600,0.001667
2907.000000,2908,DY-SIN-001,DYNAMIC_SINUSOIDAL,41.729194,25.000000,UP,TRANSIENT,41.000000,39.800000,25.005000,25.005000,600,0.001667
2908.000000,2909,DY-SIN-001,DYNAMIC_SINUSOIDAL,41.788508,25.000000,UP,TRANSIENT,41.030000,39.100000,25.023000,25.023000,600,0.001667
2909.000000,2910,DY-SIN-001,DYNAMIC_SINUSOIDAL,41.848722,25.000000,UP,TRANSIENT,41.050000,39.500000,24.915000,24.915000,600,0.001667
2910.000000,2911,DY-SIN-001,DYNAMIC_SINUSOIDAL,41.909830,25.000000,UP,TRANSIENT,41.030000,39.600000,24.994000,24.994000,600,0.001667
2911.000000,2912,DY-SIN-001,DYNAMIC_SINUSOIDAL,41.971825,25.000000,UP,TRANSIENT,41.080000,39.300000,25.008000,25.008000,600,0.001667
2912.000000,2913,DY-SIN-001,DYNAMIC_SINUSOIDAL,42.034701,25.000000,UP,TRANSIENT,41.140000,40.000000,24.962000,24.962000,600,0.001667
2913.000000,2914,DY-SIN-001,DYNAMIC_SINUSOIDAL,42.098450,25.000000,UP,TRANSIENT,41.210000,39.500000,25.068000,25.068000,600,0.001667
2914.000000,2915,DY-SIN-001,DYNAMIC_SINUSOIDAL,42.163065,25.000000,UP,TRANSIENT,41.180000,39.700000,25.065000,25.065000,600,0.001667
2915.000000,2916,DY-SIN-001,DYNAMIC_SINUSOIDAL,42.228540,25.000000,UP,TRANSIENT,41.270000,39.800000,24.977000,24.977000,600,0.001667
2916.000000,2917,DY-SIN-001,DYNAMIC_SINUSOIDAL,42.294868,25.000000,UP,TRANSIENT,41.260000,39.400000,25.025000,25.025000,600,0.001667
2917.000000,2918,DY-SIN-001,DYNAMIC_SINUSOIDAL,42.362040,25.000000,UP,TRANSIENT,41.270000,39.900000,25.033000,25.033000,600,0.001667
2918.000000,2919,DY-SIN-001,DYNAMIC_SINUSOIDAL,42.430049,25.000000,UP,TRANSIENT,41.300000,39.500000,24.994000,24.994000,600,0.001667
2919.000000,2920,DY-SIN-001,DYNAMIC_SINUSOIDAL,42.498889,25.000000,UP,TRANSIENT,41.270000,39.500000,25.079000,25.079000,600,0.001667
2920.000000,2921,DY-SIN-001,DYNAMIC_SINUSOIDAL,42.568552,25.000000,UP,TRANSIENT,41.260000,39.600000,24.968000,24.968000,600,0.001667
2921.000000,2922,DY-SIN-001,DYNAMIC_SINUSOIDAL,42.639029,25.000000,UP,TRANSIENT,41.290000,39.200000,25.033000,25.033000,600,0.001667
2922.000000,2923,DY-SIN-001,DYNAMIC_SINUSOIDAL,42.710314,25.000000,UP,TRANSIENT,41.330000,39.800000,25.018000,25.018000,600,0.001667
2923.000000,2924,DY-SIN-001,DYNAMIC_SINUSOIDAL,42.782398,25.000000,UP,TRANSIENT,41.400000,40.000000,25.039000,25.039000,600,0.001667
2924.000000,2925,DY-SIN-001,DYNAMIC_SINUSOIDAL,42.855273,25.000000,UP,TRANSIENT,41.420000,39.500000,25.021000,25.021000,600,0.001667
2925.000000,2926,DY-SIN-001,DYNAMIC_SINUSOIDAL,42.928932,25.000000,UP,TRANSIENT,41.450000,39.200000,25.083000,25.083000,600,0.001667
2926.000000,2927,DY-SIN-001,DYNAMIC_SINUSOIDAL,43.003367,25.000000,UP,TRANSIENT,41.540000,39.700000,25.000000,25.000000,600,0.001667
2927.000000,2928,DY-SIN-001,DYNAMIC_SINUSOIDAL,43.078568,25.000000,UP,TRANSIENT,41.550000,39.800000,24.986000,24.986000,600,0.001667
2928.000000,2929,DY-SIN-001,DYNAMIC_SINUSOIDAL,43.154529,25.000000,UP,TRANSIENT,41.560000,39.400000,25.073000,25.073000,600,0.001667
2929.000000,2930,DY-SIN-001,DYNAMIC_SINUSOIDAL,43.231240,25.000000,UP,TRANSIENT,41.650000,39.700000,25.002000,25.002000,600,0.001667
2930.000000,2931,DY-SIN-001,DYNAMIC_SINUSOIDAL,43.308694,25.000000,UP,TRANSIENT,41.600000,39.700000,24.979000,24.979000,600,0.001667
2931.000000,2932,DY-SIN-001,DYNAMIC_SINUSOIDAL,43.386881,25.000000,UP,TRANSIENT,41.650000,40.000000,25.033000,25.033000,600,0.001667
2932.000000,2933,DY-SIN-001,DYNAMIC_SINUSOIDAL,43.465794,25.000000,UP,TRANSIENT,41.730000,39.500000,24.973000,24.973000,600,0.001667
2933.000000,2934,DY-SIN-001,DYNAMIC_SINUSOIDAL,43.545423,25.000000,UP,TRANSIENT,41.760000,39.200000,25.004000,25.004000,600,0.001667
2934.000000,2935,DY-SIN-001,DYNAMIC_SINUSOIDAL,43.625760,25.000000,UP,TRANSIENT,41.810000,40.000000,24.948000,24.948000,600,0.001667
2935.000000,2936,DY-SIN-001,DYNAMIC_SINUSOIDAL,43.706796,25.000000,UP,TRANSIENT,41.910000,39.400000,24.990000,24.990000,600,0.001667
2936.000000,2937,DY-SIN-001,DYNAMIC_SINUSOIDAL,43.788522,25.000000,UP,TRANSIENT,41.940000,39.500000,25.090000,25.090000,600,0.001667
2937.000000,2938,DY-SIN-001,DYNAMIC_SINUSOIDAL,43.870929,25.000000,UP,TRANSIENT,42.010000,39.400000,25.032000,25.032000,600,0.001667
2938.000000,2939,DY-SIN-001,DYNAMIC_SINUSOIDAL,43.954009,25.000000,UP,TRANSIENT,42.060000,39.100000,25.013000,25.013000,600,0.001667
2939.000000,2940,DY-SIN-001,DYNAMIC_SINUSOIDAL,44.037751,25.000000,UP,TRANSIENT,42.080000,39.800000,25.020000,25.020000,600,0.001667
2940.000000,2941,DY-SIN-001,DYNAMIC_SINUSOIDAL,44.122147,25.000000,UP,TRANSIENT,42.160000,39.700000,24.991000,24.991000,600,0.001667
2941.000000,2942,DY-SIN-001,DYNAMIC_SINUSOIDAL,44.207188,25.000000,UP,TRANSIENT,42.230000,40.100000,25.061000,25.061000,600,0.001667
2942.000000,2943,DY-SIN-001,DYNAMIC_SINUSOIDAL,44.292864,25.000000,UP,TRANSIENT,42.330000,40.000000,25.031000,25.031000,600,0.001667
2943.000000,2944,DY-SIN-001,DYNAMIC_SINUSOIDAL,44.379166,25.000000,UP,TRANSIENT,42.420000,39.800000,24.989000,24.989000,600,0.001667
2944.000000,2945,DY-SIN-001,DYNAMIC_SINUSOIDAL,44.466085,25.000000,UP,TRANSIENT,42.400000,40.300000,25.078000,25.078000,600,0.001667
2945.000000,2946,DY-SIN-001,DYNAMIC_SINUSOIDAL,44.553610,25.000000,UP,TRANSIENT,42.510000,39.900000,25.065000,25.065000,600,0.001667
2946.000000,2947,DY-SIN-001,DYNAMIC_SINUSOIDAL,44.641732,25.000000,UP,TRANSIENT,42.480000,40.100000,24.981000,24.981000,600,0.001667
2947.000000,2948,DY-SIN-001,DYNAMIC_SINUSOIDAL,44.730442,25.000000,UP,TRANSIENT,42.570000,40.300000,25.059000,25.059000,600,0.001667
2948.000000,2949,DY-SIN-001,DYNAMIC_SINUSOIDAL,44.819730,25.000000,UP,TRANSIENT,42.610000,40.300000,25.032000,25.032000,600,0.001667
2949.000000,2950,DY-SIN-001,DYNAMIC_SINUSOIDAL,44.909586,25.000000,UP,TRANSIENT,42.750000,39.800000,25.040000,25.040000,600,0.001667
2950.000000,2951,DY-SIN-001,DYNAMIC_SINUSOIDAL,45.000000,25.000000,UP,TRANSIENT,42.690000,40.700000,24.982000,24.982000,600,0.001667
2951.000000,2952,DY-SIN-001,DYNAMIC_SINUSOIDAL,45.090962,25.000000,UP,TRANSIENT,42.750000,40.200000,25.064000,25.064000,600,0.001667
2952.000000,2953,DY-SIN-001,DYNAMIC_SINUSOIDAL,45.182463,25.000000,UP,TRANSIENT,42.870000,40.300000,25.031000,25.031000,600,0.001667
2953.000000,2954,DY-SIN-001,DYNAMIC_SINUSOIDAL,45.274492,25.000000,UP,TRANSIENT,42.910000,40.400000,24.992000,24.992000,600,0.001667
2954.000000,2955,DY-SIN-001,DYNAMIC_SINUSOIDAL,45.367040,25.000000,UP,TRANSIENT,43.060000,40.300000,25.049000,25.049000,600,0.001667
2955.000000,2956,DY-SIN-001,DYNAMIC_SINUSOIDAL,45.460095,25.000000,UP,TRANSIENT,43.070000,40.200000,24.994000,24.994000,600,0.001667
2956.000000,2957,DY-SIN-001,DYNAMIC_SINUSOIDAL,45.553648,25.000000,UP,TRANSIENT,43.180000,40.400000,25.021000,25.021000,600,0.001667
2957.000000,2958,DY-SIN-001,DYNAMIC_SINUSOIDAL,45.647689,25.000000,UP,TRANSIENT,43.180000,40.100000,24.992000,24.992000,600,0.001667
2958.000000,2959,DY-SIN-001,DYNAMIC_SINUSOIDAL,45.742207,25.000000,UP,TRANSIENT,43.220000,40.300000,25.016000,25.016000,600,0.001667
2959.000000,2960,DY-SIN-001,DYNAMIC_SINUSOIDAL,45.837192,25.000000,UP,TRANSIENT,43.300000,40.900000,25.041000,25.041000,600,0.001667
2960.000000,2961,DY-SIN-001,DYNAMIC_SINUSOIDAL,45.932634,25.000000,UP,TRANSIENT,43.320000,40.600000,25.003000,25.003000,600,0.001667
2961.000000,2962,DY-SIN-001,DYNAMIC_SINUSOIDAL,46.028521,25.000000,UP,TRANSIENT,43.430000,40.500000,25.070000,25.070000,600,0.001667
2962.000000,2963,DY-SIN-001,DYNAMIC_SINUSOIDAL,46.124844,25.000000,UP,TRANSIENT,43.510000,40.400000,25.041000,25.041000,600,0.001667
2963.000000,2964,DY-SIN-001,DYNAMIC_SINUSOIDAL,46.221592,25.000000,UP,TRANSIENT,43.610000,40.900000,25.019000,25.019000,600,0.001667
2964.000000,2965,DY-SIN-001,DYNAMIC_SINUSOIDAL,46.318754,25.000000,UP,TRANSIENT,43.620000,41.000000,25.024000,25.024000,600,0.001667
2965.000000,2966,DY-SIN-001,DYNAMIC_SINUSOIDAL,46.416321,25.000000,UP,TRANSIENT,43.760000,41.200000,25.019000,25.019000,600,0.001667
2966.000000,2967,DY-SIN-001,DYNAMIC_SINUSOIDAL,46.514280,25.000000,UP,TRANSIENT,43.800000,40.800000,25.068000,25.068000,600,0.001667
2967.000000,2968,DY-SIN-001,DYNAMIC_SINUSOIDAL,46.612621,25.000000,UP,TRANSIENT,43.850000,40.800000,25.003000,25.003000,600,0.001667
2968.000000,2969,DY-SIN-001,DYNAMIC_SINUSOIDAL,46.711334,25.000000,UP,TRANSIENT,43.920000,41.200000,25.018000,25.018000,600,0.001667
2969.000000,2970,DY-SIN-001,DYNAMIC_SINUSOIDAL,46.810407,25.000000,UP,TRANSIENT,44.020000,41.000000,25.061000,25.061000,600,0.001667
2970.000000,2971,DY-SIN-001,DYNAMIC_SINUSOIDAL,46.909830,25.000000,UP,TRANSIENT,44.080000,41.000000,25.009000,25.009000,600,0.001667
2971.000000,2972,DY-SIN-001,DYNAMIC_SINUSOIDAL,47.009592,25.000000,UP,TRANSIENT,44.100000,41.200000,25.022000,25.022000,600,0.001667
2972.000000,2973,DY-SIN-001,DYNAMIC_SINUSOIDAL,47.109682,25.000000,UP,TRANSIENT,44.250000,41.200000,25.021000,25.021000,600,0.001667
2973.000000,2974,DY-SIN-001,DYNAMIC_SINUSOIDAL,47.210089,25.000000,UP,TRANSIENT,44.300000,41.600000,25.010000,25.010000,600,0.001667
2974.000000,2975,DY-SIN-001,DYNAMIC_SINUSOIDAL,47.310802,25.000000,UP,TRANSIENT,44.480000,41.700000,24.983000,24.983000,600,0.001667
2975.000000,2976,DY-SIN-001,DYNAMIC_SINUSOIDAL,47.411810,25.000000,UP,TRANSIENT,44.470000,41.300000,24.982000,24.982000,600,0.001667
2976.000000,2977,DY-SIN-001,DYNAMIC_SINUSOIDAL,47.513101,25.000000,UP,TRANSIENT,44.510000,41.500000,25.036000,25.036000,600,0.001667
2977.000000,2978,DY-SIN-001,DYNAMIC_SINUSOIDAL,47.614665,25.000000,UP,TRANSIENT,44.640000,41.100000,25.011000,25.011000,600,0.001667
2978.000000,2979,DY-SIN-001,DYNAMIC_SINUSOIDAL,47.716491,25.000000,UP,TRANSIENT,44.680000,42.000000,25.027000,25.027000,600,0.001667
2979.000000,2980,DY-SIN-001,DYNAMIC_SINUSOIDAL,47.818568,25.000000,UP,TRANSIENT,44.740000,41.500000,25.016000,25.016000,600,0.001667
2980.000000,2981,DY-SIN-001,DYNAMIC_SINUSOIDAL,47.920883,25.000000,UP,TRANSIENT,44.830000,41.900000,25.024000,25.024000,600,0.001667
2981.000000,2982,DY-SIN-001,DYNAMIC_SINUSOIDAL,48.023427,25.000000,UP,TRANSIENT,44.970000,41.800000,25.012000,25.012000,600,0.001667
2982.000000,2983,DY-SIN-001,DYNAMIC_SINUSOIDAL,48.126187,25.000000,UP,TRANSIENT,45.030000,41.900000,25.014000,25.014000,600,0.001667
2983.000000,2984,DY-SIN-001,DYNAMIC_SINUSOIDAL,48.229153,25.000000,UP,TRANSIENT,45.130000,41.900000,24.985000,24.985000,600,0.001667
2984.000000,2985,DY-SIN-001,DYNAMIC_SINUSOIDAL,48.332313,25.000000,UP,TRANSIENT,45.130000,42.000000,25.041000,25.041000,600,0.001667
2985.000000,2986,DY-SIN-001,DYNAMIC_SINUSOIDAL,48.435655,25.000000,UP,TRANSIENT,45.190000,41.900000,24.989000,24.989000,600,0.001667
2986.000000,2987,DY-SIN-001,DYNAMIC_SINUSOIDAL,48.539170,25.000000,UP,TRANSIENT,45.360000,41.700000,25.035000,25.035000,600,0.001667
2987.000000,2988,DY-SIN-001,DYNAMIC_SINUSOIDAL,48.642844,25.000000,UP,TRANSIENT,45.430000,42.100000,25.045000,25.045000,600,0.001667
2988.000000,2989,DY-SIN-001,DYNAMIC_SINUSOIDAL,48.746668,25.000000,UP,TRANSIENT,45.540000,42.300000,25.017000,25.017000,600,0.001667
2989.000000,2990,DY-SIN-001,DYNAMIC_SINUSOIDAL,48.850628,25.000000,UP,TRANSIENT,45.610000,42.000000,25.051000,25.051000,600,0.001667
2990.000000,2991,DY-SIN-001,DYNAMIC_SINUSOIDAL,48.954715,25.000000,UP,TRANSIENT,45.760000,42.000000,25.020000,25.020000,600,0.001667
2991.000000,2992,DY-SIN-001,DYNAMIC_SINUSOIDAL,49.058917,25.000000,UP,TRANSIENT,45.860000,42.300000,24.940000,24.940000,600,0.001667
2992.000000,2993,DY-SIN-001,DYNAMIC_SINUSOIDAL,49.163222,25.000000,UP,TRANSIENT,45.860000,42.400000,25.057000,25.057000,600,0.001667
2993.000000,2994,DY-SIN-001,DYNAMIC_SINUSOIDAL,49.267618,25.000000,UP,TRANSIENT,45.940000,42.400000,25.045000,25.045000,600,0.001667
2994.000000,2995,DY-SIN-001,DYNAMIC_SINUSOIDAL,49.372095,25.000000,UP,TRANSIENT,46.100000,42.700000,25.004000,25.004000,600,0.001667
2995.000000,2996,DY-SIN-001,DYNAMIC_SINUSOIDAL,49.476640,25.000000,UP,TRANSIENT,46.170000,43.000000,24.962000,24.962000,600,0.001667
2996.000000,2997,DY-SIN-001,DYNAMIC_SINUSOIDAL,49.581243,25.000000,UP,TRANSIENT,46.190000,42.600000,25.045000,25.045000,600,0.001667
2997.000000,2998,DY-SIN-001,DYNAMIC_SINUSOIDAL,49.685892,25.000000,UP,TRANSIENT,46.320000,42.900000,24.989000,24.989000,600,0.001667
2998.000000,2999,DY-SIN-001,DYNAMIC_SINUSOIDAL,49.790576,25.000000,UP,TRANSIENT,46.400000,42.800000,25.012000,25.012000,600,0.001667
2999.000000,3000,DY-SIN-001,DYNAMIC_SINUSOIDAL,49.895282,25.000000,UP,TRANSIENT,46.430000,43.000000,25.023000,25.023000,600,0.001667
3000.000000,3001,DY-SIN-001,DYNAMIC_SINUSOIDAL,50.000000,25.000000,UP,TRANSIENT,46.560000,43.100000,25.017000,25.017000,600,0.001667
0.000000,1,DY-SIN-002,DYNAMIC_SINUSOIDAL,50.000000,25.000000,DOWN,TRANSIENT,50.260000,49.400000,25.060000,25.060000,300,0.003333
1.000000,2,DY-SIN-002,DYNAMIC_SINUSOIDAL,50.209424,25.000000,UP,TRANSIENT,50.330000,48.700000,25.043000,25.043000,300,0.003333
2.000000,3,DY-SIN-002,DYNAMIC_SINUSOIDAL,50.418757,25.000000,UP,TRANSIENT,50.290000,48.700000,25.013000,25.013000,300,0.003333
3.000000,4,DY-SIN-002,DYNAMIC_SINUSOIDAL,50.627905,25.000000,UP,TRANSIENT,50.300000,48.600000,25.040000,25.040000,300,0.003333
4.000000,5,DY-SIN-002,DYNAMIC_SINUSOIDAL,50.836778,25.000000,UP,TRANSIENT,50.210000,49.200000,25.010000,25.010000,300,0.003333
5.000000,6,DY-SIN-002,DYNAMIC_SINUSOIDAL,51.045285,25.000000,UP,TRANSIENT,50.220000,48.800000,24.985000,24.985000,300,0.003333
6.000000,7,DY-SIN-002,DYNAMIC_SINUSOIDAL,51.253332,25.000000,UP,TRANSIENT,50.250000,49.100000,25.021000,25.021000,300,0.003333
7.000000,8,DY-SIN-002,DYNAMIC_SINUSOIDAL,51.460830,25.000000,UP,TRANSIENT,50.210000,48.700000,25.050000,25.050000,300,0.003333
8.000000,9,DY-SIN-002,DYNAMIC_SINUSOIDAL,51.667687,25.000000,UP,TRANSIENT,50.230000,48.100000,25.060000,25.060000,300,0.003333
9.000000,10,DY-SIN-002,DYNAMIC_SINUSOIDAL,51.873813,25.000000,UP,TRANSIENT,50.250000,48.600000,25.054000,25.054000,300,0.003333
10.000000,11,DY-SIN-002,DYNAMIC_SINUSOIDAL,52.079117,25.000000,UP,TRANSIENT,50.240000,48.400000,24.973000,24.973000,300,0.003333
11.000000,12,DY-SIN-002,DYNAMIC_SINUSOIDAL,52.283509,25.000000,UP,TRANSIENT,50.350000,48.500000,25.022000,25.022000,300,0.003333
12.000000,13,DY-SIN-002,DYNAMIC_SINUSOIDAL,52.486899,25.000000,UP,TRANSIENT,50.350000,49.100000,25.049000,25.049000,300,0.003333
13.000000,14,DY-SIN-002,DYNAMIC_SINUSOIDAL,52.689198,25.000000,UP,TRANSIENT,50.420000,48.700000,25.014000,25.014000,300,0.003333
14.000000,15,DY-SIN-002,DYNAMIC_SINUSOIDAL,52.890318,25.000000,UP,TRANSIENT,50.490000,49.100000,24.999000,24.999000,300,0.003333
15.000000,16,DY-SIN-002,DYNAMIC_SINUSOIDAL,53.090170,25.000000,UP,TRANSIENT,50.490000,48.700000,25.003000,25.003000,300,0.003333
16.000000,17,DY-SIN-002,DYNAMIC_SINUSOIDAL,53.288666,25.000000,UP,TRANSIENT,50.570000,48.700000,25.016000,25.016000,300,0.003333
17.000000,18,DY-SIN-002,DYNAMIC_SINUSOIDAL,53.485720,25.000000,UP,TRANSIENT,50.600000,49.200000,24.998000,24.998000,300,0.003333
18.000000,19,DY-SIN-002,DYNAMIC_SINUSOIDAL,53.681246,25.000000,UP,TRANSIENT,50.750000,48.700000,24.975000,24.975000,300,0.003333
19.000000,20,DY-SIN-002,DYNAMIC_SINUSOIDAL,53.875156,25.000000,UP,TRANSIENT,50.820000,48.900000,25.090000,25.090000,300,0.003333
20.000000,21,DY-SIN-002,DYNAMIC_SINUSOIDAL,54.067366,25.000000,UP,TRANSIENT,50.860000,48.800000,25.040000,25.040000,300,0.003333
21.000000,22,DY-SIN-002,DYNAMIC_SINUSOIDAL,54.257793,25.000000,UP,TRANSIENT,50.930000,49.200000,25.000000,25.000000,300,0.003333
22.000000,23,DY-SIN-002,DYNAMIC_SINUSOIDAL,54.446352,25.000000,UP,TRANSIENT,51.080000,48.800000,24.987000,24.987000,300,0.003333
23.000000,24,DY-SIN-002,DYNAMIC_SINUSOIDAL,54.632960,25.000000,UP,TRANSIENT,51.100000,48.600000,25.009000,25.009000,300,0.003333
24.000000,25,DY-SIN-002,DYNAMIC_SINUSOIDAL,54.817537,25.000000,UP,TRANSIENT,51.160000,48.900000,25.027000,25.027000,300,0.003333
25.000000,26,DY-SIN-002,DYNAMIC_SINUSOIDAL,55.000000,25.000000,UP,TRANSIENT,51.250000,49.000000,24.941000,24.941000,300,0.003333
26.000000,27,DY-SIN-002,DYNAMIC_SINUSOIDAL,55.180270,25.000000,UP,TRANSIENT,51.290000,49.200000,24.960000,24.960000,300,0.003333
27.000000,28,DY-SIN-002,DYNAMIC_SINUSOIDAL,55.358268,25.000000,UP,TRANSIENT,51.380000,49.400000,25.046000,25.046000,300,0.003333
28.000000,29,DY-SIN-002,DYNAMIC_SINUSOIDAL,55.533915,25.000000,UP,TRANSIENT,51.450000,48.900000,25.080000,25.080000,300,0.003333
29.000000,30,DY-SIN-002,DYNAMIC_SINUSOIDAL,55.707136,25.000000,UP,TRANSIENT,51.580000,49.000000,24.963000,24.963000,300,0.003333
30.000000,31,DY-SIN-002,DYNAMIC_SINUSOIDAL,55.877853,25.000000,UP,TRANSIENT,51.610000,49.000000,25.096000,25.096000,300,0.003333
31.000000,32,DY-SIN-002,DYNAMIC_SINUSOIDAL,56.045991,25.000000,UP,TRANSIENT,51.700000,49.200000,24.987000,24.987000,300,0.003333
32.000000,33,DY-SIN-002,DYNAMIC_SINUSOIDAL,56.211478,25.000000,UP,TRANSIENT,51.860000,49.200000,24.961000,24.961000,300,0.003333
33.000000,34,DY-SIN-002,DYNAMIC_SINUSOIDAL,56.374240,25.000000,UP,TRANSIENT,51.920000,49.200000,25.036000,25.036000,300,0.003333
34.000000,35,DY-SIN-002,DYNAMIC_SINUSOIDAL,56.534206,25.000000,UP,TRANSIENT,52.060000,49.600000,25.024000,25.024000,300,0.003333
35.000000,36,DY-SIN-002,DYNAMIC_SINUSOIDAL,56.691306,25.000000,UP,TRANSIENT,52.240000,49.700000,25.030000,25.030000,300,0.003333
36.000000,37,DY-SIN-002,DYNAMIC_SINUSOIDAL,56.845471,25.000000,UP,TRANSIENT,52.270000,49.200000,25.000000,25.000000,300,0.003333
37.000000,38,DY-SIN-002,DYNAMIC_SINUSOIDAL,56.996633,25.000000,UP,TRANSIENT,52.420000,49.400000,25.011000,25.011000,300,0.003333
38.000000,39,DY-SIN-002,DYNAMIC_SINUSOIDAL,57.144727,25.000000,UP,TRANSIENT,52.580000,49.800000,25.021000,25.021000,300,0.003333
39.000000,40,DY-SIN-002,DYNAMIC_SINUSOIDAL,57.289686,25.000000,UP,TRANSIENT,52.720000,49.900000,24.993000,24.993000,300,0.003333
40.000000,41,DY-SIN-002,DYNAMIC_SINUSOIDAL,57.431448,25.000000,UP,TRANSIENT,52.760000,49.700000,25.006000,25.006000,300,0.003333
41.000000,42,DY-SIN-002,DYNAMIC_SINUSOIDAL,57.569951,25.000000,UP,TRANSIENT,52.910000,50.000000,25.025000,25.025000,300,0.003333
42.000000,43,DY-SIN-002,DYNAMIC_SINUSOIDAL,57.705132,25.000000,UP,TRANSIENT,53.010000,49.500000,24.993000,24.993000,300,0.003333
43.000000,44,DY-SIN-002,DYNAMIC_SINUSOIDAL,57.836935,25.000000,UP,TRANSIENT,53.070000,49.500000,25.017000,25.017000,300,0.003333
44.000000,45,DY-SIN-002,DYNAMIC_SINUSOIDAL,57.965299,25.000000,UP,TRANSIENT,53.310000,49.900000,25.066000,25.066000,300,0.003333
45.000000,46,DY-SIN-002,DYNAMIC_SINUSOIDAL,58.090170,25.000000,UP,TRANSIENT,53.340000,49.500000,24.993000,24.993000,300,0.003333
46.000000,47,DY-SIN-002,DYNAMIC_SINUSOIDAL,58.211492,25.000000,UP,TRANSIENT,53.540000,50.100000,24.996000,24.996000,300,0.003333
47.000000,48,DY-SIN-002,DYNAMIC_SINUSOIDAL,58.329212,25.000000,UP,TRANSIENT,53.670000,49.800000,25.043000,25.043000,300,0.003333
48.000000,49,DY-SIN-002,DYNAMIC_SINUSOIDAL,58.443279,25.000000,UP,TRANSIENT,53.800000,50.200000,25.009000,25.009000,300,0.003333
49.000000,50,DY-SIN-002,DYNAMIC_SINUSOIDAL,58.553643,25.000000,UP,TRANSIENT,53.870000,49.900000,25.059000,25.059000,300,0.003333
50.000000,51,DY-SIN-002,DYNAMIC_SINUSOIDAL,58.660254,25.000000,UP,TRANSIENT,53.960000,50.900000,25.028000,25.028000,300,0.003333
51.000000,52,DY-SIN-002,DYNAMIC_SINUSOIDAL,58.763067,25.000000,UP,TRANSIENT,54.150000,50.000000,25.088000,25.088000,300,0.003333
52.000000,53,DY-SIN-002,DYNAMIC_SINUSOIDAL,58.862036,25.000000,UP,TRANSIENT,54.220000,50.600000,25.041000,25.041000,300,0.003333
53.000000,54,DY-SIN-002,DYNAMIC_SINUSOIDAL,58.957118,25.000000,UP,TRANSIENT,54.410000,50.200000,24.977000,24.977000,300,0.003333
54.000000,55,DY-SIN-002,DYNAMIC_SINUSOIDAL,59.048271,25.000000,UP,TRANSIENT,54.500000,51.000000,25.012000,25.012000,300,0.003333
55.000000,56,DY-SIN-002,DYNAMIC_SINUSOIDAL,59.135455,25.000000,UP,TRANSIENT,54.630000,50.800000,25.013000,25.013000,300,0.003333
56.000000,57,DY-SIN-002,DYNAMIC_SINUSOIDAL,59.218632,25.000000,UP,TRANSIENT,54.770000,51.100000,25.028000,25.028000,300,0.003333
57.000000,58,DY-SIN-002,DYNAMIC_SINUSOIDAL,59.297765,25.000000,UP,TRANSIENT,54.890000,51.300000,25.044000,25.044000,300,0.003333
58.000000,59,DY-SIN-002,DYNAMIC_SINUSOIDAL,59.372820,25.000000,UP,TRANSIENT,54.960000,51.100000,25.105000,25.105000,300,0.003333
59.000000,60,DY-SIN-002,DYNAMIC_SINUSOIDAL,59.443764,25.000000,UP,TRANSIENT,55.150000,51.000000,25.060000,25.060000,300,0.003333
60.000000,61,DY-SIN-002,DYNAMIC_SINUSOIDAL,59.510565,25.000000,UP,TRANSIENT,55.230000,51.200000,25.017000,25.017000,300,0.003333
61.000000,62,DY-SIN-002,DYNAMIC_SINUSOIDAL,59.573195,25.000000,UP,TRANSIENT,55.340000,51.200000,25.005000,25.005000,300,0.003333
62.000000,63,DY-SIN-002,DYNAMIC_SINUSOIDAL,59.631626,25.000000,UP,TRANSIENT,55.490000,51.700000,25.054000,25.054000,300,0.003333
63.000000,64,DY-SIN-002,DYNAMIC_SINUSOIDAL,59.685832,25.000000,UP,TRANSIENT,55.600000,51.300000,24.970000,24.970000,300,0.003333
64.000000,65,DY-SIN-002,DYNAMIC_SINUSOIDAL,59.735789,25.000000,UP,TRANSIENT,55.690000,51.700000,25.025000,25.025000,300,0.003333
65.000000,66,DY-SIN-002,DYNAMIC_SINUSOIDAL,59.781476,25.000000,UP,TRANSIENT,55.850000,51.400000,24.962000,24.962000,300,0.003333
66.000000,67,DY-SIN-002,DYNAMIC_SINUSOIDAL,59.822873,25.000000,UP,TRANSIENT,55.930000,51.700000,25.045000,25.045000,300,0.003333
67.000000,68,DY-SIN-002,DYNAMIC_SINUSOIDAL,59.859960,25.000000,UP,TRANSIENT,56.110000,51.600000,25.073000,25.073000,300,0.003333
68.000000,69,DY-SIN-002,DYNAMIC_SINUSOIDAL,59.892723,25.000000,UP,TRANSIENT,56.190000,52.000000,25.035000,25.035000,300,0.003333
69.000000,70,DY-SIN-002,DYNAMIC_SINUSOIDAL,59.921147,25.000000,UP,TRANSIENT,56.270000,52.000000,25.020000,25.020000,300,0.003333
70.000000,71,DY-SIN-002,DYNAMIC_SINUSOIDAL,59.945219,25.000000,UP,TRANSIENT,56.370000,52.500000,25.002000,25.002000,300,0.003333
71.000000,72,DY-SIN-002,DYNAMIC_SINUSOIDAL,59.964929,25.000000,UP,TRANSIENT,56.380000,52.400000,25.080000,25.080000,300,0.003333
72.000000,73,DY-SIN-002,DYNAMIC_SINUSOIDAL,59.980267,25.000000,UP,TRANSIENT,56.560000,52.200000,25.007000,25.007000,300,0.003333
73.000000,74,DY-SIN-002,DYNAMIC_SINUSOIDAL,59.991228,25.000000,UP,TRANSIENT,56.730000,52.100000,25.022000,25.022000,300,0.003333
74.000000,75,DY-SIN-002,DYNAMIC_SINUSOIDAL,59.997807,25.000000,UP,TRANSIENT,56.820000,52.700000,25.069000,25.069000,300,0.003333
75.000000,76,DY-SIN-002,DYNAMIC_SINUSOIDAL,60.000000,25.000000,UP,TRANSIENT,57.000000,52.800000,24.957000,24.957000,300,0.003333
76.000000,77,DY-SIN-002,DYNAMIC_SINUSOIDAL,59.997807,25.000000,DOWN,TRANSIENT,56.940000,53.600000,25.040000,25.040000,300,0.003333
77.000000,78,DY-SIN-002,DYNAMIC_SINUSOIDAL,59.991228,25.000000,DOWN,TRANSIENT,57.040000,53.700000,25.016000,25.016000,300,0.003333
78.000000,79,DY-SIN-002,DYNAMIC_SINUSOIDAL,59.980267,25.000000,DOWN,TRANSIENT,57.190000,53.600000,25.029000,25.029000,300,0.003333
79.000000,80,DY-SIN-002,DYNAMIC_SINUSOIDAL,59.964929,25.000000,DOWN,TRANSIENT,57.320000,53.900000,25.032000,25.032000,300,0.003333
80.000000,81,DY-SIN-002,DYNAMIC_SINUSOIDAL,59.945219,25.000000,DOWN,TRANSIENT,57.370000,54.700000,24.994000,24.994000,300,0.003333
81.000000,82,DY-SIN-002,DYNAMIC_SINUSOIDAL,59.921147,25.000000,DOWN,TRANSIENT,57.420000,54.300000,25.060000,25.060000,300,0.003333
82.000000,83,DY-SIN-002,DYNAMIC_SINUSOIDAL,59.892723,25.000000,DOWN,TRANSIENT,57.540000,54.100000,25.020000,25.020000,300,0.003333
83.000000,84,DY-SIN-002,DYNAMIC_SINUSOIDAL,59.859960,25.000000,DOWN,TRANSIENT,57.650000,54.500000,25.009000,25.009000,300,0.003333
84.000000,85,DY-SIN-002,DYNAMIC_SINUSOIDAL,59.822873,25.000000,DOWN,TRANSIENT,57.760000,54.600000,25.114000,25.114000,300,0.003333
85.000000,86,DY-SIN-002,DYNAMIC_SINUSOIDAL,59.781476,25.000000,DOWN,TRANSIENT,57.820000,54.800000,25.065000,25.065000,300,0.003333
86.000000,87,DY-SIN-002,DYNAMIC_SINUSOIDAL,59.735789,25.000000,DOWN,TRANSIENT,57.880000,54.800000,24.956000,24.956000,300,0.003333
87.000000,88,DY-SIN-002,DYNAMIC_SINUSOIDAL,59.685832,25.000000,DOWN,TRANSIENT,57.900000,54.900000,25.053000,25.053000,300,0.003333
88.000000,89,DY-SIN-002,DYNAMIC_SINUSOIDAL,59.631626,25.000000,DOWN,TRANSIENT,58.020000,55.100000,25.018000,25.018000,300,0.003333
89.000000,90,DY-SIN-002,DYNAMIC_SINUSOIDAL,59.573195,25.000000,DOWN,TRANSIENT,58.060000,55.000000,24.997000,24.997000,300,0.003333
90.000000,91,DY-SIN-002,DYNAMIC_SINUSOIDAL,59.510565,25.000000,DOWN,TRANSIENT,58.130000,55.100000,25.025000,25.025000,300,0.003333
91.000000,92,DY-SIN-002,DYNAMIC_SINUSOIDAL,59.443764,25.000000,DOWN,TRANSIENT,58.230000,55.200000,25.012000,25.012000,300,0.003333
92.000000,93,DY-SIN-002,DYNAMIC_SINUSOIDAL,59.372820,25.000000,DOWN,TRANSIENT,58.280000,55.500000,24.961000,24.961000,300,0.003333
93.000000,94,DY-SIN-002,DYNAMIC_SINUSOIDAL,59.297765,25.000000,DOWN,TRANSIENT,58.350000,55.500000,24.967000,24.967000,300,0.003333
94.000000,95,DY-SIN-002,DYNAMIC_SINUSOIDAL,59.218632,25.000000,DOWN,TRANSIENT,58.350000,55.300000,25.017000,25.017000,300,0.003333
95.000000,96,DY-SIN-002,DYNAMIC_SINUSOIDAL,59.135455,25.000000,DOWN,TRANSIENT,58.390000,55.600000,25.010000,25.010000,300,0.003333
96.000000,97,DY-SIN-002,DYNAMIC_SINUSOIDAL,59.048271,25.000000,DOWN,TRANSIENT,58.410000,56.100000,24.997000,24.997000,300,0.003333
97.000000,98,DY-SIN-002,DYNAMIC_SINUSOIDAL,58.957118,25.000000,DOWN,TRANSIENT,58.500000,55.900000,25.024000,25.024000,300,0.003333
98.000000,99,DY-SIN-002,DYNAMIC_SINUSOIDAL,58.862036,25.000000,DOWN,TRANSIENT,58.510000,56.200000,24.975000,24.975000,300,0.003333
99.000000,100,DY-SIN-002,DYNAMIC_SINUSOIDAL,58.763067,25.000000,DOWN,TRANSIENT,58.530000,55.600000,25.059000,25.059000,300,0.003333
100.000000,101,DY-SIN-002,DYNAMIC_SINUSOIDAL,58.660254,25.000000,DOWN,TRANSIENT,58.600000,56.100000,24.955000,24.955000,300,0.003333
101.000000,102,DY-SIN-002,DYNAMIC_SINUSOIDAL,58.553643,25.000000,DOWN,TRANSIENT,58.660000,56.500000,25.002000,25.002000,300,0.003333
102.000000,103,DY-SIN-002,DYNAMIC_SINUSOIDAL,58.443279,25.000000,DOWN,TRANSIENT,58.730000,56.700000,25.026000,25.026000,300,0.003333
103.000000,104,DY-SIN-002,DYNAMIC_SINUSOIDAL,58.329212,25.000000,DOWN,TRANSIENT,58.670000,56.400000,25.006000,25.006000,300,0.003333
104.000000,105,DY-SIN-002,DYNAMIC_SINUSOIDAL,58.211492,25.000000,DOWN,TRANSIENT,58.750000,56.600000,25.036000,25.036000,300,0.003333
105.000000,106,DY-SIN-002,DYNAMIC_SINUSOIDAL,58.090170,25.000000,DOWN,TRANSIENT,58.760000,56.800000,24.959000,24.959000,300,0.003333
106.000000,107,DY-SIN-002,DYNAMIC_SINUSOIDAL,57.965299,25.000000,DOWN,TRANSIENT,58.770000,56.600000,25.038000,25.038000,300,0.003333
107.000000,108,DY-SIN-002,DYNAMIC_SINUSOIDAL,57.836935,25.000000,DOWN,TRANSIENT,58.800000,56.500000,24.995000,24.995000,300,0.003333
108.000000,109,DY-SIN-002,DYNAMIC_SINUSOIDAL,57.705132,25.000000,DOWN,TRANSIENT,58.900000,56.900000,25.030000,25.030000,300,0.003333
109.000000,110,DY-SIN-002,DYNAMIC_SINUSOIDAL,57.569951,25.000000,DOWN,TRANSIENT,58.830000,57.000000,24.973000,24.973000,300,0.003333
110.000000,111,DY-SIN-002,DYNAMIC_SINUSOIDAL,57.431448,25.000000,DOWN,TRANSIENT,58.870000,57.100000,25.000000,25.000000,300,0.003333
111.000000,112,DY-SIN-002,DYNAMIC_SINUSOIDAL,57.289686,25.000000,DOWN,TRANSIENT,58.860000,56.700000,25.008000,25.008000,300,0.003333
112.000000,113,DY-SIN-002,DYNAMIC_SINUSOIDAL,57.144727,25.000000,DOWN,TRANSIENT,58.810000,56.800000,24.999000,24.999000,300,0.003333
113.000000,114,DY-SIN-002,DYNAMIC_SINUSOIDAL,56.996633,25.000000,DOWN,TRANSIENT,58.760000,57.300000,24.970000,24.970000,300,0.003333
114.000000,115,DY-SIN-002,DYNAMIC_SINUSOIDAL,56.845471,25.000000,DOWN,TRANSIENT,58.730000,57.500000,25.007000,25.007000,300,0.003333
115.000000,116,DY-SIN-002,DYNAMIC_SINUSOIDAL,56.691306,25.000000,DOWN,TRANSIENT,58.780000,57.500000,25.050000,25.050000,300,0.003333
116.000000,117,DY-SIN-002,DYNAMIC_SINUSOIDAL,56.534206,25.000000,DOWN,TRANSIENT,58.730000,57.400000,25.026000,25.026000,300,0.003333
117.000000,118,DY-SIN-002,DYNAMIC_SINUSOIDAL,56.374240,25.000000,DOWN,TRANSIENT,58.640000,57.300000,25.082000,25.082000,300,0.003333
118.000000,119,DY-SIN-002,DYNAMIC_SINUSOIDAL,56.211478,25.000000,DOWN,TRANSIENT,58.600000,57.400000,25.029000,25.029000,300,0.003333
119.000000,120,DY-SIN-002,DYNAMIC_SINUSOIDAL,56.045991,25.000000,DOWN,TRANSIENT,58.550000,56.900000,25.020000,25.020000,300,0.003333
120.000000,121,DY-SIN-002,DYNAMIC_SINUSOIDAL,55.877853,25.000000,DOWN,TRANSIENT,58.550000,57.400000,24.961000,24.961000,300,0.003333
121.000000,122,DY-SIN-002,DYNAMIC_SINUSOIDAL,55.707136,25.000000,DOWN,TRANSIENT,58.430000,57.400000,25.002000,25.002000,300,0.003333
122.000000,123,DY-SIN-002,DYNAMIC_SINUSOIDAL,55.533915,25.000000,DOWN,TRANSIENT,58.490000,57.400000,25.017000,25.017000,300,0.003333
123.000000,124,DY-SIN-002,DYNAMIC_SINUSOIDAL,55.358268,25.000000,DOWN,TRANSIENT,58.370000,57.500000,25.058000,25.058000,300,0.003333
124.000000,125,DY-SIN-002,DYNAMIC_SINUSOIDAL,55.180270,25.000000,DOWN,TRANSIENT,58.340000,57.400000,25.024000,25.024000,300,0.003333
125.000000,126,DY-SIN-002,DYNAMIC_SINUSOIDAL,55.000000,25.000000,DOWN,TRANSIENT,58.210000,57.300000,25.012000,25.012000,300,0.003333
126.000000,127,DY-SIN-002,DYNAMIC_SINUSOIDAL,54.817537,25.000000,DOWN,TRANSIENT,58.140000,58.000000,25.029000,25.029000,300,0.003333
127.000000,128,DY-SIN-002,DYNAMIC_SINUSOIDAL,54.632960,25.000000,DOWN,TRANSIENT,58.110000,57.400000,25.011000,25.011000,300,0.003333
128.000000,129,DY-SIN-002,DYNAMIC_SINUSOIDAL,54.446352,25.000000,DOWN,TRANSIENT,58.020000,57.100000,25.035000,25.035000,300,0.003333
129.000000,130,DY-SIN-002,DYNAMIC_SINUSOIDAL,54.257793,25.000000,DOWN,TRANSIENT,57.910000,57.200000,25.033000,25.033000,300,0.003333
130.000000,131,DY-SIN-002,DYNAMIC_SINUSOIDAL,54.067366,25.000000,DOWN,TRANSIENT,57.920000,57.300000,25.008000,25.008000,300,0.003333
131.000000,132,DY-SIN-002,DYNAMIC_SINUSOIDAL,53.875156,25.000000,DOWN,TRANSIENT,57.860000,57.400000,25.062000,25.062000,300,0.003333
132.000000,133,DY-SIN-002,DYNAMIC_SINUSOIDAL,53.681246,25.000000,DOWN,TRANSIENT,57.730000,57.500000,25.011000,25.011000,300,0.003333
133.000000,134,DY-SIN-002,DYNAMIC_SINUSOIDAL,53.485720,25.000000,DOWN,TRANSIENT,57.610000,57.500000,25.034000,25.034000,300,0.003333
134.000000,135,DY-SIN-002,DYNAMIC_SINUSOIDAL,53.288666,25.000000,DOWN,TRANSIENT,57.630000,57.300000,25.047000,25.047000,300,0.003333
135.000000,136,DY-SIN-002,DYNAMIC_SINUSOIDAL,53.090170,25.000000,DOWN,TRANSIENT,57.380000,57.000000,25.009000,25.009000,300,0.003333
136.000000,137,DY-SIN-002,DYNAMIC_SINUSOIDAL,52.890318,25.000000,DOWN,TRANSIENT,57.330000,56.900000,24.972000,24.972000,300,0.003333
137.000000,138,DY-SIN-002,DYNAMIC_SINUSOIDAL,52.689198,25.000000,DOWN,TRANSIENT,57.290000,57.200000,24.979000,24.979000,300,0.003333
138.000000,139,DY-SIN-002,DYNAMIC_SINUSOIDAL,52.486899,25.000000,DOWN,TRANSIENT,57.140000,57.200000,25.078000,25.078000,300,0.003333
139.000000,140,DY-SIN-002,DYNAMIC_SINUSOIDAL,52.283509,25.000000,DOWN,TRANSIENT,57.070000,57.100000,24.971000,24.971000,300,0.003333
140.000000,141,DY-SIN-002,DYNAMIC_SINUSOIDAL,52.079117,25.000000,DOWN,TRANSIENT,56.880000,56.900000,25.046000,25.046000,300,0.003333
141.000000,142,DY-SIN-002,DYNAMIC_SINUSOIDAL,51.873813,25.000000,DOWN,TRANSIENT,56.750000,57.000000,24.995000,24.995000,300,0.003333
142.000000,143,DY-SIN-002,DYNAMIC_SINUSOIDAL,51.667687,25.000000,DOWN,TRANSIENT,56.690000,56.800000,25.037000,25.037000,300,0.003333
143.000000,144,DY-SIN-002,DYNAMIC_SINUSOIDAL,51.460830,25.000000,DOWN,TRANSIENT,56.600000,56.700000,24.972000,24.972000,300,0.003333
144.000000,145,DY-SIN-002,DYNAMIC_SINUSOIDAL,51.253332,25.000000,DOWN,TRANSIENT,56.470000,57.000000,24.992000,24.992000,300,0.003333
145.000000,146,DY-SIN-002,DYNAMIC_SINUSOIDAL,51.045285,25.000000,DOWN,TRANSIENT,56.300000,56.800000,25.037000,25.037000,300,0.003333
146.000000,147,DY-SIN-002,DYNAMIC_SINUSOIDAL,50.836778,25.000000,DOWN,TRANSIENT,56.210000,57.200000,25.048000,25.048000,300,0.003333
147.000000,148,DY-SIN-002,DYNAMIC_SINUSOIDAL,50.627905,25.000000,DOWN,TRANSIENT,56.080000,56.800000,25.033000,25.033000,300,0.003333
148.000000,149,DY-SIN-002,DYNAMIC_SINUSOIDAL,50.418757,25.000000,DOWN,TRANSIENT,55.930000,56.200000,25.052000,25.052000,300,0.003333
149.000000,150,DY-SIN-002,DYNAMIC_SINUSOIDAL,50.209424,25.000000,DOWN,TRANSIENT,55.760000,56.300000,25.029000,25.029000,300,0.003333
150.000000,151,DY-SIN-002,DYNAMIC_SINUSOIDAL,50.000000,25.000000,DOWN,TRANSIENT,55.580000,56.400000,25.038000,25.038000,300,0.003333
151.000000,152,DY-SIN-002,DYNAMIC_SINUSOIDAL,49.790576,25.000000,DOWN,TRANSIENT,55.550000,56.400000,25.032000,25.032000,300,0.003333
152.000000,153,DY-SIN-002,DYNAMIC_SINUSOIDAL,49.581243,25.000000,DOWN,TRANSIENT,55.400000,56.100000,24.979000,24.979000,300,0.003333
153.000000,154,DY-SIN-002,DYNAMIC_SINUSOIDAL,49.372095,25.000000,DOWN,TRANSIENT,55.240000,56.100000,24.964000,24.964000,300,0.003333
154.000000,155,DY-SIN-002,DYNAMIC_SINUSOIDAL,49.163222,25.000000,DOWN,TRANSIENT,55.120000,56.700000,24.984000,24.984000,300,0.003333
155.000000,156,DY-SIN-002,DYNAMIC_SINUSOIDAL,48.954715,25.000000,DOWN,TRANSIENT,55.000000,56.300000,25.006000,25.006000,300,0.003333
156.000000,157,DY-SIN-002,DYNAMIC_SINUSOIDAL,48.746668,25.000000,DOWN,TRANSIENT,54.860000,55.900000,24.940000,24.940000,300,0.003333
157.000000,158,DY-SIN-002,DYNAMIC_SINUSOIDAL,48.539170,25.000000,DOWN,TRANSIENT,54.730000,55.700000,25.035000,25.035000,300,0.003333
158.000000,159,DY-SIN-002,DYNAMIC_SINUSOIDAL,48.332313,25.000000,DOWN,TRANSIENT,54.530000,55.600000,24.948000,24.948000,300,0.003333
159.000000,160,DY-SIN-002,DYNAMIC_SINUSOIDAL,48.126187,25.000000,DOWN,TRANSIENT,54.310000,55.700000,24.968000,24.968000,300,0.003333
160.000000,161,DY-SIN-002,DYNAMIC_SINUSOIDAL,47.920883,25.000000,DOWN,TRANSIENT,54.190000,55.400000,24.991000,24.991000,300,0.003333
161.000000,162,DY-SIN-002,DYNAMIC_SINUSOIDAL,47.716491,25.000000,DOWN,TRANSIENT,54.040000,55.300000,25.033000,25.033000,300,0.003333
162.000000,163,DY-SIN-002,DYNAMIC_SINUSOIDAL,47.513101,25.000000,DOWN,TRANSIENT,53.870000,55.300000,24.991000,24.991000,300,0.003333
163.000000,164,DY-SIN-002,DYNAMIC_SINUSOIDAL,47.310802,25.000000,DOWN,TRANSIENT,53.770000,55.100000,25.057000,25.057000,300,0.003333
164.000000,165,DY-SIN-002,DYNAMIC_SINUSOIDAL,47.109682,25.000000,DOWN,TRANSIENT,53.620000,55.400000,24.992000,24.992000,300,0.003333
165.000000,166,DY-SIN-002,DYNAMIC_SINUSOIDAL,46.909830,25.000000,DOWN,TRANSIENT,53.520000,54.900000,25.008000,25.008000,300,0.003333
166.000000,167,DY-SIN-002,DYNAMIC_SINUSOIDAL,46.711334,25.000000,DOWN,TRANSIENT,53.310000,54.800000,24.996000,24.996000,300,0.003333
167.000000,168,DY-SIN-002,DYNAMIC_SINUSOIDAL,46.514280,25.000000,DOWN,TRANSIENT,53.110000,54.500000,25.008000,25.008000,300,0.003333
168.000000,169,DY-SIN-002,DYNAMIC_SINUSOIDAL,46.318754,25.000000,DOWN,TRANSIENT,53.000000,54.400000,24.959000,24.959000,300,0.003333
169.000000,170,DY-SIN-002,DYNAMIC_SINUSOIDAL,46.124844,25.000000,DOWN,TRANSIENT,52.750000,54.400000,24.998000,24.998000,300,0.003333
170.000000,171,DY-SIN-002,DYNAMIC_SINUSOIDAL,45.932634,25.000000,DOWN,TRANSIENT,52.620000,54.500000,25.031000,25.031000,300,0.003333
171.000000,172,DY-SIN-002,DYNAMIC_SINUSOIDAL,45.742207,25.000000,DOWN,TRANSIENT,52.410000,54.300000,25.025000,25.025000,300,0.003333
172.000000,173,DY-SIN-002,DYNAMIC_SINUSOIDAL,45.553648,25.000000,DOWN,TRANSIENT,52.250000,54.600000,25.050000,25.050000,300,0.003333
173.000000,174,DY-SIN-002,DYNAMIC_SINUSOIDAL,45.367040,25.000000,DOWN,TRANSIENT,52.140000,54.300000,25.003000,25.003000,300,0.003333
174.000000,175,DY-SIN-002,DYNAMIC_SINUSOIDAL,45.182463,25.000000,DOWN,TRANSIENT,51.910000,54.500000,25.003000,25.003000,300,0.003333
175.000000,176,DY-SIN-002,DYNAMIC_SINUSOIDAL,45.000000,25.000000,DOWN,TRANSIENT,51.710000,53.400000,25.078000,25.078000,300,0.003333
176.000000,177,DY-SIN-002,DYNAMIC_SINUSOIDAL,44.819730,25.000000,DOWN,TRANSIENT,51.520000,53.100000,25.010000,25.010000,300,0.003333
177.000000,178,DY-SIN-002,DYNAMIC_SINUSOIDAL,44.641732,25.000000,DOWN,TRANSIENT,51.340000,54.000000,25.028000,25.028000,300,0.003333
178.000000,179,DY-SIN-002,DYNAMIC_SINUSOIDAL,44.466085,25.000000,DOWN,TRANSIENT,51.260000,53.100000,25.032000,25.032000,300,0.003333
179.000000,180,DY-SIN-002,DYNAMIC_SINUSOIDAL,44.292864,25.000000,DOWN,TRANSIENT,50.960000,53.400000,25.043000,25.043000,300,0.003333
180.000000,181,DY-SIN-002,DYNAMIC_SINUSOIDAL,44.122147,25.000000,DOWN,TRANSIENT,50.850000,53.000000,25.012000,25.012000,300,0.003333
181.000000,182,DY-SIN-002,DYNAMIC_SINUSOIDAL,43.954009,25.000000,DOWN,TRANSIENT,50.610000,52.800000,25.057000,25.057000,300,0.003333
182.000000,183,DY-SIN-002,DYNAMIC_SINUSOIDAL,43.788522,25.000000,DOWN,TRANSIENT,50.430000,53.000000,25.023000,25.023000,300,0.003333
183.000000,184,DY-SIN-002,DYNAMIC_SINUSOIDAL,43.625760,25.000000,DOWN,TRANSIENT,50.250000,53.000000,25.028000,25.028000,300,0.003333
184.000000,185,DY-SIN-002,DYNAMIC_SINUSOIDAL,43.465794,25.000000,DOWN,TRANSIENT,50.070000,52.700000,25.015000,25.015000,300,0.003333
185.000000,186,DY-SIN-002,DYNAMIC_SINUSOIDAL,43.308694,25.000000,DOWN,TRANSIENT,49.910000,52.800000,24.974000,24.974000,300,0.003333
186.000000,187,DY-SIN-002,DYNAMIC_SINUSOIDAL,43.154529,25.000000,DOWN,TRANSIENT,49.700000,52.200000,25.000000,25.000000,300,0.003333
187.000000,188,DY-SIN-002,DYNAMIC_SINUSOIDAL,43.003367,25.000000,DOWN,TRANSIENT,49.580000,52.300000,25.012000,25.012000,300,0.003333
188.000000,189,DY-SIN-002,DYNAMIC_SINUSOIDAL,42.855273,25.000000,DOWN,TRANSIENT,49.400000,52.100000,25.038000,25.038000,300,0.003333
189.000000,190,DY-SIN-002,DYNAMIC_SINUSOIDAL,42.710314,25.000000,DOWN,TRANSIENT,49.210000,51.700000,24.970000,24.970000,300,0.003333
190.000000,191,DY-SIN-002,DYNAMIC_SINUSOIDAL,42.568552,25.000000,DOWN,TRANSIENT,49.080000,51.200000,25.000000,25.000000,300,0.003333
191.000000,192,DY-SIN-002,DYNAMIC_SINUSOIDAL,42.430049,25.000000,DOWN,TRANSIENT,48.900000,51.500000,24.972000,24.972000,300,0.003333
192.000000,193,DY-SIN-002,DYNAMIC_SINUSOIDAL,42.294868,25.000000,DOWN,TRANSIENT,48.720000,51.400000,25.013000,25.013000,300,0.003333
193.000000,194,DY-SIN-002,DYNAMIC_SINUSOIDAL,42.163065,25.000000,DOWN,TRANSIENT,48.610000,51.200000,25.054000,25.054000,300,0.003333
194.000000,195,DY-SIN-002,DYNAMIC_SINUSOIDAL,42.034701,25.000000,DOWN,TRANSIENT,48.390000,50.600000,25.023000,25.023000,300,0.003333
195.000000,196,DY-SIN-002,DYNAMIC_SINUSOIDAL,41.909830,25.000000,DOWN,TRANSIENT,48.260000,50.800000,25.027000,25.027000,300,0.003333
196.000000,197,DY-SIN-002,DYNAMIC_SINUSOIDAL,41.788508,25.000000,DOWN,TRANSIENT,48.140000,50.300000,25.018000,25.018000,300,0.003333
197.000000,198,DY-SIN-002,DYNAMIC_SINUSOIDAL,41.670788,25.000000,DOWN,TRANSIENT,47.920000,50.300000,25.067000,25.067000,300,0.003333
198.000000,199,DY-SIN-002,DYNAMIC_SINUSOIDAL,41.556721,25.000000,DOWN,TRANSIENT,47.730000,50.300000,25.040000,25.040000,300,0.003333
199.000000,200,DY-SIN-002,DYNAMIC_SINUSOIDAL,41.446357,25.000000,DOWN,TRANSIENT,47.590000,49.900000,25.023000,25.023000,300,0.003333
200.000000,201,DY-SIN-002,DYNAMIC_SINUSOIDAL,41.339746,25.000000,DOWN,TRANSIENT,47.370000,49.900000,25.050000,25.050000,300,0.003333
201.000000,202,DY-SIN-002,DYNAMIC_SINUSOIDAL,41.236933,25.000000,DOWN,TRANSIENT,47.190000,49.800000,25.063000,25.063000,300,0.003333
202.000000,203,DY-SIN-002,DYNAMIC_SINUSOIDAL,41.137964,25.000000,DOWN,TRANSIENT,47.140000,49.600000,25.078000,25.078000,300,0.003333
203.000000,204,DY-SIN-002,DYNAMIC_SINUSOIDAL,41.042882,25.000000,DOWN,TRANSIENT,46.880000,49.400000,25.004000,25.004000,300,0.003333
204.000000,205,DY-SIN-002,DYNAMIC_SINUSOIDAL,40.951729,25.000000,DOWN,TRANSIENT,46.680000,49.000000,25.049000,25.049000,300,0.003333
205.000000,206,DY-SIN-002,DYNAMIC_SINUSOIDAL,40.864545,25.000000,DOWN,TRANSIENT,46.510000,49.200000,24.995000,24.995000,300,0.003333
206.000000,207,DY-SIN-002,DYNAMIC_SINUSOIDAL,40.781368,25.000000,DOWN,TRANSIENT,46.330000,49.000000,25.016000,25.016000,300,0.003333
207.000000,208,DY-SIN-002,DYNAMIC_SINUSOIDAL,40.702235,25.000000,DOWN,TRANSIENT,46.130000,48.300000,25.007000,25.007000,300,0.003333
208.000000,209,DY-SIN-002,DYNAMIC_SINUSOIDAL,40.627180,25.000000,DOWN,TRANSIENT,46.030000,48.900000,25.016000,25.016000,300,0.003333
209.000000,210,DY-SIN-002,DYNAMIC_SINUSOIDAL,40.556236,25.000000,DOWN,TRANSIENT,45.860000,48.600000,25.005000,25.005000,300,0.003333
210.000000,211,DY-SIN-002,DYNAMIC_SINUSOIDAL,40.489435,25.000000,DOWN,TRANSIENT,45.750000,47.900000,25.033000,25.033000,300,0.003333
211.000000,212,DY-SIN-002,DYNAMIC_SINUSOIDAL,40.426805,25.000000,DOWN,TRANSIENT,45.650000,48.600000,25.061000,25.061000,300,0.003333
212.000000,213,DY-SIN-002,DYNAMIC_SINUSOIDAL,40.368374,25.000000,DOWN,TRANSIENT,45.530000,47.900000,24.956000,24.956000,300,0.003333
213.000000,214,DY-SIN-002,DYNAMIC_SINUSOIDAL,40.314168,25.000000,DOWN,TRANSIENT,45.320000,47.600000,25.003000,25.003000,300,0.003333
214.000000,215,DY-SIN-002,DYNAMIC_SINUSOIDAL,40.264211,25.000000,DOWN,TRANSIENT,45.200000,47.700000,25.033000,25.033000,300,0.003333
215.000000,216,DY-SIN-002,DYNAMIC_SINUSOIDAL,40.218524,25.000000,DOWN,TRANSIENT,45.110000,47.800000,24.926000,24.926000,300,0.003333
216.000000,217,DY-SIN-002,DYNAMIC_SINUSOIDAL,40.177127,25.000000,DOWN,TRANSIENT,44.990000,47.400000,25.040000,25.040000,300,0.003333
217.000000,218,DY-SIN-002,DYNAMIC_SINUSOIDAL,40.140040,25.000000,DOWN,TRANSIENT,44.790000,47.500000,24.983000,24.983000,300,0.003333
218.000000,219,DY-SIN-002,DYNAMIC_SINUSOIDAL,40.107277,25.000000,DOWN,TRANSIENT,44.650000,46.800000,25.027000,25.027000,300,0.003333
219.000000,220,DY-SIN-002,DYNAMIC_SINUSOIDAL,40.078853,25.000000,DOWN,TRANSIENT,44.470000,47.200000,25.047000,25.047000,300,0.003333
220.000000,221,DY-SIN-002,DYNAMIC_SINUSOIDAL,40.054781,25.000000,DOWN,TRANSIENT,44.380000,46.900000,25.063000,25.063000,300,0.003333
221.000000,222,DY-SIN-002,DYNAMIC_SINUSOIDAL,40.035071,25.000000,DOWN,TRANSIENT,44.260000,46.700000,25.029000,25.029000,300,0.003333
222.000000,223,DY-SIN-002,DYNAMIC_SINUSOIDAL,40.019733,25.000000,DOWN,TRANSIENT,44.160000,46.500000,25.009000,25.009000,300,0.003333
223.000000,224,DY-SIN-002,DYNAMIC_SINUSOIDAL,40.008772,25.000000,DOWN,TRANSIENT,44.020000,46.400000,24.968000,24.968000,300,0.003333
224.000000,225,DY-SIN-002,DYNAMIC_SINUSOIDAL,40.002193,25.000000,DOWN,TRANSIENT,43.890000,46.600000,25.000000,25.000000,300,0.003333
225.000000,226,DY-SIN-002,DYNAMIC_SINUSOIDAL,40.000000,25.000000,DOWN,TRANSIENT,43.820000,45.800000,25.051000,25.051000,300,0.003333
226.000000,227,DY-SIN-002,DYNAMIC_SINUSOIDAL,40.002193,25.000000,UP,TRANSIENT,43.730000,45.000000,24.994000,24.994000,300,0.003333
227.000000,228,DY-SIN-002,DYNAMIC_SINUSOIDAL,40.008772,25.000000,UP,TRANSIENT,43.620000,44.800000,24.960000,24.960000,300,0.003333
228.000000,229,DY-SIN-002,DYNAMIC_SINUSOIDAL,40.019733,25.000000,UP,TRANSIENT,43.530000,44.800000,24.966000,24.966000,300,0.003333
229.000000,230,DY-SIN-002,DYNAMIC_SINUSOIDAL,40.035071,25.000000,UP,TRANSIENT,43.450000,45.100000,25.062000,25.062000,300,0.003333
230.000000,231,DY-SIN-002,DYNAMIC_SINUSOIDAL,40.054781,25.000000,UP,TRANSIENT,43.370000,44.300000,25.029000,25.029000,300,0.003333
231.000000,232,DY-SIN-002,DYNAMIC_SINUSOIDAL,40.078853,25.000000,UP,TRANSIENT,43.270000,44.700000,25.016000,25.016000,300,0.003333
232.000000,233,DY-SIN-002,DYNAMIC_SINUSOIDAL,40.107277,25.000000,UP,TRANSIENT,43.240000,44.700000,25.058000,25.058000,300,0.003333
233.000000,234,DY-SIN-002,DYNAMIC_SINUSOIDAL,40.140040,25.000000,UP,TRANSIENT,43.090000,44.500000,25.015000,25.015000,300,0.003333
234.000000,235,DY-SIN-002,DYNAMIC_SINUSOIDAL,40.177127,25.000000,UP,TRANSIENT,42.990000,43.900000,25.007000,25.007000,300,0.003333
235.000000,236,DY-SIN-002,DYNAMIC_SINUSOIDAL,40.218524,25.000000,UP,TRANSIENT,42.960000,43.600000,25.086000,25.086000,300,0.003333
236.000000,237,DY-SIN-002,DYNAMIC_SINUSOIDAL,40.264211,25.000000,UP,TRANSIENT,42.780000,44.100000,24.982000,24.982000,300,0.003333
237.000000,238,DY-SIN-002,DYNAMIC_SINUSOIDAL,40.314168,25.000000,UP,TRANSIENT,42.720000,44.300000,25.007000,25.007000,300,0.003333
238.000000,239,DY-SIN-002,DYNAMIC_SINUSOIDAL,40.368374,25.000000,UP,TRANSIENT,42.680000,43.800000,25.061000,25.061000,300,0.003333
239.000000,240,DY-SIN-002,DYNAMIC_SINUSOIDAL,40.426805,25.000000,UP,TRANSIENT,42.540000,43.600000,25.079000,25.079000,300,0.003333
240.000000,241,DY-SIN-002,DYNAMIC_SINUSOIDAL,40.489435,25.000000,UP,TRANSIENT,42.480000,43.700000,24.964000,24.964000,300,0.003333
241.000000,242,DY-SIN-002,DYNAMIC_SINUSOIDAL,40.556236,25.000000,UP,TRANSIENT,42.490000,43.300000,25.037000,25.037000,300,0.003333
242.000000,243,DY-SIN-002,DYNAMIC_SINUSOIDAL,40.627180,25.000000,UP,TRANSIENT,42.390000,43.300000,25.017000,25.017000,300,0.003333
243.000000,244,DY-SIN-002,DYNAMIC_SINUSOIDAL,40.702235,25.000000,UP,TRANSIENT,42.380000,43.400000,24.989000,24.989000,300,0.003333
244.000000,245,DY-SIN-002,DYNAMIC_SINUSOIDAL,40.781368,25.000000,UP,TRANSIENT,42.310000,43.400000,25.040000,25.040000,300,0.003333
245.000000,246,DY-SIN-002,DYNAMIC_SINUSOIDAL,40.864545,25.000000,UP,TRANSIENT,42.210000,42.600000,25.047000,25.047000,300,0.003333
246.000000,247,DY-SIN-002,DYNAMIC_SINUSOIDAL,40.951729,25.000000,UP,TRANSIENT,42.180000,43.600000,25.059000,25.059000,300,0.003333
247.000000,248,DY-SIN-002,DYNAMIC_SINUSOIDAL,41.042882,25.000000,UP,TRANSIENT,42.160000,43.100000,25.002000,25.002000,300,0.003333
248.000000,249,DY-SIN-002,DYNAMIC_SINUSOIDAL,41.137964,25.000000,UP,TRANSIENT,42.140000,42.700000,25.021000,25.021000,300,0.003333
249.000000,250,DY-SIN-002,DYNAMIC_SINUSOIDAL,41.236933,25.000000,UP,TRANSIENT,42.090000,43.300000,25.029000,25.029000,300,0.003333
250.000000,251,DY-SIN-002,DYNAMIC_SINUSOIDAL,41.339746,25.000000,UP,TRANSIENT,42.010000,43.000000,25.106000,25.106000,300,0.003333
251.000000,252,DY-SIN-002,DYNAMIC_SINUSOIDAL,41.446357,25.000000,UP,TRANSIENT,41.990000,43.000000,25.041000,25.041000,300,0.003333
252.000000,253,DY-SIN-002,DYNAMIC_SINUSOIDAL,41.556721,25.000000,UP,TRANSIENT,41.990000,42.300000,24.934000,24.934000,300,0.003333
253.000000,254,DY-SIN-002,DYNAMIC_SINUSOIDAL,41.670788,25.000000,UP,TRANSIENT,41.990000,42.900000,25.001000,25.001000,300,0.003333
254.000000,255,DY-SIN-002,DYNAMIC_SINUSOIDAL,41.788508,25.000000,UP,TRANSIENT,41.950000,42.300000,25.038000,25.038000,300,0.003333
255.000000,256,DY-SIN-002,DYNAMIC_SINUSOIDAL,41.909830,25.000000,UP,TRANSIENT,41.890000,42.200000,25.012000,25.012000,300,0.003333
256.000000,257,DY-SIN-002,DYNAMIC_SINUSOIDAL,42.034701,25.000000,UP,TRANSIENT,41.920000,42.100000,25.069000,25.069000,300,0.003333
257.000000,258,DY-SIN-002,DYNAMIC_SINUSOIDAL,42.163065,25.000000,UP,TRANSIENT,41.900000,42.200000,25.054000,25.054000,300,0.003333
258.000000,259,DY-SIN-002,DYNAMIC_SINUSOIDAL,42.294868,25.000000,UP,TRANSIENT,41.890000,42.400000,25.018000,25.018000,300,0.003333
259.000000,260,DY-SIN-002,DYNAMIC_SINUSOIDAL,42.430049,25.000000,UP,TRANSIENT,41.870000,42.300000,25.019000,25.019000,300,0.003333
260.000000,261,DY-SIN-002,DYNAMIC_SINUSOIDAL,42.568552,25.000000,UP,TRANSIENT,41.910000,41.900000,25.047000,25.047000,300,0.003333
261.000000,262,DY-SIN-002,DYNAMIC_SINUSOIDAL,42.710314,25.000000,UP,TRANSIENT,41.940000,41.700000,25.006000,25.006000,300,0.003333
262.000000,263,DY-SIN-002,DYNAMIC_SINUSOIDAL,42.855273,25.000000,UP,TRANSIENT,41.960000,41.700000,24.990000,24.990000,300,0.003333
263.000000,264,DY-SIN-002,DYNAMIC_SINUSOIDAL,43.003367,25.000000,UP,TRANSIENT,41.970000,42.800000,25.036000,25.036000,300,0.003333
264.000000,265,DY-SIN-002,DYNAMIC_SINUSOIDAL,43.154529,25.000000,UP,TRANSIENT,41.970000,41.900000,24.987000,24.987000,300,0.003333
265.000000,266,DY-SIN-002,DYNAMIC_SINUSOIDAL,43.308694,25.000000,UP,TRANSIENT,42.000000,41.700000,25.065000,25.065000,300,0.003333
266.000000,267,DY-SIN-002,DYNAMIC_SINUSOIDAL,43.465794,25.000000,UP,TRANSIENT,42.100000,41.700000,25.005000,25.005000,300,0.003333
267.000000,268,DY-SIN-002,DYNAMIC_SINUSOIDAL,43.625760,25.000000,UP,TRANSIENT,42.000000,41.700000,25.074000,25.074000,300,0.003333
268.000000,269,DY-SIN-002,DYNAMIC_SINUSOIDAL,43.788522,25.000000,UP,TRANSIENT,41.980000,41.300000,25.011000,25.011000,300,0.003333
269.000000,270,DY-SIN-002,DYNAMIC_SINUSOIDAL,43.954009,25.000000,UP,TRANSIENT,42.030000,41.900000,24.949000,24.949000,300,0.003333
270.000000,271,DY-SIN-002,DYNAMIC_SINUSOIDAL,44.122147,25.000000,UP,TRANSIENT,42.170000,41.400000,25.102000,25.102000,300,0.003333
271.000000,272,DY-SIN-002,DYNAMIC_SINUSOIDAL,44.292864,25.000000,UP,TRANSIENT,42.160000,41.500000,25.064000,25.064000,300,0.003333
272.000000,273,DY-SIN-002,DYNAMIC_SINUSOIDAL,44.466085,25.000000,UP,TRANSIENT,42.170000,41.300000,25.038000,25.038000,300,0.003333
273.000000,274,DY-SIN-002,DYNAMIC_SINUSOIDAL,44.641732,25.000000,UP,TRANSIENT,42.230000,41.500000,24.989000,24.989000,300,0.003333
274.000000,275,DY-SIN-002,DYNAMIC_SINUSOIDAL,44.819730,25.000000,UP,TRANSIENT,42.250000,41.200000,25.062000,25.062000,300,0.003333
275.000000,276,DY-SIN-002,DYNAMIC_SINUSOIDAL,45.000000,25.000000,UP,TRANSIENT,42.380000,41.600000,25.037000,25.037000,300,0.003333
276.000000,277,DY-SIN-002,DYNAMIC_SINUSOIDAL,45.182463,25.000000,UP,TRANSIENT,42.380000,41.700000,25.073000,25.073000,300,0.003333
277.000000,278,DY-SIN-002,DYNAMIC_SINUSOIDAL,45.367040,25.000000,UP,TRANSIENT,42.450000,41.200000,25.008000,25.008000,300,0.003333
278.000000,279,DY-SIN-002,DYNAMIC_SINUSOIDAL,45.553648,25.000000,UP,TRANSIENT,42.460000,41.400000,24.963000,24.963000,300,0.003333
279.000000,280,DY-SIN-002,DYNAMIC_SINUSOIDAL,45.742207,25.000000,UP,TRANSIENT,42.540000,41.300000,25.053000,25.053000,300,0.003333
280.000000,281,DY-SIN-002,DYNAMIC_SINUSOIDAL,45.932634,25.000000,UP,TRANSIENT,42.670000,41.000000,25.072000,25.072000,300,0.003333
281.000000,282,DY-SIN-002,DYNAMIC_SINUSOIDAL,46.124844,25.000000,UP,TRANSIENT,42.790000,41.300000,25.038000,25.038000,300,0.003333
282.000000,283,DY-SIN-002,DYNAMIC_SINUSOIDAL,46.318754,25.000000,UP,TRANSIENT,42.820000,41.200000,25.005000,25.005000,300,0.003333
283.000000,284,DY-SIN-002,DYNAMIC_SINUSOIDAL,46.514280,25.000000,UP,TRANSIENT,42.870000,41.500000,25.033000,25.033000,300,0.003333
284.000000,285,DY-SIN-002,DYNAMIC_SINUSOIDAL,46.711334,25.000000,UP,TRANSIENT,43.040000,41.300000,25.067000,25.067000,300,0.003333
285.000000,286,DY-SIN-002,DYNAMIC_SINUSOIDAL,46.909830,25.000000,UP,TRANSIENT,43.120000,41.000000,25.012000,25.012000,300,0.003333
286.000000,287,DY-SIN-002,DYNAMIC_SINUSOIDAL,47.109682,25.000000,UP,TRANSIENT,43.150000,41.200000,25.045000,25.045000,300,0.003333
287.000000,288,DY-SIN-002,DYNAMIC_SINUSOIDAL,47.310802,25.000000,UP,TRANSIENT,43.230000,41.300000,25.009000,25.009000,300,0.003333
288.000000,289,DY-SIN-002,DYNAMIC_SINUSOIDAL,47.513101,25.000000,UP,TRANSIENT,43.290000,41.400000,25.001000,25.001000,300,0.003333
289.000000,290,DY-SIN-002,DYNAMIC_SINUSOIDAL,47.716491,25.000000,UP,TRANSIENT,43.330000,41.400000,24.989000,24.989000,300,0.003333
290.000000,291,DY-SIN-002,DYNAMIC_SINUSOIDAL,47.920883,25.000000,UP,TRANSIENT,43.450000,41.600000,25.044000,25.044000,300,0.003333
291.000000,292,DY-SIN-002,DYNAMIC_SINUSOIDAL,48.126187,25.000000,UP,TRANSIENT,43.590000,40.800000,25.039000,25.039000,300,0.003333
292.000000,293,DY-SIN-002,DYNAMIC_SINUSOIDAL,48.332313,25.000000,UP,TRANSIENT,43.740000,41.700000,25.001000,25.001000,300,0.003333
293.000000,294,DY-SIN-002,DYNAMIC_SINUSOIDAL,48.539170,25.000000,UP,TRANSIENT,43.790000,41.600000,25.007000,25.007000,300,0.003333
294.000000,295,DY-SIN-002,DYNAMIC_SINUSOIDAL,48.746668,25.000000,UP,TRANSIENT,43.910000,41.400000,25.046000,25.046000,300,0.003333
295.000000,296,DY-SIN-002,DYNAMIC_SINUSOIDAL,48.954715,25.000000,UP,TRANSIENT,44.030000,41.300000,25.078000,25.078000,300,0.003333
296.000000,297,DY-SIN-002,DYNAMIC_SINUSOIDAL,49.163222,25.000000,UP,TRANSIENT,44.210000,41.900000,25.075000,25.075000,300,0.003333
297.000000,298,DY-SIN-002,DYNAMIC_SINUSOIDAL,49.372095,25.000000,UP,TRANSIENT,44.290000,41.800000,25.086000,25.086000,300,0.003333
298.000000,299,DY-SIN-002,DYNAMIC_SINUSOIDAL,49.581243,25.000000,UP,TRANSIENT,44.390000,41.900000,24.994000,24.994000,300,0.003333
299.000000,300,DY-SIN-002,DYNAMIC_SINUSOIDAL,49.790576,25.000000,UP,TRANSIENT,44.580000,41.300000,25.026000,25.026000,300,0.003333
300.000000,301,DY-SIN-002,DYNAMIC_SINUSOIDAL,50.000000,25.000000,UP,TRANSIENT,44.670000,41.600000,25.028000,25.028000,300,0.003333
301.000000,302,DY-SIN-002,DYNAMIC_SINUSOIDAL,50.209424,25.000000,UP,TRANSIENT,44.850000,42.000000,25.001000,25.001000,300,0.003333
302.000000,303,DY-SIN-002,DYNAMIC_SINUSOIDAL,50.418757,25.000000,UP,TRANSIENT,45.030000,41.900000,25.014000,25.014000,300,0.003333
303.000000,304,DY-SIN-002,DYNAMIC_SINUSOIDAL,50.627905,25.000000,UP,TRANSIENT,45.040000,41.700000,25.012000,25.012000,300,0.003333
304.000000,305,DY-SIN-002,DYNAMIC_SINUSOIDAL,50.836778,25.000000,UP,TRANSIENT,45.170000,42.000000,25.014000,25.014000,300,0.003333
305.000000,306,DY-SIN-002,DYNAMIC_SINUSOIDAL,51.045285,25.000000,UP,TRANSIENT,45.350000,42.700000,24.992000,24.992000,300,0.003333
306.000000,307,DY-SIN-002,DYNAMIC_SINUSOIDAL,51.253332,25.000000,UP,TRANSIENT,45.480000,42.000000,25.032000,25.032000,300,0.003333
307.000000,308,DY-SIN-002,DYNAMIC_SINUSOIDAL,51.460830,25.000000,UP,TRANSIENT,45.710000,41.900000,24.982000,24.982000,300,0.003333
308.000000,309,DY-SIN-002,DYNAMIC_SINUSOIDAL,51.667687,25.000000,UP,TRANSIENT,45.830000,41.900000,24.960000,24.960000,300,0.003333
309.000000,310,DY-SIN-002,DYNAMIC_SINUSOIDAL,51.873813,25.000000,UP,TRANSIENT,45.970000,42.300000,24.981000,24.981000,300,0.003333
310.000000,311,DY-SIN-002,DYNAMIC_SINUSOIDAL,52.079117,25.000000,UP,TRANSIENT,46.150000,42.700000,25.002000,25.002000,300,0.003333
311.000000,312,DY-SIN-002,DYNAMIC_SINUSOIDAL,52.283509,25.000000,UP,TRANSIENT,46.260000,42.900000,24.989000,24.989000,300,0.003333
312.000000,313,DY-SIN-002,DYNAMIC_SINUSOIDAL,52.486899,25.000000,UP,TRANSIENT,46.330000,42.600000,25.051000,25.051000,300,0.003333
313.000000,314,DY-SIN-002,DYNAMIC_SINUSOIDAL,52.689198,25.000000,UP,TRANSIENT,46.500000,42.900000,25.051000,25.051000,300,0.003333
314.000000,315,DY-SIN-002,DYNAMIC_SINUSOIDAL,52.890318,25.000000,UP,TRANSIENT,46.740000,42.700000,25.058000,25.058000,300,0.003333
315.000000,316,DY-SIN-002,DYNAMIC_SINUSOIDAL,53.090170,25.000000,UP,TRANSIENT,46.880000,43.100000,25.009000,25.009000,300,0.003333
316.000000,317,DY-SIN-002,DYNAMIC_SINUSOIDAL,53.288666,25.000000,UP,TRANSIENT,47.070000,42.400000,25.042000,25.042000,300,0.003333
317.000000,318,DY-SIN-002,DYNAMIC_SINUSOIDAL,53.485720,25.000000,UP,TRANSIENT,47.140000,43.000000,25.042000,25.042000,300,0.003333
318.000000,319,DY-SIN-002,DYNAMIC_SINUSOIDAL,53.681246,25.000000,UP,TRANSIENT,47.370000,43.300000,25.068000,25.068000,300,0.003333
319.000000,320,DY-SIN-002,DYNAMIC_SINUSOIDAL,53.875156,25.000000,UP,TRANSIENT,47.460000,43.500000,24.995000,24.995000,300,0.003333
320.000000,321,DY-SIN-002,DYNAMIC_SINUSOIDAL,54.067366,25.000000,UP,TRANSIENT,47.640000,43.200000,25.042000,25.042000,300,0.003333
321.000000,322,DY-SIN-002,DYNAMIC_SINUSOIDAL,54.257793,25.000000,UP,TRANSIENT,47.790000,43.300000,25.130000,25.130000,300,0.003333
322.000000,323,DY-SIN-002,DYNAMIC_SINUSOIDAL,54.446352,25.000000,UP,TRANSIENT,48.070000,43.000000,25.029000,25.029000,300,0.003333
323.000000,324,DY-SIN-002,DYNAMIC_SINUSOIDAL,54.632960,25.000000,UP,TRANSIENT,48.170000,43.600000,25.058000,25.058000,300,0.003333
324.000000,325,DY-SIN-002,DYNAMIC_SINUSOIDAL,54.817537,25.000000,UP,TRANSIENT,48.390000,43.300000,25.043000,25.043000,300,0.003333
325.000000,326,DY-SIN-002,DYNAMIC_SINUSOIDAL,55.000000,25.000000,UP,TRANSIENT,48.490000,44.500000,25.040000,25.040000,300,0.003333
326.000000,327,DY-SIN-002,DYNAMIC_SINUSOIDAL,55.180270,25.000000,UP,TRANSIENT,48.620000,43.500000,24.997000,24.997000,300,0.003333
327.000000,328,DY-SIN-002,DYNAMIC_SINUSOIDAL,55.358268,25.000000,UP,TRANSIENT,48.880000,44.600000,25.012000,25.012000,300,0.003333
328.000000,329,DY-SIN-002,DYNAMIC_SINUSOIDAL,55.533915,25.000000,UP,TRANSIENT,49.030000,44.600000,25.008000,25.008000,300,0.003333
329.000000,330,DY-SIN-002,DYNAMIC_SINUSOIDAL,55.707136,25.000000,UP,TRANSIENT,49.190000,44.400000,25.045000,25.045000,300,0.003333
330.000000,331,DY-SIN-002,DYNAMIC_SINUSOIDAL,55.877853,25.000000,UP,TRANSIENT,49.390000,45.000000,25.012000,25.012000,300,0.003333
331.000000,332,DY-SIN-002,DYNAMIC_SINUSOIDAL,56.045991,25.000000,UP,TRANSIENT,49.420000,44.400000,24.929000,24.929000,300,0.003333
332.000000,333,DY-SIN-002,DYNAMIC_SINUSOIDAL,56.211478,25.000000,UP,TRANSIENT,49.640000,44.800000,25.050000,25.050000,300,0.003333
333.000000,334,DY-SIN-002,DYNAMIC_SINUSOIDAL,56.374240,25.000000,UP,TRANSIENT,49.810000,45.200000,24.997000,24.997000,300,0.003333
334.000000,335,DY-SIN-002,DYNAMIC_SINUSOIDAL,56.534206,25.000000,UP,TRANSIENT,49.990000,44.600000,24.931000,24.931000,300,0.003333
335.000000,336,DY-SIN-002,DYNAMIC_SINUSOIDAL,56.691306,25.000000,UP,TRANSIENT,50.180000,45.200000,25.048000,25.048000,300,0.003333
336.000000,337,DY-SIN-002,DYNAMIC_SINUSOIDAL,56.845471,25.000000,UP,TRANSIENT,50.420000,45.400000,25.027000,25.027000,300,0.003333
337.000000,338,DY-SIN-002,DYNAMIC_SINUSOIDAL,56.996633,25.000000,UP,TRANSIENT,50.570000,45.600000,25.020000,25.020000,300,0.003333
338.000000,339,DY-SIN-002,DYNAMIC_SINUSOIDAL,57.144727,25.000000,UP,TRANSIENT,50.720000,45.700000,24.969000,24.969000,300,0.003333
339.000000,340,DY-SIN-002,DYNAMIC_SINUSOIDAL,57.289686,25.000000,UP,TRANSIENT,50.930000,46.000000,25.082000,25.082000,300,0.003333
340.000000,341,DY-SIN-002,DYNAMIC_SINUSOIDAL,57.431448,25.000000,UP,TRANSIENT,51.140000,46.000000,25.062000,25.062000,300,0.003333
341.000000,342,DY-SIN-002,DYNAMIC_SINUSOIDAL,57.569951,25.000000,UP,TRANSIENT,51.180000,46.300000,25.035000,25.035000,300,0.003333
342.000000,343,DY-SIN-002,DYNAMIC_SINUSOIDAL,57.705132,25.000000,UP,TRANSIENT,51.430000,46.300000,25.070000,25.070000,300,0.003333
343.000000,344,DY-SIN-002,DYNAMIC_SINUSOIDAL,57.836935,25.000000,UP,TRANSIENT,51.640000,46.300000,25.017000,25.017000,300,0.003333
344.000000,345,DY-SIN-002,DYNAMIC_SINUSOIDAL,57.965299,25.000000,UP,TRANSIENT,51.780000,46.200000,24.974000,24.974000,300,0.003333
345.000000,346,DY-SIN-002,DYNAMIC_SINUSOIDAL,58.090170,25.000000,UP,TRANSIENT,51.920000,46.400000,24.986000,24.986000,300,0.003333
346.000000,347,DY-SIN-002,DYNAMIC_SINUSOIDAL,58.211492,25.000000,UP,TRANSIENT,52.080000,46.500000,24.962000,24.962000,300,0.003333
347.000000,348,DY-SIN-002,DYNAMIC_SINUSOIDAL,58.329212,25.000000,UP,TRANSIENT,52.230000,46.900000,25.045000,25.045000,300,0.003333
348.000000,349,DY-SIN-002,DYNAMIC_SINUSOIDAL,58.443279,25.000000,UP,TRANSIENT,52.390000,46.900000,25.034000,25.034000,300,0.003333
349.000000,350,DY-SIN-002,DYNAMIC_SINUSOIDAL,58.553643,25.000000,UP,TRANSIENT,52.650000,47.400000,24.987000,24.987000,300,0.003333
350.000000,351,DY-SIN-002,DYNAMIC_SINUSOIDAL,58.660254,25.000000,UP,TRANSIENT,52.720000,47.200000,25.010000,25.010000,300,0.003333
351.000000,352,DY-SIN-002,DYNAMIC_SINUSOIDAL,58.763067,25.000000,UP,TRANSIENT,52.900000,47.200000,25.058000,25.058000,300,0.003333
352.000000,353,DY-SIN-002,DYNAMIC_SINUSOIDAL,58.862036,25.000000,UP,TRANSIENT,53.100000,47.300000,24.969000,24.969000,300,0.003333
353.000000,354,DY-SIN-002,DYNAMIC_SINUSOIDAL,58.957118,25.000000,UP,TRANSIENT,53.200000,47.800000,25.035000,25.035000,300,0.003333
354.000000,355,DY-SIN-002,DYNAMIC_SINUSOIDAL,59.048271,25.000000,UP,TRANSIENT,53.340000,47.900000,25.005000,25.005000,300,0.003333
355.000000,356,DY-SIN-002,DYNAMIC_SINUSOIDAL,59.135455,25.000000,UP,TRANSIENT,53.530000,48.300000,25.021000,25.021000,300,0.003333
356.000000,357,DY-SIN-002,DYNAMIC_SINUSOIDAL,59.218632,25.000000,UP,TRANSIENT,53.680000,47.900000,25.004000,25.004000,300,0.003333
357.000000,358,DY-SIN-002,DYNAMIC_SINUSOIDAL,59.297765,25.000000,UP,TRANSIENT,53.860000,48.600000,25.045000,25.045000,300,0.003333
358.000000,359,DY-SIN-002,DYNAMIC_SINUSOIDAL,59.372820,25.000000,UP,TRANSIENT,54.040000,48.300000,25.038000,25.038000,300,0.003333
359.000000,360,DY-SIN-002,DYNAMIC_SINUSOIDAL,59.443764,25.000000,UP,TRANSIENT,54.220000,48.900000,25.040000,25.040000,300,0.003333
360.000000,361,DY-SIN-002,DYNAMIC_SINUSOIDAL,59.510565,25.000000,UP,TRANSIENT,54.320000,48.600000,25.080000,25.080000,300,0.003333
361.000000,362,DY-SIN-002,DYNAMIC_SINUSOIDAL,59.573195,25.000000,UP,TRANSIENT,54.440000,48.800000,25.005000,25.005000,300,0.003333
362.000000,363,DY-SIN-002,DYNAMIC_SINUSOIDAL,59.631626,25.000000,UP,TRANSIENT,54.630000,48.700000,24.999000,24.999000,300,0.003333
363.000000,364,DY-SIN-002,DYNAMIC_SINUSOIDAL,59.685832,25.000000,UP,TRANSIENT,54.740000,49.400000,25.005000,25.005000,300,0.003333
364.000000,365,DY-SIN-002,DYNAMIC_SINUSOIDAL,59.735789,25.000000,UP,TRANSIENT,54.930000,49.300000,25.010000,25.010000,300,0.003333
365.000000,366,DY-SIN-002,DYNAMIC_SINUSOIDAL,59.781476,25.000000,UP,TRANSIENT,55.060000,49.700000,25.045000,25.045000,300,0.003333
366.000000,367,DY-SIN-002,DYNAMIC_SINUSOIDAL,59.822873,25.000000,UP,TRANSIENT,55.180000,49.700000,25.010000,25.010000,300,0.003333
367.000000,368,DY-SIN-002,DYNAMIC_SINUSOIDAL,59.859960,25.000000,UP,TRANSIENT,55.300000,49.500000,25.034000,25.034000,300,0.003333
368.000000,369,DY-SIN-002,DYNAMIC_SINUSOIDAL,59.892723,25.000000,UP,TRANSIENT,55.490000,50.000000,25.008000,25.008000,300,0.003333
369.000000,370,DY-SIN-002,DYNAMIC_SINUSOIDAL,59.921147,25.000000,UP,TRANSIENT,55.640000,50.200000,25.016000,25.016000,300,0.003333
370.000000,371,DY-SIN-002,DYNAMIC_SINUSOIDAL,59.945219,25.000000,UP,TRANSIENT,55.730000,49.900000,25.026000,25.026000,300,0.003333
371.000000,372,DY-SIN-002,DYNAMIC_SINUSOIDAL,59.964929,25.000000,UP,TRANSIENT,55.920000,49.900000,24.997000,24.997000,300,0.003333
372.000000,373,DY-SIN-002,DYNAMIC_SINUSOIDAL,59.980267,25.000000,UP,TRANSIENT,56.040000,50.500000,24.969000,24.969000,300,0.003333
373.000000,374,DY-SIN-002,DYNAMIC_SINUSOIDAL,59.991228,25.000000,UP,TRANSIENT,56.130000,50.700000,25.043000,25.043000,300,0.003333
374.000000,375,DY-SIN-002,DYNAMIC_SINUSOIDAL,59.997807,25.000000,UP,TRANSIENT,56.220000,50.800000,25.072000,25.072000,300,0.003333
375.000000,376,DY-SIN-002,DYNAMIC_SINUSOIDAL,60.000000,25.000000,UP,TRANSIENT,56.390000,51.500000,25.045000,25.045000,300,0.003333
376.000000,377,DY-SIN-002,DYNAMIC_SINUSOIDAL,59.997807,25.000000,DOWN,TRANSIENT,56.460000,52.400000,25.056000,25.056000,300,0.003333
377.000000,378,DY-SIN-002,DYNAMIC_SINUSOIDAL,59.991228,25.000000,DOWN,TRANSIENT,56.460000,52.100000,25.038000,25.038000,300,0.003333
378.000000,379,DY-SIN-002,DYNAMIC_SINUSOIDAL,59.980267,25.000000,DOWN,TRANSIENT,56.660000,51.900000,25.036000,25.036000,300,0.003333
379.000000,380,DY-SIN-002,DYNAMIC_SINUSOIDAL,59.964929,25.000000,DOWN,TRANSIENT,56.800000,52.400000,25.028000,25.028000,300,0.003333
380.000000,381,DY-SIN-002,DYNAMIC_SINUSOIDAL,59.945219,25.000000,DOWN,TRANSIENT,56.870000,53.000000,25.035000,25.035000,300,0.003333
381.000000,382,DY-SIN-002,DYNAMIC_SINUSOIDAL,59.921147,25.000000,DOWN,TRANSIENT,56.980000,52.800000,25.016000,25.016000,300,0.003333
382.000000,383,DY-SIN-002,DYNAMIC_SINUSOIDAL,59.892723,25.000000,DOWN,TRANSIENT,57.050000,52.700000,25.060000,25.060000,300,0.003333
383.000000,384,DY-SIN-002,DYNAMIC_SINUSOIDAL,59.859960,25.000000,DOWN,TRANSIENT,57.230000,53.100000,24.954000,24.954000,300,0.003333
384.000000,385,DY-SIN-002,DYNAMIC_SINUSOIDAL,59.822873,25.000000,DOWN,TRANSIENT,57.290000,53.300000,25.035000,25.035000,300,0.003333
385.000000,386,DY-SIN-002,DYNAMIC_SINUSOIDAL,59.781476,25.000000,DOWN,TRANSIENT,57.390000,53.800000,25.028000,25.028000,300,0.003333
386.000000,387,DY-SIN-002,DYNAMIC_SINUSOIDAL,59.735789,25.000000,DOWN,TRANSIENT,57.460000,53.600000,24.991000,24.991000,300,0.003333
387.000000,388,DY-SIN-002,DYNAMIC_SINUSOIDAL,59.685832,25.000000,DOWN,TRANSIENT,57.550000,54.000000,25.048000,25.048000,300,0.003333
388.000000,389,DY-SIN-002,DYNAMIC_SINUSOIDAL,59.631626,25.000000,DOWN,TRANSIENT,57.570000,54.100000,25.054000,25.054000,300,0.003333
389.000000,390,DY-SIN-002,DYNAMIC_SINUSOIDAL,59.573195,25.000000,DOWN,TRANSIENT,57.670000,53.900000,25.012000,25.012000,300,0.003333
390.000000,391,DY-SIN-002,DYNAMIC_SINUSOIDAL,59.510565,25.000000,DOWN,TRANSIENT,57.770000,54.100000,24.989000,24.989000,300,0.003333
391.000000,392,DY-SIN-002,DYNAMIC_SINUSOIDAL,59.443764,25.000000,DOWN,TRANSIENT,57.890000,54.200000,25.023000,25.023000,300,0.003333
392.000000,393,DY-SIN-002,DYNAMIC_SINUSOIDAL,59.372820,25.000000,DOWN,TRANSIENT,57.920000,54.400000,24.998000,24.998000,300,0.003333
393.000000,394,DY-SIN-002,DYNAMIC_SINUSOIDAL,59.297765,25.000000,DOWN,TRANSIENT,58.060000,54.700000,25.014000,25.014000,300,0.003333
394.000000,395,DY-SIN-002,DYNAMIC_SINUSOIDAL,59.218632,25.000000,DOWN,TRANSIENT,58.040000,54.900000,25.013000,25.013000,300,0.003333
395.000000,396,DY-SIN-002,DYNAMIC_SINUSOIDAL,59.135455,25.000000,DOWN,TRANSIENT,58.050000,54.800000,25.040000,25.040000,300,0.003333
396.000000,397,DY-SIN-002,DYNAMIC_SINUSOIDAL,59.048271,25.000000,DOWN,TRANSIENT,58.060000,54.900000,25.002000,25.002000,300,0.003333
397.000000,398,DY-SIN-002,DYNAMIC_SINUSOIDAL,58.957118,25.000000,DOWN,TRANSIENT,58.210000,54.900000,24.974000,24.974000,300,0.003333
398.000000,399,DY-SIN-002,DYNAMIC_SINUSOIDAL,58.862036,25.000000,DOWN,TRANSIENT,58.270000,55.700000,25.046000,25.046000,300,0.003333
399.000000,400,DY-SIN-002,DYNAMIC_SINUSOIDAL,58.763067,25.000000,DOWN,TRANSIENT,58.330000,55.200000,25.074000,25.074000,300,0.003333
400.000000,401,DY-SIN-002,DYNAMIC_SINUSOIDAL,58.660254,25.000000,DOWN,TRANSIENT,58.350000,56.100000,24.971000,24.971000,300,0.003333
401.000000,402,DY-SIN-002,DYNAMIC_SINUSOIDAL,58.553643,25.000000,DOWN,TRANSIENT,58.490000,55.600000,25.048000,25.048000,300,0.003333
402.000000,403,DY-SIN-002,DYNAMIC_SINUSOIDAL,58.443279,25.000000,DOWN,TRANSIENT,58.470000,55.200000,25.071000,25.071000,300,0.003333
403.000000,404,DY-SIN-002,DYNAMIC_SINUSOIDAL,58.329212,25.000000,DOWN,TRANSIENT,58.480000,55.800000,25.047000,25.047000,300,0.003333
404.000000,405,DY-SIN-002,DYNAMIC_SINUSOIDAL,58.211492,25.000000,DOWN,TRANSIENT,58.410000,55.400000,25.075000,25.075000,300,0.003333
405.000000,406,DY-SIN-002,DYNAMIC_SINUSOIDAL,58.090170,25.000000,DOWN,TRANSIENT,58.510000,56.000000,25.075000,25.075000,300,0.003333
406.000000,407,DY-SIN-002,DYNAMIC_SINUSOIDAL,57.965299,25.000000,DOWN,TRANSIENT,58.550000,55.900000,25.041000,25.041000,300,0.003333
407.000000,408,DY-SIN-002,DYNAMIC_SINUSOIDAL,57.836935,25.000000,DOWN,TRANSIENT,58.530000,56.500000,24.991000,24.991000,300,0.003333
408.000000,409,DY-SIN-002,DYNAMIC_SINUSOIDAL,57.705132,25.000000,DOWN,TRANSIENT,58.540000,56.100000,24.998000,24.998000,300,0.003333
409.000000,410,DY-SIN-002,DYNAMIC_SINUSOIDAL,57.569951,25.000000,DOWN,TRANSIENT,58.540000,56.900000,25.030000,25.030000,300,0.003333
410.000000,411,DY-SIN-002,DYNAMIC_SINUSOIDAL,57.431448,25.000000,DOWN,TRANSIENT,58.550000,56.500000,25.012000,25.012000,300,0.003333
411.000000,412,DY-SIN-002,DYNAMIC_SINUSOIDAL,57.289686,25.000000,DOWN,TRANSIENT,58.540000,56.300000,25.012000,25.012000,300,0.003333
412.000000,413,DY-SIN-002,DYNAMIC_SINUSOIDAL,57.144727,25.000000,DOWN,TRANSIENT,58.630000,56.700000,24.996000,24.996000,300,0.003333
413.000000,414,DY-SIN-002,DYNAMIC_SINUSOIDAL,56.996633,25.000000,DOWN,TRANSIENT,58.470000,56.700000,24.958000,24.958000,300,0.003333
414.000000,415,DY-SIN-002,DYNAMIC_SINUSOIDAL,56.845471,25.000000,DOWN,TRANSIENT,58.460000,56.500000,24.998000,24.998000,300,0.003333
415.000000,416,DY-SIN-002,DYNAMIC_SINUSOIDAL,56.691306,25.000000,DOWN,TRANSIENT,58.490000,56.900000,25.050000,25.050000,300,0.003333
416.000000,417,DY-SIN-002,DYNAMIC_SINUSOIDAL,56.534206,25.000000,DOWN,TRANSIENT,58.470000,56.500000,25.029000,25.029000,300,0.003333
417.000000,418,DY-SIN-002,DYNAMIC_SINUSOIDAL,56.374240,25.000000,DOWN,TRANSIENT,58.420000,57.300000,25.030000,25.030000,300,0.003333
418.000000,419,DY-SIN-002,DYNAMIC_SINUSOIDAL,56.211478,25.000000,DOWN,TRANSIENT,58.470000,57.400000,25.070000,25.070000,300,0.003333
419.000000,420,DY-SIN-002,DYNAMIC_SINUSOIDAL,56.045991,25.000000,DOWN,TRANSIENT,58.420000,57.100000,25.049000,25.049000,300,0.003333
420.000000,421,DY-SIN-002,DYNAMIC_SINUSOIDAL,55.877853,25.000000,DOWN,TRANSIENT,58.310000,56.800000,24.988000,24.988000,300,0.003333
421.000000,422,DY-SIN-002,DYNAMIC_SINUSOIDAL,55.707136,25.000000,DOWN,TRANSIENT,58.350000,57.200000,25.008000,25.008000,300,0.003333
422.000000,423,DY-SIN-002,DYNAMIC_SINUSOIDAL,55.533915,25.000000,DOWN,TRANSIENT,58.330000,57.200000,25.011000,25.011000,300,0.003333
423.000000,424,DY-SIN-002,DYNAMIC_SINUSOIDAL,55.358268,25.000000,DOWN,TRANSIENT,58.300000,57.300000,25.050000,25.050000,300,0.003333
424.000000,425,DY-SIN-002,DYNAMIC_SINUSOIDAL,55.180270,25.000000,DOWN,TRANSIENT,58.320000,56.700000,24.990000,24.990000,300,0.003333
425.000000,426,DY-SIN-002,DYNAMIC_SINUSOIDAL,55.000000,25.000000,DOWN,TRANSIENT,58.120000,57.800000,24.967000,24.967000,300,0.003333
426.000000,427,DY-SIN-002,DYNAMIC_SINUSOIDAL,54.817537,25.000000,DOWN,TRANSIENT,58.070000,56.700000,25.032000,25.032000,300,0.003333
427.000000,428,DY-SIN-002,DYNAMIC_SINUSOIDAL,54.632960,25.000000,DOWN,TRANSIENT,58.090000,57.100000,25.019000,25.019000,300,0.003333
428.000000,429,DY-SIN-002,DYNAMIC_SINUSOIDAL,54.446352,25.000000,DOWN,TRANSIENT,57.990000,57.100000,25.032000,25.032000,300,0.003333
429.000000,430,DY-SIN-002,DYNAMIC_SINUSOIDAL,54.257793,25.000000,DOWN,TRANSIENT,57.880000,57.000000,25.025000,25.025000,300,0.003333
430.000000,431,DY-SIN-002,DYNAMIC_SINUSOIDAL,54.067366,25.000000,DOWN,TRANSIENT,57.750000,57.800000,24.944000,24.944000,300,0.003333
431.000000,432,DY-SIN-002,DYNAMIC_SINUSOIDAL,53.875156,25.000000,DOWN,TRANSIENT,57.740000,57.000000,25.050000,25.050000,300,0.003333
432.000000,433,DY-SIN-002,DYNAMIC_SINUSOIDAL,53.681246,25.000000,DOWN,TRANSIENT,57.660000,57.000000,25.042000,25.042000,300,0.003333
433.000000,434,DY-SIN-002,DYNAMIC_SINUSOIDAL,53.485720,25.000000,DOWN,TRANSIENT,57.510000,56.700000,25.039000,25.039000,300,0.003333
434.000000,435,DY-SIN-002,DYNAMIC_SINUSOIDAL,53.288666,25.000000,DOWN,TRANSIENT,57.520000,57.200000,25.051000,25.051000,300,0.003333
435.000000,436,DY-SIN-002,DYNAMIC_SINUSOIDAL,53.090170,25.000000,DOWN,TRANSIENT,57.360000,57.300000,25.035000,25.035000,300,0.003333
436.000000,437,DY-SIN-002,DYNAMIC_SINUSOIDAL,52.890318,25.000000,DOWN,TRANSIENT,57.370000,56.900000,24.979000,24.979000,300,0.003333
437.000000,438,DY-SIN-002,DYNAMIC_SINUSOIDAL,52.689198,25.000000,DOWN,TRANSIENT,57.240000,56.700000,25.035000,25.035000,300,0.003333
438.000000,439,DY-SIN-002,DYNAMIC_SINUSOIDAL,52.486899,25.000000,DOWN,TRANSIENT,57.000000,57.100000,25.031000,25.031000,300,0.003333
439.000000,440,DY-SIN-002,DYNAMIC_SINUSOIDAL,52.283509,25.000000,DOWN,TRANSIENT,56.980000,57.200000,25.063000,25.063000,300,0.003333
440.000000,441,DY-SIN-002,DYNAMIC_SINUSOIDAL,52.079117,25.000000,DOWN,TRANSIENT,56.860000,56.800000,25.011000,25.011000,300,0.003333
441.000000,442,DY-SIN-002,DYNAMIC_SINUSOIDAL,51.873813,25.000000,DOWN,TRANSIENT,56.730000,56.300000,25.059000,25.059000,300,0.003333
442.000000,443,DY-SIN-002,DYNAMIC_SINUSOIDAL,51.667687,25.000000,DOWN,TRANSIENT,56.620000,56.900000,25.038000,25.038000,300,0.003333
443.000000,444,DY-SIN-002,DYNAMIC_SINUSOIDAL,51.460830,25.000000,DOWN,TRANSIENT,56.520000,56.600000,25.029000,25.029000,300,0.003333
444.000000,445,DY-SIN-002,DYNAMIC_SINUSOIDAL,51.253332,25.000000,DOWN,TRANSIENT,56.510000,57.100000,25.019000,25.019000,300,0.003333
445.000000,446,DY-SIN-002,DYNAMIC_SINUSOIDAL,51.045285,25.000000,DOWN,TRANSIENT,56.320000,56.500000,25.030000,25.030000,300,0.003333
446.000000,447,DY-SIN-002,DYNAMIC_SINUSOIDAL,50.836778,25.000000,DOWN,TRANSIENT,56.280000,56.800000,25.060000,25.060000,300,0.003333
447.000000,448,DY-SIN-002,DYNAMIC_SINUSOIDAL,50.627905,25.000000,DOWN,TRANSIENT,56.050000,56.600000,24.991000,24.991000,300,0.003333
448.000000,449,DY-SIN-002,DYNAMIC_SINUSOIDAL,50.418757,25.000000,DOWN,TRANSIENT,55.970000,56.500000,25.020000,25.020000,300,0.003333
449.000000,450,DY-SIN-002,DYNAMIC_SINUSOIDAL,50.209424,25.000000,DOWN,TRANSIENT,55.770000,56.200000,24.978000,24.978000,300,0.003333
450.000000,451,DY-SIN-002,DYNAMIC_SINUSOIDAL,50.000000,25.000000,DOWN,TRANSIENT,55.630000,56.400000,25.002000,25.002000,300,0.003333
451.000000,452,DY-SIN-002,DYNAMIC_SINUSOIDAL,49.790576,25.000000,DOWN,TRANSIENT,55.540000,55.900000,25.045000,25.045000,300,0.003333
452.000000,453,DY-SIN-002,DYNAMIC_SINUSOIDAL,49.581243,25.000000,DOWN,TRANSIENT,55.410000,56.000000,25.017000,25.017000,300,0.003333
453.000000,454,DY-SIN-002,DYNAMIC_SINUSOIDAL,49.372095,25.000000,DOWN,TRANSIENT,55.320000,56.100000,25.052000,25.052000,300,0.003333
454.000000,455,DY-SIN-002,DYNAMIC_SINUSOIDAL,49.163222,25.000000,DOWN,TRANSIENT,55.150000,56.000000,25.012000,25.012000,300,0.003333
455.000000,456,DY-SIN-002,DYNAMIC_SINUSOIDAL,48.954715,25.000000,DOWN,TRANSIENT,55.020000,56.200000,25.001000,25.001000,300,0.003333
456.000000,457,DY-SIN-002,DYNAMIC_SINUSOIDAL,48.746668,25.000000,DOWN,TRANSIENT,54.780000,56.000000,25.026000,25.026000,300,0.003333
457.000000,458,DY-SIN-002,DYNAMIC_SINUSOIDAL,48.539170,25.000000,DOWN,TRANSIENT,54.740000,55.600000,24.949000,24.949000,300,0.003333
458.000000,459,DY-SIN-002,DYNAMIC_SINUSOIDAL,48.332313,25.000000,DOWN,TRANSIENT,54.530000,55.800000,25.050000,25.050000,300,0.003333
459.000000,460,DY-SIN-002,DYNAMIC_SINUSOIDAL,48.126187,25.000000,DOWN,TRANSIENT,54.310000,55.600000,25.050000,25.050000,300,0.003333
460.000000,461,DY-SIN-002,DYNAMIC_SINUSOIDAL,47.920883,25.000000,DOWN,TRANSIENT,54.220000,55.500000,25.005000,25.005000,300,0.003333
461.000000,462,DY-SIN-002,DYNAMIC_SINUSOIDAL,47.716491,25.000000,DOWN,TRANSIENT,53.980000,55.600000,24.989000,24.989000,300,0.003333
462.000000,463,DY-SIN-002,DYNAMIC_SINUSOIDAL,47.513101,25.000000,DOWN,TRANSIENT,53.890000,55.400000,25.018000,25.018000,300,0.003333
463.000000,464,DY-SIN-002,DYNAMIC_SINUSOIDAL,47.310802,25.000000,DOWN,TRANSIENT,53.760000,55.200000,25.003000,25.003000,300,0.003333
464.000000,465,DY-SIN-002,DYNAMIC_SINUSOIDAL,47.109682,25.000000,DOWN,TRANSIENT,53.520000,54.900000,24.992000,24.992000,300,0.003333
465.000000,466,DY-SIN-002,DYNAMIC_SINUSOIDAL,46.909830,25.000000,DOWN,TRANSIENT,53.480000,54.700000,25.063000,25.063000,300,0.003333
466.000000,467,DY-SIN-002,DYNAMIC_SINUSOIDAL,46.711334,25.000000,DOWN,TRANSIENT,53.270000,55.100000,25.035000,25.035000,300,0.003333
467.000000,468,DY-SIN-002,DYNAMIC_SINUSOIDAL,46.514280,25.000000,DOWN,TRANSIENT,53.050000,54.800000,25.010000,25.010000,300,0.003333
468.000000,469,DY-SIN-002,DYNAMIC_SINUSOIDAL,46.318754,25.000000,DOWN,TRANSIENT,52.860000,54.500000,25.058000,25.058000,300,0.003333
469.000000,470,DY-SIN-002,DYNAMIC_SINUSOIDAL,46.124844,25.000000,DOWN,TRANSIENT,52.740000,54.400000,25.020000,25.020000,300,0.003333
470.000000,471,DY-SIN-002,DYNAMIC_SINUSOIDAL,45.932634,25.000000,DOWN,TRANSIENT,52.520000,54.100000,25.019000,25.019000,300,0.003333
471.000000,472,DY-SIN-002,DYNAMIC_SINUSOIDAL,45.742207,25.000000,DOWN,TRANSIENT,52.380000,54.200000,25.012000,25.012000,300,0.003333
472.000000,473,DY-SIN-002,DYNAMIC_SINUSOIDAL,45.553648,25.000000,DOWN,TRANSIENT,52.200000,53.800000,25.048000,25.048000,300,0.003333
473.000000,474,DY-SIN-002,DYNAMIC_SINUSOIDAL,45.367040,25.000000,DOWN,TRANSIENT,52.050000,54.200000,25.052000,25.052000,300,0.003333
474.000000,475,DY-SIN-002,DYNAMIC_SINUSOIDAL,45.182463,25.000000,DOWN,TRANSIENT,51.810000,54.100000,24.999000,24.999000,300,0.003333
475.000000,476,DY-SIN-002,DYNAMIC_SINUSOIDAL,45.000000,25.000000,DOWN,TRANSIENT,51.650000,53.600000,25.063000,25.063000,300,0.003333
476.000000,477,DY-SIN-002,DYNAMIC_SINUSOIDAL,44.819730,25.000000,DOWN,TRANSIENT,51.420000,53.400000,25.022000,25.022000,300,0.003333
477.000000,478,DY-SIN-002,DYNAMIC_SINUSOIDAL,44.641732,25.000000,DOWN,TRANSIENT,51.380000,53.200000,25.006000,25.006000,300,0.003333
478.000000,479,DY-SIN-002,DYNAMIC_SINUSOIDAL,44.466085,25.000000,DOWN,TRANSIENT,51.120000,53.300000,25.037000,25.037000,300,0.003333
479.000000,480,DY-SIN-002,DYNAMIC_SINUSOIDAL,44.292864,25.000000,DOWN,TRANSIENT,50.990000,52.800000,25.070000,25.070000,300,0.003333
480.000000,481,DY-SIN-002,DYNAMIC_SINUSOIDAL,44.122147,25.000000,DOWN,TRANSIENT,50.830000,53.100000,25.077000,25.077000,300,0.003333
481.000000,482,DY-SIN-002,DYNAMIC_SINUSOIDAL,43.954009,25.000000,DOWN,TRANSIENT,50.680000,53.200000,24.987000,24.987000,300,0.003333
482.000000,483,DY-SIN-002,DYNAMIC_SINUSOIDAL,43.788522,25.000000,DOWN,TRANSIENT,50.460000,52.700000,25.039000,25.039000,300,0.003333
483.000000,484,DY-SIN-002,DYNAMIC_SINUSOIDAL,43.625760,25.000000,DOWN,TRANSIENT,50.290000,52.600000,25.024000,25.024000,300,0.003333
484.000000,485,DY-SIN-002,DYNAMIC_SINUSOIDAL,43.465794,25.000000,DOWN,TRANSIENT,50.100000,52.300000,25.011000,25.011000,300,0.003333
485.000000,486,DY-SIN-002,DYNAMIC_SINUSOIDAL,43.308694,25.000000,DOWN,TRANSIENT,49.910000,52.000000,25.017000,25.017000,300,0.003333
486.000000,487,DY-SIN-002,DYNAMIC_SINUSOIDAL,43.154529,25.000000,DOWN,TRANSIENT,49.730000,52.500000,25.021000,25.021000,300,0.003333
487.000000,488,DY-SIN-002,DYNAMIC_SINUSOIDAL,43.003367,25.000000,DOWN,TRANSIENT,49.640000,52.200000,24.979000,24.979000,300,0.003333
488.000000,489,DY-SIN-002,DYNAMIC_SINUSOIDAL,42.855273,25.000000,DOWN,TRANSIENT,49.360000,51.800000,25.001000,25.001000,300,0.003333
489.000000,490,DY-SIN-002,DYNAMIC_SINUSOIDAL,42.710314,25.000000,DOWN,TRANSIENT,49.220000,52.100000,25.008000,25.008000,300,0.003333
490.000000,491,DY-SIN-002,DYNAMIC_SINUSOIDAL,42.568552,25.000000,DOWN,TRANSIENT,49.100000,51.600000,25.026000,25.026000,300,0.003333
491.000000,492,DY-SIN-002,DYNAMIC_SINUSOIDAL,42.430049,25.000000,DOWN,TRANSIENT,48.980000,51.500000,24.987000,24.987000,300,0.003333
492.000000,493,DY-SIN-002,DYNAMIC_SINUSOIDAL,42.294868,25.000000,DOWN,TRANSIENT,48.770000,51.400000,25.038000,25.038000,300,0.003333
493.000000,494,DY-SIN-002,DYNAMIC_SINUSOIDAL,42.163065,25.000000,DOWN,TRANSIENT,48.600000,51.000000,24.994000,24.994000,300,0.003333
494.000000,495,DY-SIN-002,DYNAMIC_SINUSOIDAL,42.034701,25.000000,DOWN,TRANSIENT,48.380000,51.000000,24.960000,24.960000,300,0.003333
495.000000,496,DY-SIN-002,DYNAMIC_SINUSOIDAL,41.909830,25.000000,DOWN,TRANSIENT,48.220000,50.400000,25.009000,25.009000,300,0.003333
496.000000,497,DY-SIN-002,DYNAMIC_SINUSOIDAL,41.788508,25.000000,DOWN,TRANSIENT,48.020000,50.600000,24.997000,24.997000,300,0.003333
497.000000,498,DY-SIN-002,DYNAMIC_SINUSOIDAL,41.670788,25.000000,DOWN,TRANSIENT,47.880000,50.600000,25.021000,25.021000,300,0.003333
498.000000,499,DY-SIN-002,DYNAMIC_SINUSOIDAL,41.556721,25.000000,DOWN,TRANSIENT,47.730000,50.500000,24.970000,24.970000,300,0.003333
499.000000,500,DY-SIN-002,DYNAMIC_SINUSOIDAL,41.446357,25.000000,DOWN,TRANSIENT,47.530000,50.100000,24.958000,24.958000,300,0.003333
500.000000,501,DY-SIN-002,DYNAMIC_SINUSOIDAL,41.339746,25.000000,DOWN,TRANSIENT,47.370000,50.100000,24.991000,24.991000,300,0.003333
501.000000,502,DY-SIN-002,DYNAMIC_SINUSOIDAL,41.236933,25.000000,DOWN,TRANSIENT,47.130000,49.800000,25.046000,25.046000,300,0.003333
502.000000,503,DY-SIN-002,DYNAMIC_SINUSOIDAL,41.137964,25.000000,DOWN,TRANSIENT,46.980000,49.700000,25.030000,25.030000,300,0.003333
503.000000,504,DY-SIN-002,DYNAMIC_SINUSOIDAL,41.042882,25.000000,DOWN,TRANSIENT,46.830000,49.500000,25.044000,25.044000,300,0.003333
504.000000,505,DY-SIN-002,DYNAMIC_SINUSOIDAL,40.951729,25.000000,DOWN,TRANSIENT,46.690000,49.400000,25.024000,25.024000,300,0.003333
505.000000,506,DY-SIN-002,DYNAMIC_SINUSOIDAL,40.864545,25.000000,DOWN,TRANSIENT,46.550000,49.300000,25.020000,25.020000,300,0.003333
506.000000,507,DY-SIN-002,DYNAMIC_SINUSOIDAL,40.781368,25.000000,DOWN,TRANSIENT,46.370000,48.800000,24.998000,24.998000,300,0.003333
507.000000,508,DY-SIN-002,DYNAMIC_SINUSOIDAL,40.702235,25.000000,DOWN,TRANSIENT,46.200000,48.700000,25.013000,25.013000,300,0.003333
508.000000,509,DY-SIN-002,DYNAMIC_SINUSOIDAL,40.627180,25.000000,DOWN,TRANSIENT,46.170000,48.300000,25.026000,25.026000,300,0.003333
509.000000,510,DY-SIN-002,DYNAMIC_SINUSOIDAL,40.556236,25.000000,DOWN,TRANSIENT,45.890000,48.300000,25.006000,25.006000,300,0.003333
510.000000,511,DY-SIN-002,DYNAMIC_SINUSOIDAL,40.489435,25.000000,DOWN,TRANSIENT,45.760000,48.600000,24.967000,24.967000,300,0.003333
511.000000,512,DY-SIN-002,DYNAMIC_SINUSOIDAL,40.426805,25.000000,DOWN,TRANSIENT,45.590000,48.400000,24.954000,24.954000,300,0.003333
512.000000,513,DY-SIN-002,DYNAMIC_SINUSOIDAL,40.368374,25.000000,DOWN,TRANSIENT,45.490000,47.800000,25.086000,25.086000,300,0.003333
513.000000,514,DY-SIN-002,DYNAMIC_SINUSOIDAL,40.314168,25.000000,DOWN,TRANSIENT,45.440000,47.700000,25.011000,25.011000,300,0.003333
514.000000,515,DY-SIN-002,DYNAMIC_SINUSOIDAL,40.264211,25.000000,DOWN,TRANSIENT,45.220000,47.500000,25.017000,25.017000,300,0.003333
515.000000,516,DY-SIN-002,DYNAMIC_SINUSOIDAL,40.218524,25.000000,DOWN,TRANSIENT,45.060000,47.700000,25.022000,25.022000,300,0.003333
516.000000,517,DY-SIN-002,DYNAMIC_SINUSOIDAL,40.177127,25.000000,DOWN,TRANSIENT,44.960000,47.400000,25.002000,25.002000,300,0.003333
517.000000,518,DY-SIN-002,DYNAMIC_SINUSOIDAL,40.140040,25.000000,DOWN,TRANSIENT,44.810000,47.400000,25.040000,25.040000,300,0.003333
518.000000,519,DY-SIN-002,DYNAMIC_SINUSOIDAL,40.107277,25.000000,DOWN,TRANSIENT,44.690000,47.100000,25.019000,25.019000,300,0.003333
519.000000,520,DY-SIN-002,DYNAMIC_SINUSOIDAL,40.078853,25.000000,DOWN,TRANSIENT,44.560000,47.100000,25.031000,25.031000,300,0.003333
520.000000,521,DY-SIN-002,DYNAMIC_SINUSOIDAL,40.054781,25.000000,DOWN,TRANSIENT,44.450000,46.900000,25.016000,25.016000,300,0.003333
521.000000,522,DY-SIN-002,DYNAMIC_SINUSOIDAL,40.035071,25.000000,DOWN,TRANSIENT,44.290000,46.900000,25.018000,25.018000,300,0.003333
522.000000,523,DY-SIN-002,DYNAMIC_SINUSOIDAL,40.019733,25.000000,DOWN,TRANSIENT,44.250000,46.100000,25.007000,25.007000,300,0.003333
523.000000,524,DY-SIN-002,DYNAMIC_SINUSOIDAL,40.008772,25.000000,DOWN,TRANSIENT,44.040000,46.300000,25.061000,25.061000,300,0.003333
524.000000,525,DY-SIN-002,DYNAMIC_SINUSOIDAL,40.002193,25.000000,DOWN,TRANSIENT,43.950000,46.300000,25.017000,25.017000,300,0.003333
525.000000,526,DY-SIN-002,DYNAMIC_SINUSOIDAL,40.000000,25.000000,DOWN,TRANSIENT,43.820000,46.200000,25.017000,25.017000,300,0.003333
526.000000,527,DY-SIN-002,DYNAMIC_SINUSOIDAL,40.002193,25.000000,UP,TRANSIENT,43.650000,45.000000,25.054000,25.054000,300,0.003333
527.000000,528,DY-SIN-002,DYNAMIC_SINUSOIDAL,40.008772,25.000000,UP,TRANSIENT,43.540000,44.400000,25.064000,25.064000,300,0.003333
528.000000,529,DY-SIN-002,DYNAMIC_SINUSOIDAL,40.019733,25.000000,UP,TRANSIENT,43.400000,45.100000,24.989000,24.989000,300,0.003333
529.000000,530,DY-SIN-002,DYNAMIC_SINUSOIDAL,40.035071,25.000000,UP,TRANSIENT,43.340000,45.100000,25.051000,25.051000,300,0.003333
530.000000,531,DY-SIN-002,DYNAMIC_SINUSOIDAL,40.054781,25.000000,UP,TRANSIENT,43.200000,44.600000,25.048000,25.048000,300,0.003333
531.000000,532,DY-SIN-002,DYNAMIC_SINUSOIDAL,40.078853,25.000000,UP,TRANSIENT,43.150000,44.400000,24.991000,24.991000,300,0.003333
532.000000,533,DY-SIN-002,DYNAMIC_SINUSOIDAL,40.107277,25.000000,UP,TRANSIENT,43.140000,43.800000,25.031000,25.031000,300,0.003333
533.000000,534,DY-SIN-002,DYNAMIC_SINUSOIDAL,40.140040,25.000000,UP,TRANSIENT,42.980000,44.700000,24.985000,24.985000,300,0.003333
534.000000,535,DY-SIN-002,DYNAMIC_SINUSOIDAL,40.177127,25.000000,UP,TRANSIENT,42.890000,44.000000,25.050000,25.050000,300,0.003333
535.000000,536,DY-SIN-002,DYNAMIC_SINUSOIDAL,40.218524,25.000000,UP,TRANSIENT,42.800000,43.800000,25.062000,25.062000,300,0.003333
536.000000,537,DY-SIN-002,DYNAMIC_SINUSOIDAL,40.264211,25.000000,UP,TRANSIENT,42.690000,44.000000,24.967000,24.967000,300,0.003333
537.000000,538,DY-SIN-002,DYNAMIC_SINUSOIDAL,40.314168,25.000000,UP,TRANSIENT,42.680000,43.400000,24.980000,24.980000,300,0.003333
538.000000,539,DY-SIN-002,DYNAMIC_SINUSOIDAL,40.368374,25.000000,UP,TRANSIENT,42.590000,43.500000,25.017000,25.017000,300,0.003333
539.000000,540,DY-SIN-002,DYNAMIC_SINUSOIDAL,40.426805,25.000000,UP,TRANSIENT,42.630000,44.000000,25.017000,25.017000,300,0.003333
540.000000,541,DY-SIN-002,DYNAMIC_SINUSOIDAL,40.489435,25.000000,UP,TRANSIENT,42.520000,44.100000,24.999000,24.999000,300,0.003333
541.000000,542,DY-SIN-002,DYNAMIC_SINUSOIDAL,40.556236,25.000000,UP,TRANSIENT,42.420000,43.100000,25.034000,25.034000,300,0.003333
542.000000,543,DY-SIN-002,DYNAMIC_SINUSOIDAL,40.627180,25.000000,UP,TRANSIENT,42.350000,43.600000,25.024000,25.024000,300,0.003333
543.000000,544,DY-SIN-002,DYNAMIC_SINUSOIDAL,40.702235,25.000000,UP,TRANSIENT,42.380000,43.000000,25.030000,25.030000,300,0.003333
544.000000,545,DY-SIN-002,DYNAMIC_SINUSOIDAL,40.781368,25.000000,UP,TRANSIENT,42.230000,43.200000,25.085000,25.085000,300,0.003333
545.000000,546,DY-SIN-002,DYNAMIC_SINUSOIDAL,40.864545,25.000000,UP,TRANSIENT,42.220000,43.100000,24.957000,24.957000,300,0.003333
546.000000,547,DY-SIN-002,DYNAMIC_SINUSOIDAL,40.951729,25.000000,UP,TRANSIENT,42.210000,42.500000,24.973000,24.973000,300,0.003333
547.000000,548,DY-SIN-002,DYNAMIC_SINUSOIDAL,41.042882,25.000000,UP,TRANSIENT,42.160000,43.200000,25.075000,25.075000,300,0.003333
548.000000,549,DY-SIN-002,DYNAMIC_SINUSOIDAL,41.137964,25.000000,UP,TRANSIENT,42.040000,42.900000,25.105000,25.105000,300,0.003333
549.000000,550,DY-SIN-002,DYNAMIC_SINUSOIDAL,41.236933,25.000000,UP,TRANSIENT,42.100000,42.700000,25.034000,25.034000,300,0.003333
550.000000,551,DY-SIN-002,DYNAMIC_SINUSOIDAL,41.339746,25.000000,UP,TRANSIENT,42.060000,42.700000,25.089000,25.089000,300,0.003333
551.000000,552,DY-SIN-002,DYNAMIC_SINUSOIDAL,41.446357,25.000000,UP,TRANSIENT,41.990000,43.300000,25.028000,25.028000,300,0.003333
552.000000,553,DY-SIN-002,DYNAMIC_SINUSOIDAL,41.556721,25.000000,UP,TRANSIENT,42.070000,42.200000,25.062000,25.062000,300,0.003333
553.000000,554,DY-SIN-002,DYNAMIC_SINUSOIDAL,41.670788,25.000000,UP,TRANSIENT,41.910000,42.200000,24.989000,24.989000,300,0.003333
554.000000,555,DY-SIN-002,DYNAMIC_SINUSOIDAL,41.788508,25.000000,UP,TRANSIENT,41.950000,42.600000,25.005000,25.005000,300,0.003333
555.000000,556,DY-SIN-002,DYNAMIC_SINUSOIDAL,41.909830,25.000000,UP,TRANSIENT,41.880000,42.200000,25.037000,25.037000,300,0.003333
556.000000,557,DY-SIN-002,DYNAMIC_SINUSOIDAL,42.034701,25.000000,UP,TRANSIENT,41.890000,42.100000,25.020000,25.020000,300,0.003333
557.000000,558,DY-SIN-002,DYNAMIC_SINUSOIDAL,42.163065,25.000000,UP,TRANSIENT,41.900000,42.000000,25.088000,25.088000,300,0.003333
558.000000,559,DY-SIN-002,DYNAMIC_SINUSOIDAL,42.294868,25.000000,UP,TRANSIENT,41.930000,42.000000,25.021000,25.021000,300,0.003333
559.000000,560,DY-SIN-002,DYNAMIC_SINUSOIDAL,42.430049,25.000000,UP,TRANSIENT,41.980000,41.800000,24.959000,24.959000,300,0.003333
560.000000,561,DY-SIN-002,DYNAMIC_SINUSOIDAL,42.568552,25.000000,UP,TRANSIENT,41.960000,42.200000,24.999000,24.999000,300,0.003333
561.000000,562,DY-SIN-002,DYNAMIC_SINUSOIDAL,42.710314,25.000000,UP,TRANSIENT,41.950000,41.600000,25.053000,25.053000,300,0.003333
562.000000,563,DY-SIN-002,DYNAMIC_SINUSOIDAL,42.855273,25.000000,UP,TRANSIENT,41.960000,41.800000,25.063000,25.063000,300,0.003333
563.000000,564,DY-SIN-002,DYNAMIC_SINUSOIDAL,43.003367,25.000000,UP,TRANSIENT,41.980000,41.800000,25.004000,25.004000,300,0.003333
564.000000,565,DY-SIN-002,DYNAMIC_SINUSOIDAL,43.154529,25.000000,UP,TRANSIENT,41.930000,41.300000,25.057000,25.057000,300,0.003333
565.000000,566,DY-SIN-002,DYNAMIC_SINUSOIDAL,43.308694,25.000000,UP,TRANSIENT,41.970000,41.600000,25.034000,25.034000,300,0.003333
566.000000,567,DY-SIN-002,DYNAMIC_SINUSOIDAL,43.465794,25.000000,UP,TRANSIENT,41.960000,41.700000,25.034000,25.034000,300,0.003333
567.000000,568,DY-SIN-002,DYNAMIC_SINUSOIDAL,43.625760,25.000000,UP,TRANSIENT,41.970000,41.600000,25.037000,25.037000,300,0.003333
568.000000,569,DY-SIN-002,DYNAMIC_SINUSOIDAL,43.788522,25.000000,UP,TRANSIENT,42.000000,41.500000,25.008000,25.008000,300,0.003333
569.000000,570,DY-SIN-002,DYNAMIC_SINUSOIDAL,43.954009,25.000000,UP,TRANSIENT,42.080000,41.600000,25.016000,25.016000,300,0.003333
570.000000,571,DY-SIN-002,DYNAMIC_SINUSOIDAL,44.122147,25.000000,UP,TRANSIENT,42.150000,41.500000,25.021000,25.021000,300,0.003333
571.000000,572,DY-SIN-002,DYNAMIC_SINUSOIDAL,44.292864,25.000000,UP,TRANSIENT,42.160000,41.300000,25.028000,25.028000,300,0.003333
572.000000,573,DY-SIN-002,DYNAMIC_SINUSOIDAL,44.466085,25.000000,UP,TRANSIENT,42.260000,41.300000,25.036000,25.036000,300,0.003333
573.000000,574,DY-SIN-002,DYNAMIC_SINUSOIDAL,44.641732,25.000000,UP,TRANSIENT,42.300000,41.300000,25.062000,25.062000,300,0.003333
574.000000,575,DY-SIN-002,DYNAMIC_SINUSOIDAL,44.819730,25.000000,UP,TRANSIENT,42.310000,41.900000,25.000000,25.000000,300,0.003333
575.000000,576,DY-SIN-002,DYNAMIC_SINUSOIDAL,45.000000,25.000000,UP,TRANSIENT,42.410000,40.900000,25.038000,25.038000,300,0.003333
576.000000,577,DY-SIN-002,DYNAMIC_SINUSOIDAL,45.182463,25.000000,UP,TRANSIENT,42.450000,41.600000,24.986000,24.986000,300,0.003333
577.000000,578,DY-SIN-002,DYNAMIC_SINUSOIDAL,45.367040,25.000000,UP,TRANSIENT,42.390000,41.900000,25.041000,25.041000,300,0.003333
578.000000,579,DY-SIN-002,DYNAMIC_SINUSOIDAL,45.553648,25.000000,UP,TRANSIENT,42.480000,41.300000,25.037000,25.037000,300,0.003333
579.000000,580,DY-SIN-002,DYNAMIC_SINUSOIDAL,45.742207,25.000000,UP,TRANSIENT,42.500000,41.700000,24.940000,24.940000,300,0.003333
580.000000,581,DY-SIN-002,DYNAMIC_SINUSOIDAL,45.932634,25.000000,UP,TRANSIENT,42.640000,40.900000,25.021000,25.021000,300,0.003333
581.000000,582,DY-SIN-002,DYNAMIC_SINUSOIDAL,46.124844,25.000000,UP,TRANSIENT,42.690000,41.200000,24.993000,24.993000,300,0.003333
582.000000,583,DY-SIN-002,DYNAMIC_SINUSOIDAL,46.318754,25.000000,UP,TRANSIENT,42.830000,41.100000,25.004000,25.004000,300,0.003333
583.000000,584,DY-SIN-002,DYNAMIC_SINUSOIDAL,46.514280,25.000000,UP,TRANSIENT,42.930000,41.200000,25.047000,25.047000,300,0.003333
584.000000,585,DY-SIN-002,DYNAMIC_SINUSOIDAL,46.711334,25.000000,UP,TRANSIENT,43.010000,41.200000,24.989000,24.989000,300,0.003333
585.000000,586,DY-SIN-002,DYNAMIC_SINUSOIDAL,46.909830,25.000000,UP,TRANSIENT,43.110000,41.300000,25.017000,25.017000,300,0.003333
586.000000,587,DY-SIN-002,DYNAMIC_SINUSOIDAL,47.109682,25.000000,UP,TRANSIENT,43.210000,41.300000,24.963000,24.963000,300,0.003333
587.000000,588,DY-SIN-002,DYNAMIC_SINUSOIDAL,47.310802,25.000000,UP,TRANSIENT,43.240000,41.400000,24.984000,24.984000,300,0.003333
588.000000,589,DY-SIN-002,DYNAMIC_SINUSOIDAL,47.513101,25.000000,UP,TRANSIENT,43.320000,41.300000,25.029000,25.029000,300,0.003333
589.000000,590,DY-SIN-002,DYNAMIC_SINUSOIDAL,47.716491,25.000000,UP,TRANSIENT,43.470000,41.600000,25.021000,25.021000,300,0.003333
590.000000,591,DY-SIN-002,DYNAMIC_SINUSOIDAL,47.920883,25.000000,UP,TRANSIENT,43.540000,41.500000,25.024000,25.024000,300,0.003333
591.000000,592,DY-SIN-002,DYNAMIC_SINUSOIDAL,48.126187,25.000000,UP,TRANSIENT,43.640000,41.500000,24.977000,24.977000,300,0.003333
592.000000,593,DY-SIN-002,DYNAMIC_SINUSOIDAL,48.332313,25.000000,UP,TRANSIENT,43.750000,41.500000,25.059000,25.059000,300,0.003333
593.000000,594,DY-SIN-002,DYNAMIC_SINUSOIDAL,48.539170,25.000000,UP,TRANSIENT,43.850000,41.600000,24.995000,24.995000,300,0.003333
594.000000,595,DY-SIN-002,DYNAMIC_SINUSOIDAL,48.746668,25.000000,UP,TRANSIENT,43.870000,41.600000,25.060000,25.060000,300,0.003333
595.000000,596,DY-SIN-002,DYNAMIC_SINUSOIDAL,48.954715,25.000000,UP,TRANSIENT,43.990000,41.700000,24.987000,24.987000,300,0.003333
596.000000,597,DY-SIN-002,DYNAMIC_SINUSOIDAL,49.163222,25.000000,UP,TRANSIENT,44.110000,41.800000,25.027000,25.027000,300,0.003333
597.000000,598,DY-SIN-002,DYNAMIC_SINUSOIDAL,49.372095,25.000000,UP,TRANSIENT,44.190000,41.400000,25.046000,25.046000,300,0.003333
598.000000,599,DY-SIN-002,DYNAMIC_SINUSOIDAL,49.581243,25.000000,UP,TRANSIENT,44.420000,41.500000,25.036000,25.036000,300,0.003333
599.000000,600,DY-SIN-002,DYNAMIC_SINUSOIDAL,49.790576,25.000000,UP,TRANSIENT,44.530000,42.100000,25.053000,25.053000,300,0.003333
600.000000,601,DY-SIN-002,DYNAMIC_SINUSOIDAL,50.000000,25.000000,UP,TRANSIENT,44.700000,41.700000,24.997000,24.997000,300,0.003333
601.000000,602,DY-SIN-002,DYNAMIC_SINUSOIDAL,50.209424,25.000000,UP,TRANSIENT,44.760000,42.300000,25.073000,25.073000,300,0.003333
602.000000,603,DY-SIN-002,DYNAMIC_SINUSOIDAL,50.418757,25.000000,UP,TRANSIENT,44.940000,42.200000,24.959000,24.959000,300,0.003333
603.000000,604,DY-SIN-002,DYNAMIC_SINUSOIDAL,50.627905,25.000000,UP,TRANSIENT,45.010000,42.100000,24.999000,24.999000,300,0.003333
604.000000,605,DY-SIN-002,DYNAMIC_SINUSOIDAL,50.836778,25.000000,UP,TRANSIENT,45.110000,41.600000,25.038000,25.038000,300,0.003333
605.000000,606,DY-SIN-002,DYNAMIC_SINUSOIDAL,51.045285,25.000000,UP,TRANSIENT,45.290000,42.200000,25.063000,25.063000,300,0.003333
606.000000,607,DY-SIN-002,DYNAMIC_SINUSOIDAL,51.253332,25.000000,UP,TRANSIENT,45.440000,41.900000,25.010000,25.010000,300,0.003333
607.000000,608,DY-SIN-002,DYNAMIC_SINUSOIDAL,51.460830,25.000000,UP,TRANSIENT,45.620000,42.200000,25.031000,25.031000,300,0.003333
608.000000,609,DY-SIN-002,DYNAMIC_SINUSOIDAL,51.667687,25.000000,UP,TRANSIENT,45.790000,42.400000,25.012000,25.012000,300,0.003333
609.000000,610,DY-SIN-002,DYNAMIC_SINUSOIDAL,51.873813,25.000000,UP,TRANSIENT,45.970000,42.600000,25.047000,25.047000,300,0.003333
610.000000,611,DY-SIN-002,DYNAMIC_SINUSOIDAL,52.079117,25.000000,UP,TRANSIENT,46.020000,42.300000,24.991000,24.991000,300,0.003333
611.000000,612,DY-SIN-002,DYNAMIC_SINUSOIDAL,52.283509,25.000000,UP,TRANSIENT,46.220000,42.400000,25.005000,25.005000,300,0.003333
612.000000,613,DY-SIN-002,DYNAMIC_SINUSOIDAL,52.486899,25.000000,UP,TRANSIENT,46.410000,42.800000,25.040000,25.040000,300,0.003333
613.000000,614,DY-SIN-002,DYNAMIC_SINUSOIDAL,52.689198,25.000000,UP,TRANSIENT,46.520000,42.600000,25.049000,25.049000,300,0.003333
614.000000,615,DY-SIN-002,DYNAMIC_SINUSOIDAL,52.890318,25.000000,UP,TRANSIENT,46.720000,42.700000,25.042000,25.042000,300,0.003333
615.000000,616,DY-SIN-002,DYNAMIC_SINUSOIDAL,53.090170,25.000000,UP,TRANSIENT,46.900000,42.900000,25.010000,25.010000,300,0.003333
616.000000,617,DY-SIN-002,DYNAMIC_SINUSOIDAL,53.288666,25.000000,UP,TRANSIENT,47.020000,43.200000,25.042000,25.042000,300,0.003333
617.000000,618,DY-SIN-002,DYNAMIC_SINUSOIDAL,53.485720,25.000000,UP,TRANSIENT,47.190000,43.100000,25.038000,25.038000,300,0.003333
618.000000,619,DY-SIN-002,DYNAMIC_SINUSOIDAL,53.681246,25.000000,UP,TRANSIENT,47.360000,43.600000,25.000000,25.000000,300,0.003333
619.000000,620,DY-SIN-002,DYNAMIC_SINUSOIDAL,53.875156,25.000000,UP,TRANSIENT,47.520000,43.000000,25.030000,25.030000,300,0.003333
620.000000,621,DY-SIN-002,DYNAMIC_SINUSOIDAL,54.067366,25.000000,UP,TRANSIENT,47.680000,43.200000,25.008000,25.008000,300,0.003333
621.000000,622,DY-SIN-002,DYNAMIC_SINUSOIDAL,54.257793,25.000000,UP,TRANSIENT,47.860000,43.600000,24.987000,24.987000,300,0.003333
622.000000,623,DY-SIN-002,DYNAMIC_SINUSOIDAL,54.446352,25.000000,UP,TRANSIENT,47.990000,43.600000,25.009000,25.009000,300,0.003333
623.000000,624,DY-SIN-002,DYNAMIC_SINUSOIDAL,54.632960,25.000000,UP,TRANSIENT,48.150000,43.900000,25.111000,25.111000,300,0.003333
624.000000,625,DY-SIN-002,DYNAMIC_SINUSOIDAL,54.817537,25.000000,UP,TRANSIENT,48.260000,43.700000,25.055000,25.055000,300,0.003333
625.000000,626,DY-SIN-002,DYNAMIC_SINUSOIDAL,55.000000,25.000000,UP,TRANSIENT,48.520000,44.000000,25.061000,25.061000,300,0.003333
626.000000,627,DY-SIN-002,DYNAMIC_SINUSOIDAL,55.180270,25.000000,UP,TRANSIENT,48.660000,43.700000,25.000000,25.000000,300,0.003333
627.000000,628,DY-SIN-002,DYNAMIC_SINUSOIDAL,55.358268,25.000000,UP,TRANSIENT,48.830000,44.200000,25.043000,25.043000,300,0.003333
628.000000,629,DY-SIN-002,DYNAMIC_SINUSOIDAL,55.533915,25.000000,UP,TRANSIENT,48.960000,44.100000,25.019000,25.019000,300,0.003333
629.000000,630,DY-SIN-002,DYNAMIC_SINUSOIDAL,55.707136,25.000000,UP,TRANSIENT,49.160000,44.100000,24.997000,24.997000,300,0.003333
630.000000,631,DY-SIN-002,DYNAMIC_SINUSOIDAL,55.877853,25.000000,UP,TRANSIENT,49.270000,44.400000,24.989000,24.989000,300,0.003333
631.000000,632,DY-SIN-002,DYNAMIC_SINUSOIDAL,56.045991,25.000000,UP,TRANSIENT,49.410000,44.400000,24.988000,24.988000,300,0.003333
632.000000,633,DY-SIN-002,DYNAMIC_SINUSOIDAL,56.211478,25.000000,UP,TRANSIENT,49.640000,44.500000,25.014000,25.014000,300,0.003333
633.000000,634,DY-SIN-002,DYNAMIC_SINUSOIDAL,56.374240,25.000000,UP,TRANSIENT,49.820000,45.200000,25.020000,25.020000,300,0.003333
634.000000,635,DY-SIN-002,DYNAMIC_SINUSOIDAL,56.534206,25.000000,UP,TRANSIENT,50.060000,45.100000,25.091000,25.091000,300,0.003333
635.000000,636,DY-SIN-002,DYNAMIC_SINUSOIDAL,56.691306,25.000000,UP,TRANSIENT,50.200000,45.400000,25.035000,25.035000,300,0.003333
636.000000,637,DY-SIN-002,DYNAMIC_SINUSOIDAL,56.845471,25.000000,UP,TRANSIENT,50.320000,45.600000,24.968000,24.968000,300,0.003333
637.000000,638,DY-SIN-002,DYNAMIC_SINUSOIDAL,56.996633,25.000000,UP,TRANSIENT,50.580000,45.500000,24.979000,24.979000,300,0.003333
638.000000,639,DY-SIN-002,DYNAMIC_SINUSOIDAL,57.144727,25.000000,UP,TRANSIENT,50.680000,45.600000,24.972000,24.972000,300,0.003333
639.000000,640,DY-SIN-002,DYNAMIC_SINUSOIDAL,57.289686,25.000000,UP,TRANSIENT,50.860000,45.700000,24.938000,24.938000,300,0.003333
640.000000,641,DY-SIN-002,DYNAMIC_SINUSOIDAL,57.431448,25.000000,UP,TRANSIENT,51.080000,45.900000,24.971000,24.971000,300,0.003333
641.000000,642,DY-SIN-002,DYNAMIC_SINUSOIDAL,57.569951,25.000000,UP,TRANSIENT,51.270000,46.000000,25.019000,25.019000,300,0.003333
642.000000,643,DY-SIN-002,DYNAMIC_SINUSOIDAL,57.705132,25.000000,UP,TRANSIENT,51.460000,46.000000,25.007000,25.007000,300,0.003333
643.000000,644,DY-SIN-002,DYNAMIC_SINUSOIDAL,57.836935,25.000000,UP,TRANSIENT,51.620000,46.300000,24.983000,24.983000,300,0.003333
644.000000,645,DY-SIN-002,DYNAMIC_SINUSOIDAL,57.965299,25.000000,UP,TRANSIENT,51.740000,46.700000,25.047000,25.047000,300,0.003333
645.000000,646,DY-SIN-002,DYNAMIC_SINUSOIDAL,58.090170,25.000000,UP,TRANSIENT,51.920000,46.300000,25.023000,25.023000,300,0.003333
646.000000,647,DY-SIN-002,DYNAMIC_SINUSOIDAL,58.211492,25.000000,UP,TRANSIENT,52.100000,46.900000,24.982000,24.982000,300,0.003333
647.000000,648,DY-SIN-002,DYNAMIC_SINUSOIDAL,58.329212,25.000000,UP,TRANSIENT,52.210000,46.900000,25.051000,25.051000,300,0.003333
648.000000,649,DY-SIN-002,DYNAMIC_SINUSOIDAL,58.443279,25.000000,UP,TRANSIENT,52.410000,47.000000,25.015000,25.015000,300,0.003333
649.000000,650,DY-SIN-002,DYNAMIC_SINUSOIDAL,58.553643,25.000000,UP,TRANSIENT,52.580000,47.500000,24.999000,24.999000,300,0.003333
650.000000,651,DY-SIN-002,DYNAMIC_SINUSOIDAL,58.660254,25.000000,UP,TRANSIENT,52.750000,47.100000,25.044000,25.044000,300,0.003333
651.000000,652,DY-SIN-002,DYNAMIC_SINUSOIDAL,58.763067,25.000000,UP,TRANSIENT,52.900000,47.800000,25.064000,25.064000,300,0.003333
652.000000,653,DY-SIN-002,DYNAMIC_SINUSOIDAL,58.862036,25.000000,UP,TRANSIENT,53.120000,48.000000,24.961000,24.961000,300,0.003333
653.000000,654,DY-SIN-002,DYNAMIC_SINUSOIDAL,58.957118,25.000000,UP,TRANSIENT,53.270000,48.100000,24.983000,24.983000,300,0.003333
654.000000,655,DY-SIN-002,DYNAMIC_SINUSOIDAL,59.048271,25.000000,UP,TRANSIENT,53.460000,47.700000,25.012000,25.012000,300,0.003333
655.000000,656,DY-SIN-002,DYNAMIC_SINUSOIDAL,59.135455,25.000000,UP,TRANSIENT,53.620000,48.400000,25.019000,25.019000,300,0.003333
656.000000,657,DY-SIN-002,DYNAMIC_SINUSOIDAL,59.218632,25.000000,UP,TRANSIENT,53.780000,48.100000,25.038000,25.038000,300,0.003333
657.000000,658,DY-SIN-002,DYNAMIC_SINUSOIDAL,59.297765,25.000000,UP,TRANSIENT,53.930000,48.100000,24.997000,24.997000,300,0.003333
658.000000,659,DY-SIN-002,DYNAMIC_SINUSOIDAL,59.372820,25.000000,UP,TRANSIENT,54.150000,48.900000,25.022000,25.022000,300,0.003333
659.000000,660,DY-SIN-002,DYNAMIC_SINUSOIDAL,59.443764,25.000000,UP,TRANSIENT,54.170000,48.700000,25.005000,25.005000,300,0.003333
660.000000,661,DY-SIN-002,DYNAMIC_SINUSOIDAL,59.510565,25.000000,UP,TRANSIENT,54.390000,48.900000,24.955000,24.955000,300,0.003333
661.000000,662,DY-SIN-002,DYNAMIC_SINUSOIDAL,59.573195,25.000000,UP,TRANSIENT,54.540000,48.800000,25.010000,25.010000,300,0.003333
662.000000,663,DY-SIN-002,DYNAMIC_SINUSOIDAL,59.631626,25.000000,UP,TRANSIENT,54.710000,49.100000,25.014000,25.014000,300,0.003333
663.000000,664,DY-SIN-002,DYNAMIC_SINUSOIDAL,59.685832,25.000000,UP,TRANSIENT,54.710000,49.300000,24.991000,24.991000,300,0.003333
664.000000,665,DY-SIN-002,DYNAMIC_SINUSOIDAL,59.735789,25.000000,UP,TRANSIENT,54.920000,49.500000,24.936000,24.936000,300,0.003333
665.000000,666,DY-SIN-002,DYNAMIC_SINUSOIDAL,59.781476,25.000000,UP,TRANSIENT,55.070000,49.500000,24.996000,24.996000,300,0.003333
666.000000,667,DY-SIN-002,DYNAMIC_SINUSOIDAL,59.822873,25.000000,UP,TRANSIENT,55.150000,49.800000,24.962000,24.962000,300,0.003333
667.000000,668,DY-SIN-002,DYNAMIC_SINUSOIDAL,59.859960,25.000000,UP,TRANSIENT,55.290000,49.800000,25.070000,25.070000,300,0.003333
668.000000,669,DY-SIN-002,DYNAMIC_SINUSOIDAL,59.892723,25.000000,UP,TRANSIENT,55.450000,49.700000,24.988000,24.988000,300,0.003333
669.000000,670,DY-SIN-002,DYNAMIC_SINUSOIDAL,59.921147,25.000000,UP,TRANSIENT,55.640000,50.600000,25.052000,25.052000,300,0.003333
670.000000,671,DY-SIN-002,DYNAMIC_SINUSOIDAL,59.945219,25.000000,UP,TRANSIENT,55.730000,50.100000,24.960000,24.960000,300,0.003333
671.000000,672,DY-SIN-002,DYNAMIC_SINUSOIDAL,59.964929,25.000000,UP,TRANSIENT,55.880000,51.100000,25.005000,25.005000,300,0.003333
672.000000,673,DY-SIN-002,DYNAMIC_SINUSOIDAL,59.980267,25.000000,UP,TRANSIENT,56.050000,51.000000,25.088000,25.088000,300,0.003333
673.000000,674,DY-SIN-002,DYNAMIC_SINUSOIDAL,59.991228,25.000000,UP,TRANSIENT,56.150000,50.700000,24.981000,24.981000,300,0.003333
674.000000,675,DY-SIN-002,DYNAMIC_SINUSOIDAL,59.997807,25.000000,UP,TRANSIENT,56.190000,51.200000,24.991000,24.991000,300,0.003333
675.000000,676,DY-SIN-002,DYNAMIC_SINUSOIDAL,60.000000,25.000000,UP,TRANSIENT,56.340000,51.100000,25.067000,25.067000,300,0.003333
676.000000,677,DY-SIN-002,DYNAMIC_SINUSOIDAL,59.997807,25.000000,DOWN,TRANSIENT,56.430000,51.800000,24.977000,24.977000,300,0.003333
677.000000,678,DY-SIN-002,DYNAMIC_SINUSOIDAL,59.991228,25.000000,DOWN,TRANSIENT,56.590000,52.200000,25.057000,25.057000,300,0.003333
678.000000,679,DY-SIN-002,DYNAMIC_SINUSOIDAL,59.980267,25.000000,DOWN,TRANSIENT,56.660000,52.700000,25.002000,25.002000,300,0.003333
679.000000,680,DY-SIN-002,DYNAMIC_SINUSOIDAL,59.964929,25.000000,DOWN,TRANSIENT,56.720000,51.900000,24.995000,24.995000,300,0.003333
680.000000,681,DY-SIN-002,DYNAMIC_SINUSOIDAL,59.945219,25.000000,DOWN,TRANSIENT,56.710000,52.700000,25.016000,25.016000,300,0.003333
681.000000,682,DY-SIN-002,DYNAMIC_SINUSOIDAL,59.921147,25.000000,DOWN,TRANSIENT,56.990000,52.100000,25.032000,25.032000,300,0.003333
682.000000,683,DY-SIN-002,DYNAMIC_SINUSOIDAL,59.892723,25.000000,DOWN,TRANSIENT,57.060000,53.100000,25.048000,25.048000,300,0.003333
683.000000,684,DY-SIN-002,DYNAMIC_SINUSOIDAL,59.859960,25.000000,DOWN,TRANSIENT,57.150000,53.300000,25.055000,25.055000,300,0.003333
684.000000,685,DY-SIN-002,DYNAMIC_SINUSOIDAL,59.822873,25.000000,DOWN,TRANSIENT,57.280000,53.000000,25.029000,25.029000,300,0.003333
685.000000,686,DY-SIN-002,DYNAMIC_SINUSOIDAL,59.781476,25.000000,DOWN,TRANSIENT,57.430000,53.500000,25.031000,25.031000,300,0.003333
686.000000,687,DY-SIN-002,DYNAMIC_SINUSOIDAL,59.735789,25.000000,DOWN,TRANSIENT,57.440000,53.500000,25.022000,25.022000,300,0.003333
687.000000,688,DY-SIN-002,DYNAMIC_SINUSOIDAL,59.685832,25.000000,DOWN,TRANSIENT,57.500000,53.600000,25.041000,25.041000,300,0.003333
688.000000,689,DY-SIN-002,DYNAMIC_SINUSOIDAL,59.631626,25.000000,DOWN,TRANSIENT,57.660000,54.200000,25.005000,25.005000,300,0.003333
689.000000,690,DY-SIN-002,DYNAMIC_SINUSOIDAL,59.573195,25.000000,DOWN,TRANSIENT,57.740000,54.100000,25.067000,25.067000,300,0.003333
690.000000,691,DY-SIN-002,DYNAMIC_SINUSOIDAL,59.510565,25.000000,DOWN,TRANSIENT,57.800000,54.200000,24.985000,24.985000,300,0.003333
691.000000,692,DY-SIN-002,DYNAMIC_SINUSOIDAL,59.443764,25.000000,DOWN,TRANSIENT,57.760000,53.500000,25.054000,25.054000,300,0.003333
692.000000,693,DY-SIN-002,DYNAMIC_SINUSOIDAL,59.372820,25.000000,DOWN,TRANSIENT,57.890000,54.900000,24.992000,24.992000,300,0.003333
693.000000,694,DY-SIN-002,DYNAMIC_SINUSOIDAL,59.297765,25.000000,DOWN,TRANSIENT,57.980000,54.800000,25.033000,25.033000,300,0.003333
694.000000,695,DY-SIN-002,DYNAMIC_SINUSOIDAL,59.218632,25.000000,DOWN,TRANSIENT,57.980000,54.300000,25.098000,25.098000,300,0.003333
695.000000,696,DY-SIN-002,DYNAMIC_SINUSOIDAL,59.135455,25.000000,DOWN,TRANSIENT,58.070000,54.800000,24.984000,24.984000,300,0.003333
696.000000,697,DY-SIN-002,DYNAMIC_SINUSOIDAL,59.048271,25.000000,DOWN,TRANSIENT,58.110000,54.700000,25.040000,25.040000,300,0.003333
697.000000,698,DY-SIN-002,DYNAMIC_SINUSOIDAL,58.957118,25.000000,DOWN,TRANSIENT,58.190000,54.900000,25.056000,25.056000,300,0.003333
698.000000,699,DY-SIN-002,DYNAMIC_SINUSOIDAL,58.862036,25.000000,DOWN,TRANSIENT,58.230000,54.900000,25.010000,25.010000,300,0.003333
699.000000,700,DY-SIN-002,DYNAMIC_SINUSOIDAL,58.763067,25.000000,DOWN,TRANSIENT,58.300000,55.000000,25.013000,25.013000,300,0.003333
700.000000,701,DY-SIN-002,DYNAMIC_SINUSOIDAL,58.660254,25.000000,DOWN,TRANSIENT,58.320000,55.200000,24.977000,24.977000,300,0.003333
701.000000,702,DY-SIN-002,DYNAMIC_SINUSOIDAL,58.553643,25.000000,DOWN,TRANSIENT,58.360000,55.300000,25.017000,25.017000,300,0.003333
702.000000,703,DY-SIN-002,DYNAMIC_SINUSOIDAL,58.443279,25.000000,DOWN,TRANSIENT,58.440000,55.900000,24.968000,24.968000,300,0.003333
703.000000,704,DY-SIN-002,DYNAMIC_SINUSOIDAL,58.329212,25.000000,DOWN,TRANSIENT,58.440000,55.700000,25.029000,25.029000,300,0.003333
704.000000,705,DY-SIN-002,DYNAMIC_SINUSOIDAL,58.211492,25.000000,DOWN,TRANSIENT,58.400000,55.500000,25.033000,25.033000,300,0.003333
705.000000,706,DY-SIN-002,DYNAMIC_SINUSOIDAL,58.090170,25.000000,DOWN,TRANSIENT,58.480000,55.800000,25.024000,25.024000,300,0.003333
706.000000,707,DY-SIN-002,DYNAMIC_SINUSOIDAL,57.965299,25.000000,DOWN,TRANSIENT,58.440000,56.900000,25.034000,25.034000,300,0.003333
707.000000,708,DY-SIN-002,DYNAMIC_SINUSOIDAL,57.836935,25.000000,DOWN,TRANSIENT,58.530000,55.700000,25.024000,25.024000,300,0.003333
708.000000,709,DY-SIN-002,DYNAMIC_SINUSOIDAL,57.705132,25.000000,DOWN,TRANSIENT,58.530000,56.400000,25.054000,25.054000,300,0.003333
709.000000,710,DY-SIN-002,DYNAMIC_SINUSOIDAL,57.569951,25.000000,DOWN,TRANSIENT,58.500000,55.900000,25.032000,25.032000,300,0.003333
710.000000,711,DY-SIN-002,DYNAMIC_SINUSOIDAL,57.431448,25.000000,DOWN,TRANSIENT,58.450000,56.300000,25.024000,25.024000,300,0.003333
711.000000,712,DY-SIN-002,DYNAMIC_SINUSOIDAL,57.289686,25.000000,DOWN,TRANSIENT,58.470000,56.600000,25.054000,25.054000,300,0.003333
712.000000,713,DY-SIN-002,DYNAMIC_SINUSOIDAL,57.144727,25.000000,DOWN,TRANSIENT,58.480000,55.900000,25.032000,25.032000,300,0.003333
713.000000,714,DY-SIN-002,DYNAMIC_SINUSOIDAL,56.996633,25.000000,DOWN,TRANSIENT,58.470000,56.400000,25.052000,25.052000,300,0.003333
714.000000,715,DY-SIN-002,DYNAMIC_SINUSOIDAL,56.845471,25.000000,DOWN,TRANSIENT,58.450000,56.300000,25.013000,25.013000,300,0.003333
715.000000,716,DY-SIN-002,DYNAMIC_SINUSOIDAL,56.691306,25.000000,DOWN,TRANSIENT,58.480000,56.500000,25.015000,25.015000,300,0.003333
716.000000,717,DY-SIN-002,DYNAMIC_SINUSOIDAL,56.534206,25.000000,DOWN,TRANSIENT,58.420000,56.600000,25.048000,25.048000,300,0.003333
717.000000,718,DY-SIN-002,DYNAMIC_SINUSOIDAL,56.374240,25.000000,DOWN,TRANSIENT,58.430000,56.800000,25.011000,25.011000,300,0.003333
718.000000,719,DY-SIN-002,DYNAMIC_SINUSOIDAL,56.211478,25.000000,DOWN,TRANSIENT,58.390000,56.900000,25.040000,25.040000,300,0.003333
719.000000,720,DY-SIN-002,DYNAMIC_SINUSOIDAL,56.045991,25.000000,DOWN,TRANSIENT,58.340000,56.900000,25.047000,25.047000,300,0.003333
720.000000,721,DY-SIN-002,DYNAMIC_SINUSOIDAL,55.877853,25.000000,DOWN,TRANSIENT,58.310000,56.700000,25.025000,25.025000,300,0.003333
721.000000,722,DY-SIN-002,DYNAMIC_SINUSOIDAL,55.707136,25.000000,DOWN,TRANSIENT,58.330000,56.800000,24.973000,24.973000,300,0.003333
722.000000,723,DY-SIN-002,DYNAMIC_SINUSOIDAL,55.533915,25.000000,DOWN,TRANSIENT,58.220000,57.000000,25.053000,25.053000,300,0.003333
723.000000,724,DY-SIN-002,DYNAMIC_SINUSOIDAL,55.358268,25.000000,DOWN,TRANSIENT,58.200000,56.900000,25.006000,25.006000,300,0.003333
724.000000,725,DY-SIN-002,DYNAMIC_SINUSOIDAL,55.180270,25.000000,DOWN,TRANSIENT,58.160000,56.600000,25.006000,25.006000,300,0.003333
725.000000,726,DY-SIN-002,DYNAMIC_SINUSOIDAL,55.000000,25.000000,DOWN,TRANSIENT,58.090000,57.300000,25.028000,25.028000,300,0.003333
726.000000,727,DY-SIN-002,DYNAMIC_SINUSOIDAL,54.817537,25.000000,DOWN,TRANSIENT,58.110000,56.800000,25.086000,25.086000,300,0.003333
727.000000,728,DY-SIN-002,DYNAMIC_SINUSOIDAL,54.632960,25.000000,DOWN,TRANSIENT,58.000000,56.900000,25.015000,25.015000,300,0.003333
728.000000,729,DY-SIN-002,DYNAMIC_SINUSOIDAL,54.446352,25.000000,DOWN,TRANSIENT,57.950000,57.000000,25.032000,25.032000,300,0.003333
729.000000,730,DY-SIN-002,DYNAMIC_SINUSOIDAL,54.257793,25.000000,DOWN,TRANSIENT,57.910000,57.100000,25.044000,25.044000,300,0.003333
730.000000,731,DY-SIN-002,DYNAMIC_SINUSOIDAL,54.067366,25.000000,DOWN,TRANSIENT,57.790000,57.300000,25.015000,25.015000,300,0.003333
731.000000,732,DY-SIN-002,DYNAMIC_SINUSOIDAL,53.875156,25.000000,DOWN,TRANSIENT,57.630000,57.000000,25.067000,25.067000,300,0.003333
732.000000,733,DY-SIN-002,DYNAMIC_SINUSOIDAL,53.681246,25.000000,DOWN,TRANSIENT,57.520000,57.300000,25.101000,25.101000,300,0.003333
733.000000,734,DY-SIN-002,DYNAMIC_SINUSOIDAL,53.485720,25.000000,DOWN,TRANSIENT,57.410000,57.200000,25.044000,25.044000,300,0.003333
734.000000,735,DY-SIN-002,DYNAMIC_SINUSOIDAL,53.288666,25.000000,DOWN,TRANSIENT,57.390000,57.000000,25.062000,25.062000,300,0.003333
735.000000,736,DY-SIN-002,DYNAMIC_SINUSOIDAL,53.090170,25.000000,DOWN,TRANSIENT,57.320000,56.800000,24.991000,24.991000,300,0.003333
736.000000,737,DY-SIN-002,DYNAMIC_SINUSOIDAL,52.890318,25.000000,DOWN,TRANSIENT,57.240000,57.500000,25.027000,25.027000,300,0.003333
737.000000,738,DY-SIN-002,DYNAMIC_SINUSOIDAL,52.689198,25.000000,DOWN,TRANSIENT,57.160000,57.200000,24.976000,24.976000,300,0.003333
738.000000,739,DY-SIN-002,DYNAMIC_SINUSOIDAL,52.486899,25.000000,DOWN,TRANSIENT,56.970000,57.300000,25.056000,25.056000,300,0.003333
739.000000,740,DY-SIN-002,DYNAMIC_SINUSOIDAL,52.283509,25.000000,DOWN,TRANSIENT,57.000000,57.000000,25.007000,25.007000,300,0.003333
740.000000,741,DY-SIN-002,DYNAMIC_SINUSOIDAL,52.079117,25.000000,DOWN,TRANSIENT,56.840000,57.000000,24.999000,24.999000,300,0.003333
741.000000,742,DY-SIN-002,DYNAMIC_SINUSOIDAL,51.873813,25.000000,DOWN,TRANSIENT,56.740000,57.000000,24.996000,24.996000,300,0.003333
742.000000,743,DY-SIN-002,DYNAMIC_SINUSOIDAL,51.667687,25.000000,DOWN,TRANSIENT,56.680000,56.700000,25.058000,25.058000,300,0.003333
743.000000,744,DY-SIN-002,DYNAMIC_SINUSOIDAL,51.460830,25.000000,DOWN,TRANSIENT,56.600000,56.900000,25.023000,25.023000,300,0.003333
744.000000,745,DY-SIN-002,DYNAMIC_SINUSOIDAL,51.253332,25.000000,DOWN,TRANSIENT,56.480000,57.000000,25.045000,25.045000,300,0.003333
745.000000,746,DY-SIN-002,DYNAMIC_SINUSOIDAL,51.045285,25.000000,DOWN,TRANSIENT,56.320000,56.900000,25.000000,25.000000,300,0.003333
746.000000,747,DY-SIN-002,DYNAMIC_SINUSOIDAL,50.836778,25.000000,DOWN,TRANSIENT,56.220000,56.700000,24.986000,24.986000,300,0.003333
747.000000,748,DY-SIN-002,DYNAMIC_SINUSOIDAL,50.627905,25.000000,DOWN,TRANSIENT,56.070000,56.800000,25.011000,25.011000,300,0.003333
748.000000,749,DY-SIN-002,DYNAMIC_SINUSOIDAL,50.418757,25.000000,DOWN,TRANSIENT,55.880000,56.600000,25.018000,25.018000,300,0.003333
749.000000,750,DY-SIN-002,DYNAMIC_SINUSOIDAL,50.209424,25.000000,DOWN,TRANSIENT,55.840000,56.400000,24.956000,24.956000,300,0.003333
750.000000,751,DY-SIN-002,DYNAMIC_SINUSOIDAL,50.000000,25.000000,DOWN,TRANSIENT,55.740000,56.500000,25.007000,25.007000,300,0.003333
751.000000,752,DY-SIN-002,DYNAMIC_SINUSOIDAL,49.790576,25.000000,DOWN,TRANSIENT,55.620000,56.100000,25.012000,25.012000,300,0.003333
752.000000,753,DY-SIN-002,DYNAMIC_SINUSOIDAL,49.581243,25.000000,DOWN,TRANSIENT,55.550000,56.000000,25.017000,25.017000,300,0.003333
753.000000,754,DY-SIN-002,DYNAMIC_SINUSOIDAL,49.372095,25.000000,DOWN,TRANSIENT,55.250000,56.100000,25.007000,25.007000,300,0.003333
754.000000,755,DY-SIN-002,DYNAMIC_SINUSOIDAL,49.163222,25.000000,DOWN,TRANSIENT,55.170000,56.300000,25.038000,25.038000,300,0.003333
755.000000,756,DY-SIN-002,DYNAMIC_SINUSOIDAL,48.954715,25.000000,DOWN,TRANSIENT,55.040000,55.700000,25.000000,25.000000,300,0.003333
756.000000,757,DY-SIN-002,DYNAMIC_SINUSOIDAL,48.746668,25.000000,DOWN,TRANSIENT,54.770000,55.900000,25.002000,25.002000,300,0.003333
757.000000,758,DY-SIN-002,DYNAMIC_SINUSOIDAL,48.539170,25.000000,DOWN,TRANSIENT,54.800000,55.700000,25.048000,25.048000,300,0.003333
758.000000,759,DY-SIN-002,DYNAMIC_SINUSOIDAL,48.332313,25.000000,DOWN,TRANSIENT,54.580000,55.800000,25.025000,25.025000,300,0.003333
759.000000,760,DY-SIN-002,DYNAMIC_SINUSOIDAL,48.126187,25.000000,DOWN,TRANSIENT,54.450000,55.400000,24.992000,24.992000,300,0.003333
760.000000,761,DY-SIN-002,DYNAMIC_SINUSOIDAL,47.920883,25.000000,DOWN,TRANSIENT,54.280000,55.900000,25.011000,25.011000,300,0.003333
761.000000,762,DY-SIN-002,DYNAMIC_SINUSOIDAL,47.716491,25.000000,DOWN,TRANSIENT,54.080000,55.400000,25.058000,25.058000,300,0.003333
762.000000,763,DY-SIN-002,DYNAMIC_SINUSOIDAL,47.513101,25.000000,DOWN,TRANSIENT,53.880000,55.000000,24.988000,24.988000,300,0.003333
763.000000,764,DY-SIN-002,DYNAMIC_SINUSOIDAL,47.310802,25.000000,DOWN,TRANSIENT,53.730000,55.300000,25.063000,25.063000,300,0.003333
764.000000,765,DY-SIN-002,DYNAMIC_SINUSOIDAL,47.109682,25.000000,DOWN,TRANSIENT,53.610000,55.500000,25.049000,25.049000,300,0.003333
765.000000,766,DY-SIN-002,DYNAMIC_SINUSOIDAL,46.909830,25.000000,DOWN,TRANSIENT,53.440000,54.900000,25.032000,25.032000,300,0.003333
766.000000,767,DY-SIN-002,DYNAMIC_SINUSOIDAL,46.711334,25.000000,DOWN,TRANSIENT,53.280000,55.000000,25.002000,25.002000,300,0.003333
767.000000,768,DY-SIN-002,DYNAMIC_SINUSOIDAL,46.514280,25.000000,DOWN,TRANSIENT,53.100000,54.800000,25.016000,25.016000,300,0.003333
768.000000,769,DY-SIN-002,DYNAMIC_SINUSOIDAL,46.318754,25.000000,DOWN,TRANSIENT,52.940000,54.800000,25.039000,25.039000,300,0.003333
769.000000,770,DY-SIN-002,DYNAMIC_SINUSOIDAL,46.124844,25.000000,DOWN,TRANSIENT,52.760000,54.900000,25.031000,25.031000,300,0.003333
770.000000,771,DY-SIN-002,DYNAMIC_SINUSOIDAL,45.932634,25.000000,DOWN,TRANSIENT,52.590000,54.100000,25.055000,25.055000,300,0.003333
771.000000,772,DY-SIN-002,DYNAMIC_SINUSOIDAL,45.742207,25.000000,DOWN,TRANSIENT,52.360000,54.100000,25.050000,25.050000,300,0.003333
772.000000,773,DY-SIN-002,DYNAMIC_SINUSOIDAL,45.553648,25.000000,DOWN,TRANSIENT,52.180000,54.500000,25.035000,25.035000,300,0.003333
773.000000,774,DY-SIN-002,DYNAMIC_SINUSOIDAL,45.367040,25.000000,DOWN,TRANSIENT,52.110000,54.000000,25.028000,25.028000,300,0.003333
774.000000,775,DY-SIN-002,DYNAMIC_SINUSOIDAL,45.182463,25.000000,DOWN,TRANSIENT,51.870000,53.300000,25.035000,25.035000,300,0.003333
775.000000,776,DY-SIN-002,DYNAMIC_SINUSOIDAL,45.000000,25.000000,DOWN,TRANSIENT,51.610000,53.700000,24.970000,24.970000,300,0.003333
776.000000,777,DY-SIN-002,DYNAMIC_SINUSOIDAL,44.819730,25.000000,DOWN,TRANSIENT,51.430000,53.600000,25.094000,25.094000,300,0.003333
777.000000,778,DY-SIN-002,DYNAMIC_SINUSOIDAL,44.641732,25.000000,DOWN,TRANSIENT,51.270000,53.300000,25.065000,25.065000,300,0.003333
778.000000,779,DY-SIN-002,DYNAMIC_SINUSOIDAL,44.466085,25.000000,DOWN,TRANSIENT,51.180000,53.300000,24.983000,24.983000,300,0.003333
779.000000,780,DY-SIN-002,DYNAMIC_SINUSOIDAL,44.292864,25.000000,DOWN,TRANSIENT,51.050000,53.200000,24.999000,24.999000,300,0.003333
780.000000,781,DY-SIN-002,DYNAMIC_SINUSOIDAL,44.122147,25.000000,DOWN,TRANSIENT,50.870000,53.000000,25.047000,25.047000,300,0.003333
781.000000,782,DY-SIN-002,DYNAMIC_SINUSOIDAL,43.954009,25.000000,DOWN,TRANSIENT,50.630000,52.800000,24.999000,24.999000,300,0.003333
782.000000,783,DY-SIN-002,DYNAMIC_SINUSOIDAL,43.788522,25.000000,DOWN,TRANSIENT,50.420000,52.700000,25.047000,25.047000,300,0.003333
783.000000,784,DY-SIN-002,DYNAMIC_SINUSOIDAL,43.625760,25.000000,DOWN,TRANSIENT,50.240000,52.900000,25.005000,25.005000,300,0.003333
784.000000,785,DY-SIN-002,DYNAMIC_SINUSOIDAL,43.465794,25.000000,DOWN,TRANSIENT,50.140000,52.300000,25.053000,25.053000,300,0.003333
785.000000,786,DY-SIN-002,DYNAMIC_SINUSOIDAL,43.308694,25.000000,DOWN,TRANSIENT,49.890000,52.300000,25.076000,25.076000,300,0.003333
786.000000,787,DY-SIN-002,DYNAMIC_SINUSOIDAL,43.154529,25.000000,DOWN,TRANSIENT,49.790000,52.300000,24.979000,24.979000,300,0.003333
787.000000,788,DY-SIN-002,DYNAMIC_SINUSOIDAL,43.003367,25.000000,DOWN,TRANSIENT,49.630000,52.300000,25.065000,25.065000,300,0.003333
788.000000,789,DY-SIN-002,DYNAMIC_SINUSOIDAL,42.855273,25.000000,DOWN,TRANSIENT,49.410000,51.700000,24.989000,24.989000,300,0.003333
789.000000,790,DY-SIN-002,DYNAMIC_SINUSOIDAL,42.710314,25.000000,DOWN,TRANSIENT,49.210000,52.100000,25.024000,25.024000,300,0.003333
790.000000,791,DY-SIN-002,DYNAMIC_SINUSOIDAL,42.568552,25.000000,DOWN,TRANSIENT,49.070000,51.200000,24.995000,24.995000,300,0.003333
791.000000,792,DY-SIN-002,DYNAMIC_SINUSOIDAL,42.430049,25.000000,DOWN,TRANSIENT,48.910000,51.100000,25.051000,25.051000,300,0.003333
792.000000,793,DY-SIN-002,DYNAMIC_SINUSOIDAL,42.294868,25.000000,DOWN,TRANSIENT,48.750000,51.400000,25.048000,25.048000,300,0.003333
793.000000,794,DY-SIN-002,DYNAMIC_SINUSOIDAL,42.163065,25.000000,DOWN,TRANSIENT,48.530000,51.000000,25.065000,25.065000,300,0.003333
794.000000,795,DY-SIN-002,DYNAMIC_SINUSOIDAL,42.034701,25.000000,DOWN,TRANSIENT,48.350000,51.200000,24.966000,24.966000,300,0.003333
795.000000,796,DY-SIN-002,DYNAMIC_SINUSOIDAL,41.909830,25.000000,DOWN,TRANSIENT,48.160000,50.300000,24.989000,24.989000,300,0.003333
796.000000,797,DY-SIN-002,DYNAMIC_SINUSOIDAL,41.788508,25.000000,DOWN,TRANSIENT,48.000000,50.600000,25.029000,25.029000,300,0.003333
797.000000,798,DY-SIN-002,DYNAMIC_SINUSOIDAL,41.670788,25.000000,DOWN,TRANSIENT,47.810000,50.200000,25.015000,25.015000,300,0.003333
798.000000,799,DY-SIN-002,DYNAMIC_SINUSOIDAL,41.556721,25.000000,DOWN,TRANSIENT,47.730000,50.400000,25.031000,25.031000,300,0.003333
799.000000,800,DY-SIN-002,DYNAMIC_SINUSOIDAL,41.446357,25.000000,DOWN,TRANSIENT,47.570000,50.400000,25.039000,25.039000,300,0.003333
800.000000,801,DY-SIN-002,DYNAMIC_SINUSOIDAL,41.339746,25.000000,DOWN,TRANSIENT,47.440000,49.700000,24.983000,24.983000,300,0.003333
801.000000,802,DY-SIN-002,DYNAMIC_SINUSOIDAL,41.236933,25.000000,DOWN,TRANSIENT,47.230000,50.300000,25.008000,25.008000,300,0.003333
802.000000,803,DY-SIN-002,DYNAMIC_SINUSOIDAL,41.137964,25.000000,DOWN,TRANSIENT,47.040000,49.900000,25.005000,25.005000,300,0.003333
803.000000,804,DY-SIN-002,DYNAMIC_SINUSOIDAL,41.042882,25.000000,DOWN,TRANSIENT,46.920000,49.800000,25.024000,25.024000,300,0.003333
804.000000,805,DY-SIN-002,DYNAMIC_SINUSOIDAL,40.951729,25.000000,DOWN,TRANSIENT,46.750000,49.200000,25.053000,25.053000,300,0.003333
805.000000,806,DY-SIN-002,DYNAMIC_SINUSOIDAL,40.864545,25.000000,DOWN,TRANSIENT,46.600000,49.700000,25.035000,25.035000,300,0.003333
806.000000,807,DY-SIN-002,DYNAMIC_SINUSOIDAL,40.781368,25.000000,DOWN,TRANSIENT,46.360000,48.400000,25.077000,25.077000,300,0.003333
807.000000,808,DY-SIN-002,DYNAMIC_SINUSOIDAL,40.702235,25.000000,DOWN,TRANSIENT,46.220000,48.900000,24.968000,24.968000,300,0.003333
808.000000,809,DY-SIN-002,DYNAMIC_SINUSOIDAL,40.627180,25.000000,DOWN,TRANSIENT,46.060000,48.800000,25.039000,25.039000,300,0.003333
809.000000,810,DY-SIN-002,DYNAMIC_SINUSOIDAL,40.556236,25.000000,DOWN,TRANSIENT,45.920000,48.200000,25.042000,25.042000,300,0.003333
810.000000,811,DY-SIN-002,DYNAMIC_SINUSOIDAL,40.489435,25.000000,DOWN,TRANSIENT,45.780000,48.700000,24.953000,24.953000,300,0.003333
811.000000,812,DY-SIN-002,DYNAMIC_SINUSOIDAL,40.426805,25.000000,DOWN,TRANSIENT,45.600000,48.100000,25.079000,25.079000,300,0.003333
812.000000,813,DY-SIN-002,DYNAMIC_SINUSOIDAL,40.368374,25.000000,DOWN,TRANSIENT,45.460000,48.400000,24.993000,24.993000,300,0.003333
813.000000,814,DY-SIN-002,DYNAMIC_SINUSOIDAL,40.314168,25.000000,DOWN,TRANSIENT,45.340000,48.000000,25.046000,25.046000,300,0.003333
814.000000,815,DY-SIN-002,DYNAMIC_SINUSOIDAL,40.264211,25.000000,DOWN,TRANSIENT,45.160000,47.700000,24.996000,24.996000,300,0.003333
815.000000,816,DY-SIN-002,DYNAMIC_SINUSOIDAL,40.218524,25.000000,DOWN,TRANSIENT,45.100000,47.700000,25.022000,25.022000,300,0.003333
816.000000,817,DY-SIN-002,DYNAMIC_SINUSOIDAL,40.177127,25.000000,DOWN,TRANSIENT,44.920000,47.400000,25.062000,25.062000,300,0.003333
817.000000,818,DY-SIN-002,DYNAMIC_SINUSOIDAL,40.140040,25.000000,DOWN,TRANSIENT,44.840000,47.000000,25.073000,25.073000,300,0.003333
818.000000,819,DY-SIN-002,DYNAMIC_SINUSOIDAL,40.107277,25.000000,DOWN,TRANSIENT,44.680000,47.600000,25.006000,25.006000,300,0.003333
819.000000,820,DY-SIN-002,DYNAMIC_SINUSOIDAL,40.078853,25.000000,DOWN,TRANSIENT,44.560000,46.800000,24.993000,24.993000,300,0.003333
820.000000,821,DY-SIN-002,DYNAMIC_SINUSOIDAL,40.054781,25.000000,DOWN,TRANSIENT,44.400000,47.100000,24.986000,24.986000,300,0.003333
821.000000,822,DY-SIN-002,DYNAMIC_SINUSOIDAL,40.035071,25.000000,DOWN,TRANSIENT,44.300000,46.700000,25.015000,25.015000,300,0.003333
822.000000,823,DY-SIN-002,DYNAMIC_SINUSOIDAL,40.019733,25.000000,DOWN,TRANSIENT,44.130000,46.700000,24.999000,24.999000,300,0.003333
823.000000,824,DY-SIN-002,DYNAMIC_SINUSOIDAL,40.008772,25.000000,DOWN,TRANSIENT,43.980000,46.400000,25.022000,25.022000,300,0.003333
824.000000,825,DY-SIN-002,DYNAMIC_SINUSOIDAL,40.002193,25.000000,DOWN,TRANSIENT,43.900000,46.200000,24.970000,24.970000,300,0.003333
825.000000,826,DY-SIN-002,DYNAMIC_SINUSOIDAL,40.000000,25.000000,DOWN,TRANSIENT,43.830000,46.200000,24.954000,24.954000,300,0.003333
826.000000,827,DY-SIN-002,DYNAMIC_SINUSOIDAL,40.002193,25.000000,UP,TRANSIENT,43.610000,45.400000,24.994000,24.994000,300,0.003333
827.000000,828,DY-SIN-002,DYNAMIC_SINUSOIDAL,40.008772,25.000000,UP,TRANSIENT,43.580000,44.900000,25.016000,25.016000,300,0.003333
828.000000,829,DY-SIN-002,DYNAMIC_SINUSOIDAL,40.019733,25.000000,UP,TRANSIENT,43.480000,44.600000,24.964000,24.964000,300,0.003333
829.000000,830,DY-SIN-002,DYNAMIC_SINUSOIDAL,40.035071,25.000000,UP,TRANSIENT,43.310000,44.700000,24.953000,24.953000,300,0.003333
830.000000,831,DY-SIN-002,DYNAMIC_SINUSOIDAL,40.054781,25.000000,UP,TRANSIENT,43.220000,44.800000,24.970000,24.970000,300,0.003333
831.000000,832,DY-SIN-002,DYNAMIC_SINUSOIDAL,40.078853,25.000000,UP,TRANSIENT,43.170000,44.700000,25.035000,25.035000,300,0.003333
832.000000,833,DY-SIN-002,DYNAMIC_SINUSOIDAL,40.107277,25.000000,UP,TRANSIENT,43.150000,44.800000,25.045000,25.045000,300,0.003333
833.000000,834,DY-SIN-002,DYNAMIC_SINUSOIDAL,40.140040,25.000000,UP,TRANSIENT,42.940000,43.900000,25.035000,25.035000,300,0.003333
834.000000,835,DY-SIN-002,DYNAMIC_SINUSOIDAL,40.177127,25.000000,UP,TRANSIENT,42.920000,44.400000,24.975000,24.975000,300,0.003333
835.000000,836,DY-SIN-002,DYNAMIC_SINUSOIDAL,40.218524,25.000000,UP,TRANSIENT,42.850000,43.900000,25.009000,25.009000,300,0.003333
836.000000,837,DY-SIN-002,DYNAMIC_SINUSOIDAL,40.264211,25.000000,UP,TRANSIENT,42.800000,43.700000,25.013000,25.013000,300,0.003333
837.000000,838,DY-SIN-002,DYNAMIC_SINUSOIDAL,40.314168,25.000000,UP,TRANSIENT,42.700000,44.200000,25.040000,25.040000,300,0.003333
838.000000,839,DY-SIN-002,DYNAMIC_SINUSOIDAL,40.368374,25.000000,UP,TRANSIENT,42.550000,43.800000,25.117000,25.117000,300,0.003333
839.000000,840,DY-SIN-002,DYNAMIC_SINUSOIDAL,40.426805,25.000000,UP,TRANSIENT,42.590000,43.500000,24.965000,24.965000,300,0.003333
840.000000,841,DY-SIN-002,DYNAMIC_SINUSOIDAL,40.489435,25.000000,UP,TRANSIENT,42.470000,43.400000,25.028000,25.028000,300,0.003333
841.000000,842,DY-SIN-002,DYNAMIC_SINUSOIDAL,40.556236,25.000000,UP,TRANSIENT,42.470000,43.400000,25.008000,25.008000,300,0.003333
842.000000,843,DY-SIN-002,DYNAMIC_SINUSOIDAL,40.627180,25.000000,UP,TRANSIENT,42.350000,43.100000,25.012000,25.012000,300,0.003333
843.000000,844,DY-SIN-002,DYNAMIC_SINUSOIDAL,40.702235,25.000000,UP,TRANSIENT,42.250000,43.500000,25.016000,25.016000,300,0.003333
844.000000,845,DY-SIN-002,DYNAMIC_SINUSOIDAL,40.781368,25.000000,UP,TRANSIENT,42.340000,43.600000,25.028000,25.028000,300,0.003333
845.000000,846,DY-SIN-002,DYNAMIC_SINUSOIDAL,40.864545,25.000000,UP,TRANSIENT,42.280000,43.100000,24.957000,24.957000,300,0.003333
846.000000,847,DY-SIN-002,DYNAMIC_SINUSOIDAL,40.951729,25.000000,UP,TRANSIENT,42.180000,43.000000,25.048000,25.048000,300,0.003333
847.000000,848,DY-SIN-002,DYNAMIC_SINUSOIDAL,41.042882,25.000000,UP,TRANSIENT,42.160000,43.100000,25.021000,25.021000,300,0.003333
848.000000,849,DY-SIN-002,DYNAMIC_SINUSOIDAL,41.137964,25.000000,UP,TRANSIENT,42.120000,42.900000,25.038000,25.038000,300,0.003333
849.000000,850,DY-SIN-002,DYNAMIC_SINUSOIDAL,41.236933,25.000000,UP,TRANSIENT,42.110000,43.100000,25.007000,25.007000,300,0.003333
850.000000,851,DY-SIN-002,DYNAMIC_SINUSOIDAL,41.339746,25.000000,UP,TRANSIENT,42.120000,42.600000,25.019000,25.019000,300,0.003333
851.000000,852,DY-SIN-002,DYNAMIC_SINUSOIDAL,41.446357,25.000000,UP,TRANSIENT,42.060000,42.200000,25.026000,25.026000,300,0.003333
852.000000,853,DY-SIN-002,DYNAMIC_SINUSOIDAL,41.556721,25.000000,UP,TRANSIENT,41.980000,42.400000,25.042000,25.042000,300,0.003333
853.000000,854,DY-SIN-002,DYNAMIC_SINUSOIDAL,41.670788,25.000000,UP,TRANSIENT,41.950000,42.000000,25.029000,25.029000,300,0.003333
854.000000,855,DY-SIN-002,DYNAMIC_SINUSOIDAL,41.788508,25.000000,UP,TRANSIENT,41.930000,42.200000,25.009000,25.009000,300,0.003333
855.000000,856,DY-SIN-002,DYNAMIC_SINUSOIDAL,41.909830,25.000000,UP,TRANSIENT,42.000000,42.100000,25.094000,25.094000,300,0.003333
856.000000,857,DY-SIN-002,DYNAMIC_SINUSOIDAL,42.034701,25.000000,UP,TRANSIENT,41.900000,41.900000,25.031000,25.031000,300,0.003333
857.000000,858,DY-SIN-002,DYNAMIC_SINUSOIDAL,42.163065,25.000000,UP,TRANSIENT,41.920000,42.300000,25.064000,25.064000,300,0.003333
858.000000,859,DY-SIN-002,DYNAMIC_SINUSOIDAL,42.294868,25.000000,UP,TRANSIENT,42.000000,42.500000,24.986000,24.986000,300,0.003333
859.000000,860,DY-SIN-002,DYNAMIC_SINUSOIDAL,42.430049,25.000000,UP,TRANSIENT,41.890000,42.100000,25.085000,25.085000,300,0.003333
860.000000,861,DY-SIN-002,DYNAMIC_SINUSOIDAL,42.568552,25.000000,UP,TRANSIENT,41.870000,41.700000,25.013000,25.013000,300,0.003333
861.000000,862,DY-SIN-002,DYNAMIC_SINUSOIDAL,42.710314,25.000000,UP,TRANSIENT,41.910000,41.900000,25.004000,25.004000,300,0.003333
862.000000,863,DY-SIN-002,DYNAMIC_SINUSOIDAL,42.855273,25.000000,UP,TRANSIENT,41.990000,42.000000,25.035000,25.035000,300,0.003333
863.000000,864,DY-SIN-002,DYNAMIC_SINUSOIDAL,43.003367,25.000000,UP,TRANSIENT,41.930000,41.500000,25.053000,25.053000,300,0.003333
864.000000,865,DY-SIN-002,DYNAMIC_SINUSOIDAL,43.154529,25.000000,UP,TRANSIENT,42.000000,42.000000,25.012000,25.012000,300,0.003333
865.000000,866,DY-SIN-002,DYNAMIC_SINUSOIDAL,43.308694,25.000000,UP,TRANSIENT,42.040000,41.900000,25.024000,25.024000,300,0.003333
866.000000,867,DY-SIN-002,DYNAMIC_SINUSOIDAL,43.465794,25.000000,UP,TRANSIENT,42.160000,41.500000,24.988000,24.988000,300,0.003333
867.000000,868,DY-SIN-002,DYNAMIC_SINUSOIDAL,43.625760,25.000000,UP,TRANSIENT,42.000000,40.900000,25.004000,25.004000,300,0.003333
868.000000,869,DY-SIN-002,DYNAMIC_SINUSOIDAL,43.788522,25.000000,UP,TRANSIENT,42.000000,41.600000,25.023000,25.023000,300,0.003333
869.000000,870,DY-SIN-002,DYNAMIC_SINUSOIDAL,43.954009,25.000000,UP,TRANSIENT,42.080000,41.700000,25.042000,25.042000,300,0.003333
870.000000,871,DY-SIN-002,DYNAMIC_SINUSOIDAL,44.122147,25.000000,UP,TRANSIENT,42.110000,41.600000,25.001000,25.001000,300,0.003333
871.000000,872,DY-SIN-002,DYNAMIC_SINUSOIDAL,44.292864,25.000000,UP,TRANSIENT,42.160000,41.700000,25.018000,25.018000,300,0.003333
872.000000,873,DY-SIN-002,DYNAMIC_SINUSOIDAL,44.466085,25.000000,UP,TRANSIENT,42.260000,41.800000,24.972000,24.972000,300,0.003333
873.000000,874,DY-SIN-002,DYNAMIC_SINUSOIDAL,44.641732,25.000000,UP,TRANSIENT,42.310000,41.400000,25.074000,25.074000,300,0.003333
874.000000,875,DY-SIN-002,DYNAMIC_SINUSOIDAL,44.819730,25.000000,UP,TRANSIENT,42.330000,41.200000,25.050000,25.050000,300,0.003333
875.000000,876,DY-SIN-002,DYNAMIC_SINUSOIDAL,45.000000,25.000000,UP,TRANSIENT,42.320000,41.500000,25.029000,25.029000,300,0.003333
876.000000,877,DY-SIN-002,DYNAMIC_SINUSOIDAL,45.182463,25.000000,UP,TRANSIENT,42.390000,41.500000,24.988000,24.988000,300,0.003333
877.000000,878,DY-SIN-002,DYNAMIC_SINUSOIDAL,45.367040,25.000000,UP,TRANSIENT,42.500000,41.100000,24.975000,24.975000,300,0.003333
878.000000,879,DY-SIN-002,DYNAMIC_SINUSOIDAL,45.553648,25.000000,UP,TRANSIENT,42.620000,41.400000,24.987000,24.987000,300,0.003333
879.000000,880,DY-SIN-002,DYNAMIC_SINUSOIDAL,45.742207,25.000000,UP,TRANSIENT,42.640000,41.300000,25.020000,25.020000,300,0.003333
880.000000,881,DY-SIN-002,DYNAMIC_SINUSOIDAL,45.932634,25.000000,UP,TRANSIENT,42.700000,41.400000,25.010000,25.010000,300,0.003333
881.000000,882,DY-SIN-002,DYNAMIC_SINUSOIDAL,46.124844,25.000000,UP,TRANSIENT,42.840000,41.800000,24.990000,24.990000,300,0.003333
882.000000,883,DY-SIN-002,DYNAMIC_SINUSOIDAL,46.318754,25.000000,UP,TRANSIENT,42.880000,41.400000,25.034000,25.034000,300,0.003333
883.000000,884,DY-SIN-002,DYNAMIC_SINUSOIDAL,46.514280,25.000000,UP,TRANSIENT,42.970000,41.100000,25.042000,25.042000,300,0.003333
884.000000,885,DY-SIN-002,DYNAMIC_SINUSOIDAL,46.711334,25.000000,UP,TRANSIENT,42.950000,41.100000,25.012000,25.012000,300,0.003333
885.000000,886,DY-SIN-002,DYNAMIC_SINUSOIDAL,46.909830,25.000000,UP,TRANSIENT,43.100000,41.500000,25.024000,25.024000,300,0.003333
886.000000,887,DY-SIN-002,DYNAMIC_SINUSOIDAL,47.109682,25.000000,UP,TRANSIENT,43.140000,41.200000,25.009000,25.009000,300,0.003333
887.000000,888,DY-SIN-002,DYNAMIC_SINUSOIDAL,47.310802,25.000000,UP,TRANSIENT,43.170000,41.400000,25.061000,25.061000,300,0.003333
888.000000,889,DY-SIN-002,DYNAMIC_SINUSOIDAL,47.513101,25.000000,UP,TRANSIENT,43.320000,41.900000,24.937000,24.937000,300,0.003333
889.000000,890,DY-SIN-002,DYNAMIC_SINUSOIDAL,47.716491,25.000000,UP,TRANSIENT,43.520000,41.500000,24.981000,24.981000,300,0.003333
890.000000,891,DY-SIN-002,DYNAMIC_SINUSOIDAL,47.920883,25.000000,UP,TRANSIENT,43.590000,40.700000,25.011000,25.011000,300,0.003333
891.000000,892,DY-SIN-002,DYNAMIC_SINUSOIDAL,48.126187,25.000000,UP,TRANSIENT,43.620000,41.700000,25.050000,25.050000,300,0.003333
892.000000,893,DY-SIN-002,DYNAMIC_SINUSOIDAL,48.332313,25.000000,UP,TRANSIENT,43.740000,41.200000,25.052000,25.052000,300,0.003333
893.000000,894,DY-SIN-002,DYNAMIC_SINUSOIDAL,48.539170,25.000000,UP,TRANSIENT,43.870000,41.500000,24.979000,24.979000,300,0.003333
894.000000,895,DY-SIN-002,DYNAMIC_SINUSOIDAL,48.746668,25.000000,UP,TRANSIENT,44.060000,41.200000,25.021000,25.021000,300,0.003333
895.000000,896,DY-SIN-002,DYNAMIC_SINUSOIDAL,48.954715,25.000000,UP,TRANSIENT,44.030000,41.500000,24.996000,24.996000,300,0.003333
896.000000,897,DY-SIN-002,DYNAMIC_SINUSOIDAL,49.163222,25.000000,UP,TRANSIENT,44.150000,41.900000,25.024000,25.024000,300,0.003333
897.000000,898,DY-SIN-002,DYNAMIC_SINUSOIDAL,49.372095,25.000000,UP,TRANSIENT,44.280000,41.600000,25.016000,25.016000,300,0.003333
898.000000,899,DY-SIN-002,DYNAMIC_SINUSOIDAL,49.581243,25.000000,UP,TRANSIENT,44.400000,41.800000,24.998000,24.998000,300,0.003333
899.000000,900,DY-SIN-002,DYNAMIC_SINUSOIDAL,49.790576,25.000000,UP,TRANSIENT,44.600000,41.200000,25.004000,25.004000,300,0.003333
900.000000,901,DY-SIN-002,DYNAMIC_SINUSOIDAL,50.000000,25.000000,UP,TRANSIENT,44.720000,41.400000,25.036000,25.036000,300,0.003333
901.000000,902,DY-SIN-002,DYNAMIC_SINUSOIDAL,50.209424,25.000000,UP,TRANSIENT,44.780000,41.500000,25.042000,25.042000,300,0.003333
902.000000,903,DY-SIN-002,DYNAMIC_SINUSOIDAL,50.418757,25.000000,UP,TRANSIENT,44.880000,42.000000,25.053000,25.053000,300,0.003333
903.000000,904,DY-SIN-002,DYNAMIC_SINUSOIDAL,50.627905,25.000000,UP,TRANSIENT,45.040000,41.800000,25.056000,25.056000,300,0.003333
904.000000,905,DY-SIN-002,DYNAMIC_SINUSOIDAL,50.836778,25.000000,UP,TRANSIENT,45.200000,42.100000,25.012000,25.012000,300,0.003333
905.000000,906,DY-SIN-002,DYNAMIC_SINUSOIDAL,51.045285,25.000000,UP,TRANSIENT,45.350000,42.700000,25.083000,25.083000,300,0.003333
906.000000,907,DY-SIN-002,DYNAMIC_SINUSOIDAL,51.253332,25.000000,UP,TRANSIENT,45.530000,42.400000,24.972000,24.972000,300,0.003333
907.000000,908,DY-SIN-002,DYNAMIC_SINUSOIDAL,51.460830,25.000000,UP,TRANSIENT,45.610000,42.300000,25.061000,25.061000,300,0.003333
908.000000,909,DY-SIN-002,DYNAMIC_SINUSOIDAL,51.667687,25.000000,UP,TRANSIENT,45.740000,42.500000,25.020000,25.020000,300,0.003333
909.000000,910,DY-SIN-002,DYNAMIC_SINUSOIDAL,51.873813,25.000000,UP,TRANSIENT,45.840000,42.300000,25.039000,25.039000,300,0.003333
910.000000,911,DY-SIN-002,DYNAMIC_SINUSOIDAL,52.079117,25.000000,UP,TRANSIENT,46.000000,42.500000,25.045000,25.045000,300,0.003333
911.000000,912,DY-SIN-002,DYNAMIC_SINUSOIDAL,52.283509,25.000000,UP,TRANSIENT,46.150000,42.600000,24.950000,24.950000,300,0.003333
912.000000,913,DY-SIN-002,DYNAMIC_SINUSOIDAL,52.486899,25.000000,UP,TRANSIENT,46.350000,42.700000,25.010000,25.010000,300,0.003333
913.000000,914,DY-SIN-002,DYNAMIC_SINUSOIDAL,52.689198,25.000000,UP,TRANSIENT,46.490000,43.200000,24.990000,24.990000,300,0.003333
914.000000,915,DY-SIN-002,DYNAMIC_SINUSOIDAL,52.890318,25.000000,UP,TRANSIENT,46.610000,42.700000,24.999000,24.999000,300,0.003333
915.000000,916,DY-SIN-002,DYNAMIC_SINUSOIDAL,53.090170,25.000000,UP,TRANSIENT,46.740000,42.100000,25.017000,25.017000,300,0.003333
916.000000,917,DY-SIN-002,DYNAMIC_SINUSOIDAL,53.288666,25.000000,UP,TRANSIENT,47.000000,42.800000,25.046000,25.046000,300,0.003333
917.000000,918,DY-SIN-002,DYNAMIC_SINUSOIDAL,53.485720,25.000000,UP,TRANSIENT,47.050000,43.100000,25.032000,25.032000,300,0.003333
918.000000,919,DY-SIN-002,DYNAMIC_SINUSOIDAL,53.681246,25.000000,UP,TRANSIENT,47.260000,43.600000,25.083000,25.083000,300,0.003333
919.000000,920,DY-SIN-002,DYNAMIC_SINUSOIDAL,53.875156,25.000000,UP,TRANSIENT,47.450000,43.300000,25.065000,25.065000,300,0.003333
920.000000,921,DY-SIN-002,DYNAMIC_SINUSOIDAL,54.067366,25.000000,UP,TRANSIENT,47.600000,43.400000,25.001000,25.001000,300,0.003333
921.000000,922,DY-SIN-002,DYNAMIC_SINUSOIDAL,54.257793,25.000000,UP,TRANSIENT,47.680000,43.700000,25.056000,25.056000,300,0.003333
922.000000,923,DY-SIN-002,DYNAMIC_SINUSOIDAL,54.446352,25.000000,UP,TRANSIENT,47.940000,43.900000,25.006000,25.006000,300,0.003333
923.000000,924,DY-SIN-002,DYNAMIC_SINUSOIDAL,54.632960,25.000000,UP,TRANSIENT,48.130000,43.800000,24.998000,24.998000,300,0.003333
924.000000,925,DY-SIN-002,DYNAMIC_SINUSOIDAL,54.817537,25.000000,UP,TRANSIENT,48.390000,43.700000,25.064000,25.064000,300,0.003333
925.000000,926,DY-SIN-002,DYNAMIC_SINUSOIDAL,55.000000,25.000000,UP,TRANSIENT,48.530000,43.800000,25.061000,25.061000,300,0.003333
926.000000,927,DY-SIN-002,DYNAMIC_SINUSOIDAL,55.180270,25.000000,UP,TRANSIENT,48.640000,43.800000,25.019000,25.019000,300,0.003333
927.000000,928,DY-SIN-002,DYNAMIC_SINUSOIDAL,55.358268,25.000000,UP,TRANSIENT,48.820000,44.200000,24.995000,24.995000,300,0.003333
928.000000,929,DY-SIN-002,DYNAMIC_SINUSOIDAL,55.533915,25.000000,UP,TRANSIENT,49.030000,44.500000,25.021000,25.021000,300,0.003333
929.000000,930,DY-SIN-002,DYNAMIC_SINUSOIDAL,55.707136,25.000000,UP,TRANSIENT,49.200000,44.000000,25.016000,25.016000,300,0.003333
930.000000,931,DY-SIN-002,DYNAMIC_SINUSOIDAL,55.877853,25.000000,UP,TRANSIENT,49.350000,44.300000,25.032000,25.032000,300,0.003333
931.000000,932,DY-SIN-002,DYNAMIC_SINUSOIDAL,56.045991,25.000000,UP,TRANSIENT,49.550000,44.800000,25.031000,25.031000,300,0.003333
932.000000,933,DY-SIN-002,DYNAMIC_SINUSOIDAL,56.211478,25.000000,UP,TRANSIENT,49.760000,45.000000,25.023000,25.023000,300,0.003333
933.000000,934,DY-SIN-002,DYNAMIC_SINUSOIDAL,56.374240,25.000000,UP,TRANSIENT,49.780000,45.400000,25.002000,25.002000,300,0.003333
934.000000,935,DY-SIN-002,DYNAMIC_SINUSOIDAL,56.534206,25.000000,UP,TRANSIENT,50.050000,45.100000,24.998000,24.998000,300,0.003333
935.000000,936,DY-SIN-002,DYNAMIC_SINUSOIDAL,56.691306,25.000000,UP,TRANSIENT,50.100000,44.900000,24.961000,24.961000,300,0.003333
936.000000,937,DY-SIN-002,DYNAMIC_SINUSOIDAL,56.845471,25.000000,UP,TRANSIENT,50.350000,44.900000,25.077000,25.077000,300,0.003333
937.000000,938,DY-SIN-002,DYNAMIC_SINUSOIDAL,56.996633,25.000000,UP,TRANSIENT,50.550000,45.500000,25.048000,25.048000,300,0.003333
938.000000,939,DY-SIN-002,DYNAMIC_SINUSOIDAL,57.144727,25.000000,UP,TRANSIENT,50.670000,45.700000,25.006000,25.006000,300,0.003333
939.000000,940,DY-SIN-002,DYNAMIC_SINUSOIDAL,57.289686,25.000000,UP,TRANSIENT,50.840000,45.700000,25.037000,25.037000,300,0.003333
940.000000,941,DY-SIN-002,DYNAMIC_SINUSOIDAL,57.431448,25.000000,UP,TRANSIENT,51.040000,46.100000,25.057000,25.057000,300,0.003333
941.000000,942,DY-SIN-002,DYNAMIC_SINUSOIDAL,57.569951,25.000000,UP,TRANSIENT,51.230000,46.100000,25.002000,25.002000,300,0.003333
942.000000,943,DY-SIN-002,DYNAMIC_SINUSOIDAL,57.705132,25.000000,UP,TRANSIENT,51.380000,46.200000,25.011000,25.011000,300,0.003333
943.000000,944,DY-SIN-002,DYNAMIC_SINUSOIDAL,57.836935,25.000000,UP,TRANSIENT,51.590000,46.100000,25.051000,25.051000,300,0.003333
944.000000,945,DY-SIN-002,DYNAMIC_SINUSOIDAL,57.965299,25.000000,UP,TRANSIENT,51.820000,46.500000,25.065000,25.065000,300,0.003333
945.000000,946,DY-SIN-002,DYNAMIC_SINUSOIDAL,58.090170,25.000000,UP,TRANSIENT,51.950000,46.200000,25.088000,25.088000,300,0.003333
946.000000,947,DY-SIN-002,DYNAMIC_SINUSOIDAL,58.211492,25.000000,UP,TRANSIENT,52.150000,46.500000,25.012000,25.012000,300,0.003333
947.000000,948,DY-SIN-002,DYNAMIC_SINUSOIDAL,58.329212,25.000000,UP,TRANSIENT,52.330000,46.800000,24.986000,24.986000,300,0.003333
948.000000,949,DY-SIN-002,DYNAMIC_SINUSOIDAL,58.443279,25.000000,UP,TRANSIENT,52.440000,46.700000,24.998000,24.998000,300,0.003333
949.000000,950,DY-SIN-002,DYNAMIC_SINUSOIDAL,58.553643,25.000000,UP,TRANSIENT,52.560000,47.700000,25.006000,25.006000,300,0.003333
950.000000,951,DY-SIN-002,DYNAMIC_SINUSOIDAL,58.660254,25.000000,UP,TRANSIENT,52.730000,46.800000,24.986000,24.986000,300,0.003333
951.000000,952,DY-SIN-002,DYNAMIC_SINUSOIDAL,58.763067,25.000000,UP,TRANSIENT,52.880000,47.500000,25.021000,25.021000,300,0.003333
952.000000,953,DY-SIN-002,DYNAMIC_SINUSOIDAL,58.862036,25.000000,UP,TRANSIENT,53.060000,47.300000,25.002000,25.002000,300,0.003333
953.000000,954,DY-SIN-002,DYNAMIC_SINUSOIDAL,58.957118,25.000000,UP,TRANSIENT,53.280000,47.800000,25.036000,25.036000,300,0.003333
954.000000,955,DY-SIN-002,DYNAMIC_SINUSOIDAL,59.048271,25.000000,UP,TRANSIENT,53.310000,48.000000,25.006000,25.006000,300,0.003333
955.000000,956,DY-SIN-002,DYNAMIC_SINUSOIDAL,59.135455,25.000000,UP,TRANSIENT,53.530000,47.800000,25.016000,25.016000,300,0.003333
956.000000,957,DY-SIN-002,DYNAMIC_SINUSOIDAL,59.218632,25.000000,UP,TRANSIENT,53.750000,48.200000,25.044000,25.044000,300,0.003333
957.000000,958,DY-SIN-002,DYNAMIC_SINUSOIDAL,59.297765,25.000000,UP,TRANSIENT,53.870000,48.400000,24.984000,24.984000,300,0.003333
958.000000,959,DY-SIN-002,DYNAMIC_SINUSOIDAL,59.372820,25.000000,UP,TRANSIENT,54.080000,49.100000,25.030000,25.030000,300,0.003333
959.000000,960,DY-SIN-002,DYNAMIC_SINUSOIDAL,59.443764,25.000000,UP,TRANSIENT,54.200000,49.000000,25.010000,25.010000,300,0.003333
960.000000,961,DY-SIN-002,DYNAMIC_SINUSOIDAL,59.510565,25.000000,UP,TRANSIENT,54.310000,48.800000,25.025000,25.025000,300,0.003333
961.000000,962,DY-SIN-002,DYNAMIC_SINUSOIDAL,59.573195,25.000000,UP,TRANSIENT,54.540000,49.000000,25.091000,25.091000,300,0.003333
962.000000,963,DY-SIN-002,DYNAMIC_SINUSOIDAL,59.631626,25.000000,UP,TRANSIENT,54.640000,48.800000,25.051000,25.051000,300,0.003333
963.000000,964,DY-SIN-002,DYNAMIC_SINUSOIDAL,59.685832,25.000000,UP,TRANSIENT,54.700000,49.600000,24.937000,24.937000,300,0.003333
964.000000,965,DY-SIN-002,DYNAMIC_SINUSOIDAL,59.735789,25.000000,UP,TRANSIENT,54.870000,49.200000,24.998000,24.998000,300,0.003333
965.000000,966,DY-SIN-002,DYNAMIC_SINUSOIDAL,59.781476,25.000000,UP,TRANSIENT,55.030000,49.400000,24.984000,24.984000,300,0.003333
966.000000,967,DY-SIN-002,DYNAMIC_SINUSOIDAL,59.822873,25.000000,UP,TRANSIENT,55.190000,49.800000,25.019000,25.019000,300,0.003333
967.000000,968,DY-SIN-002,DYNAMIC_SINUSOIDAL,59.859960,25.000000,UP,TRANSIENT,55.280000,49.600000,25.001000,25.001000,300,0.003333
968.000000,969,DY-SIN-002,DYNAMIC_SINUSOIDAL,59.892723,25.000000,UP,TRANSIENT,55.500000,49.800000,24.973000,24.973000,300,0.003333
969.000000,970,DY-SIN-002,DYNAMIC_SINUSOIDAL,59.921147,25.000000,UP,TRANSIENT,55.600000,50.100000,25.009000,25.009000,300,0.003333
970.000000,971,DY-SIN-002,DYNAMIC_SINUSOIDAL,59.945219,25.000000,UP,TRANSIENT,55.730000,50.100000,25.055000,25.055000,300,0.003333
971.000000,972,DY-SIN-002,DYNAMIC_SINUSOIDAL,59.964929,25.000000,UP,TRANSIENT,55.940000,50.400000,25.037000,25.037000,300,0.003333
972.000000,973,DY-SIN-002,DYNAMIC_SINUSOIDAL,59.980267,25.000000,UP,TRANSIENT,56.000000,50.700000,25.029000,25.029000,300,0.003333
973.000000,974,DY-SIN-002,DYNAMIC_SINUSOIDAL,59.991228,25.000000,UP,TRANSIENT,56.090000,50.700000,25.032000,25.032000,300,0.003333
974.000000,975,DY-SIN-002,DYNAMIC_SINUSOIDAL,59.997807,25.000000,UP,TRANSIENT,56.290000,51.000000,24.961000,24.961000,300,0.003333
975.000000,976,DY-SIN-002,DYNAMIC_SINUSOIDAL,60.000000,25.000000,UP,TRANSIENT,56.420000,51.400000,25.125000,25.125000,300,0.003333
976.000000,977,DY-SIN-002,DYNAMIC_SINUSOIDAL,59.997807,25.000000,DOWN,TRANSIENT,56.430000,52.000000,25.028000,25.028000,300,0.003333
977.000000,978,DY-SIN-002,DYNAMIC_SINUSOIDAL,59.991228,25.000000,DOWN,TRANSIENT,56.570000,51.800000,25.017000,25.017000,300,0.003333
978.000000,979,DY-SIN-002,DYNAMIC_SINUSOIDAL,59.980267,25.000000,DOWN,TRANSIENT,56.780000,52.400000,25.071000,25.071000,300,0.003333
979.000000,980,DY-SIN-002,DYNAMIC_SINUSOIDAL,59.964929,25.000000,DOWN,TRANSIENT,56.810000,52.500000,24.934000,24.934000,300,0.003333
980.000000,981,DY-SIN-002,DYNAMIC_SINUSOIDAL,59.945219,25.000000,DOWN,TRANSIENT,56.980000,52.700000,24.970000,24.970000,300,0.003333
981.000000,982,DY-SIN-002,DYNAMIC_SINUSOIDAL,59.921147,25.000000,DOWN,TRANSIENT,57.060000,52.600000,25.036000,25.036000,300,0.003333
982.000000,983,DY-SIN-002,DYNAMIC_SINUSOIDAL,59.892723,25.000000,DOWN,TRANSIENT,57.100000,53.200000,25.039000,25.039000,300,0.003333
983.000000,984,DY-SIN-002,DYNAMIC_SINUSOIDAL,59.859960,25.000000,DOWN,TRANSIENT,57.230000,53.100000,25.034000,25.034000,300,0.003333
984.000000,985,DY-SIN-002,DYNAMIC_SINUSOIDAL,59.822873,25.000000,DOWN,TRANSIENT,57.330000,53.300000,25.051000,25.051000,300,0.003333
985.000000,986,DY-SIN-002,DYNAMIC_SINUSOIDAL,59.781476,25.000000,DOWN,TRANSIENT,57.440000,53.500000,25.047000,25.047000,300,0.003333
986.000000,987,DY-SIN-002,DYNAMIC_SINUSOIDAL,59.735789,25.000000,DOWN,TRANSIENT,57.470000,54.300000,25.074000,25.074000,300,0.003333
987.000000,988,DY-SIN-002,DYNAMIC_SINUSOIDAL,59.685832,25.000000,DOWN,TRANSIENT,57.610000,53.500000,25.021000,25.021000,300,0.003333
988.000000,989,DY-SIN-002,DYNAMIC_SINUSOIDAL,59.631626,25.000000,DOWN,TRANSIENT,57.580000,53.800000,24.969000,24.969000,300,0.003333
989.000000,990,DY-SIN-002,DYNAMIC_SINUSOIDAL,59.573195,25.000000,DOWN,TRANSIENT,57.640000,54.100000,24.983000,24.983000,300,0.003333
990.000000,991,DY-SIN-002,DYNAMIC_SINUSOIDAL,59.510565,25.000000,DOWN,TRANSIENT,57.860000,54.300000,25.056000,25.056000,300,0.003333
991.000000,992,DY-SIN-002,DYNAMIC_SINUSOIDAL,59.443764,25.000000,DOWN,TRANSIENT,57.880000,54.800000,25.029000,25.029000,300,0.003333
992.000000,993,DY-SIN-002,DYNAMIC_SINUSOIDAL,59.372820,25.000000,DOWN,TRANSIENT,58.000000,54.000000,25.033000,25.033000,300,0.003333
993.000000,994,DY-SIN-002,DYNAMIC_SINUSOIDAL,59.297765,25.000000,DOWN,TRANSIENT,57.970000,54.500000,25.057000,25.057000,300,0.003333
994.000000,995,DY-SIN-002,DYNAMIC_SINUSOIDAL,59.218632,25.000000,DOWN,TRANSIENT,58.000000,54.600000,24.999000,24.999000,300,0.003333
995.000000,996,DY-SIN-002,DYNAMIC_SINUSOIDAL,59.135455,25.000000,DOWN,TRANSIENT,58.000000,55.500000,25.037000,25.037000,300,0.003333
996.000000,997,DY-SIN-002,DYNAMIC_SINUSOIDAL,59.048271,25.000000,DOWN,TRANSIENT,58.190000,54.700000,25.010000,25.010000,300,0.003333
997.000000,998,DY-SIN-002,DYNAMIC_SINUSOIDAL,58.957118,25.000000,DOWN,TRANSIENT,58.190000,55.400000,25.046000,25.046000,300,0.003333
998.000000,999,DY-SIN-002,DYNAMIC_SINUSOIDAL,58.862036,25.000000,DOWN,TRANSIENT,58.190000,55.500000,24.986000,24.986000,300,0.003333
999.000000,1000,DY-SIN-002,DYNAMIC_SINUSOIDAL,58.763067,25.000000,DOWN,TRANSIENT,58.280000,55.600000,25.031000,25.031000,300,0.003333
1000.000000,1001,DY-SIN-002,DYNAMIC_SINUSOIDAL,58.660254,25.000000,DOWN,TRANSIENT,58.300000,55.000000,25.024000,25.024000,300,0.003333
1001.000000,1002,DY-SIN-002,DYNAMIC_SINUSOIDAL,58.553643,25.000000,DOWN,TRANSIENT,58.220000,55.600000,25.027000,25.027000,300,0.003333
1002.000000,1003,DY-SIN-002,DYNAMIC_SINUSOIDAL,58.443279,25.000000,DOWN,TRANSIENT,58.380000,55.700000,25.077000,25.077000,300,0.003333
1003.000000,1004,DY-SIN-002,DYNAMIC_SINUSOIDAL,58.329212,25.000000,DOWN,TRANSIENT,58.420000,55.600000,24.961000,24.961000,300,0.003333
1004.000000,1005,DY-SIN-002,DYNAMIC_SINUSOIDAL,58.211492,25.000000,DOWN,TRANSIENT,58.500000,55.700000,25.011000,25.011000,300,0.003333
1005.000000,1006,DY-SIN-002,DYNAMIC_SINUSOIDAL,58.090170,25.000000,DOWN,TRANSIENT,58.480000,56.200000,25.065000,25.065000,300,0.003333
1006.000000,1007,DY-SIN-002,DYNAMIC_SINUSOIDAL,57.965299,25.000000,DOWN,TRANSIENT,58.530000,56.100000,25.057000,25.057000,300,0.003333
1007.000000,1008,DY-SIN-002,DYNAMIC_SINUSOIDAL,57.836935,25.000000,DOWN,TRANSIENT,58.500000,56.100000,24.990000,24.990000,300,0.003333
1008.000000,1009,DY-SIN-002,DYNAMIC_SINUSOIDAL,57.705132,25.000000,DOWN,TRANSIENT,58.560000,56.200000,25.012000,25.012000,300,0.003333
1009.000000,1010,DY-SIN-002,DYNAMIC_SINUSOIDAL,57.569951,25.000000,DOWN,TRANSIENT,58.580000,56.400000,25.040000,25.040000,300,0.003333
1010.000000,1011,DY-SIN-002,DYNAMIC_SINUSOIDAL,57.431448,25.000000,DOWN,TRANSIENT,58.550000,56.600000,25.015000,25.015000,300,0.003333
1011.000000,1012,DY-SIN-002,DYNAMIC_SINUSOIDAL,57.289686,25.000000,DOWN,TRANSIENT,58.540000,56.200000,24.971000,24.971000,300,0.003333
1012.000000,1013,DY-SIN-002,DYNAMIC_SINUSOIDAL,57.144727,25.000000,DOWN,TRANSIENT,58.440000,56.500000,25.076000,25.076000,300,0.003333
1013.000000,1014,DY-SIN-002,DYNAMIC_SINUSOIDAL,56.996633,25.000000,DOWN,TRANSIENT,58.500000,56.400000,25.079000,25.079000,300,0.003333
1014.000000,1015,DY-SIN-002,DYNAMIC_SINUSOIDAL,56.845471,25.000000,DOWN,TRANSIENT,58.360000,56.300000,24.958000,24.958000,300,0.003333
1015.000000,1016,DY-SIN-002,DYNAMIC_SINUSOIDAL,56.691306,25.000000,DOWN,TRANSIENT,58.500000,56.700000,25.047000,25.047000,300,0.003333
1016.000000,1017,DY-SIN-002,DYNAMIC_SINUSOIDAL,56.534206,25.000000,DOWN,TRANSIENT,58.400000,57.000000,25.011000,25.011000,300,0.003333
1017.000000,1018,DY-SIN-002,DYNAMIC_SINUSOIDAL,56.374240,25.000000,DOWN,TRANSIENT,58.400000,56.700000,25.002000,25.002000,300,0.003333
1018.000000,1019,DY-SIN-002,DYNAMIC_SINUSOIDAL,56.211478,25.000000,DOWN,TRANSIENT,58.380000,56.600000,24.960000,24.960000,300,0.003333
1019.000000,1020,DY-SIN-002,DYNAMIC_SINUSOIDAL,56.045991,25.000000,DOWN,TRANSIENT,58.310000,56.700000,25.032000,25.032000,300,0.003333
1020.000000,1021,DY-SIN-002,DYNAMIC_SINUSOIDAL,55.877853,25.000000,DOWN,TRANSIENT,58.290000,57.300000,25.002000,25.002000,300,0.003333
1021.000000,1022,DY-SIN-002,DYNAMIC_SINUSOIDAL,55.707136,25.000000,DOWN,TRANSIENT,58.250000,57.200000,24.993000,24.993000,300,0.003333
1022.000000,1023,DY-SIN-002,DYNAMIC_SINUSOIDAL,55.533915,25.000000,DOWN,TRANSIENT,58.260000,57.200000,24.967000,24.967000,300,0.003333
1023.000000,1024,DY-SIN-002,DYNAMIC_SINUSOIDAL,55.358268,25.000000,DOWN,TRANSIENT,58.140000,57.200000,25.012000,25.012000,300,0.003333
1024.000000,1025,DY-SIN-002,DYNAMIC_SINUSOIDAL,55.180270,25.000000,DOWN,TRANSIENT,58.140000,56.600000,25.007000,25.007000,300,0.003333
1025.000000,1026,DY-SIN-002,DYNAMIC_SINUSOIDAL,55.000000,25.000000,DOWN,TRANSIENT,58.140000,56.900000,25.061000,25.061000,300,0.003333
1026.000000,1027,DY-SIN-002,DYNAMIC_SINUSOIDAL,54.817537,25.000000,DOWN,TRANSIENT,58.090000,56.400000,24.999000,24.999000,300,0.003333
1027.000000,1028,DY-SIN-002,DYNAMIC_SINUSOIDAL,54.632960,25.000000,DOWN,TRANSIENT,57.990000,56.900000,25.036000,25.036000,300,0.003333
1028.000000,1029,DY-SIN-002,DYNAMIC_SINUSOIDAL,54.446352,25.000000,DOWN,TRANSIENT,57.890000,57.000000,25.034000,25.034000,300,0.003333
1029.000000,1030,DY-SIN-002,DYNAMIC_SINUSOIDAL,54.257793,25.000000,DOWN,TRANSIENT,57.860000,57.200000,24.994000,24.994000,300,0.003333
1030.000000,1031,DY-SIN-002,DYNAMIC_SINUSOIDAL,54.067366,25.000000,DOWN,TRANSIENT,57.830000,56.500000,25.031000,25.031000,300,0.003333
1031.000000,1032,DY-SIN-002,DYNAMIC_SINUSOIDAL,53.875156,25.000000,DOWN,TRANSIENT,57.740000,57.500000,25.042000,25.042000,300,0.003333
1032.000000,1033,DY-SIN-002,DYNAMIC_SINUSOIDAL,53.681246,25.000000,DOWN,TRANSIENT,57.580000,57.000000,25.066000,25.066000,300,0.003333
1033.000000,1034,DY-SIN-002,DYNAMIC_SINUSOIDAL,53.485720,25.000000,DOWN,TRANSIENT,57.570000,56.700000,25.049000,25.049000,300,0.003333
1034.000000,1035,DY-SIN-002,DYNAMIC_SINUSOIDAL,53.288666,25.000000,DOWN,TRANSIENT,57.380000,57.200000,24.985000,24.985000,300,0.003333
1035.000000,1036,DY-SIN-002,DYNAMIC_SINUSOIDAL,53.090170,25.000000,DOWN,TRANSIENT,57.340000,57.600000,25.040000,25.040000,300,0.003333
1036.000000,1037,DY-SIN-002,DYNAMIC_SINUSOIDAL,52.890318,25.000000,DOWN,TRANSIENT,57.250000,56.900000,24.939000,24.939000,300,0.003333
1037.000000,1038,DY-SIN-002,DYNAMIC_SINUSOIDAL,52.689198,25.000000,DOWN,TRANSIENT,57.250000,57.300000,25.011000,25.011000,300,0.003333
1038.000000,1039,DY-SIN-002,DYNAMIC_SINUSOIDAL,52.486899,25.000000,DOWN,TRANSIENT,57.090000,57.100000,25.021000,25.021000,300,0.003333
1039.000000,1040,DY-SIN-002,DYNAMIC_SINUSOIDAL,52.283509,25.000000,DOWN,TRANSIENT,56.980000,57.100000,25.031000,25.031000,300,0.003333
1040.000000,1041,DY-SIN-002,DYNAMIC_SINUSOIDAL,52.079117,25.000000,DOWN,TRANSIENT,56.880000,57.100000,25.026000,25.026000,300,0.003333
1041.000000,1042,DY-SIN-002,DYNAMIC_SINUSOIDAL,51.873813,25.000000,DOWN,TRANSIENT,56.720000,56.700000,25.012000,25.012000,300,0.003333
1042.000000,1043,DY-SIN-002,DYNAMIC_SINUSOIDAL,51.667687,25.000000,DOWN,TRANSIENT,56.590000,56.900000,25.042000,25.042000,300,0.003333
1043.000000,1044,DY-SIN-002,DYNAMIC_SINUSOIDAL,51.460830,25.000000,DOWN,TRANSIENT,56.530000,56.600000,25.028000,25.028000,300,0.003333
1044.000000,1045,DY-SIN-002,DYNAMIC_SINUSOIDAL,51.253332,25.000000,DOWN,TRANSIENT,56.370000,56.800000,25.028000,25.028000,300,0.003333
1045.000000,1046,DY-SIN-002,DYNAMIC_SINUSOIDAL,51.045285,25.000000,DOWN,TRANSIENT,56.300000,57.000000,25.011000,25.011000,300,0.003333
1046.000000,1047,DY-SIN-002,DYNAMIC_SINUSOIDAL,50.836778,25.000000,DOWN,TRANSIENT,56.060000,56.400000,25.021000,25.021000,300,0.003333
1047.000000,1048,DY-SIN-002,DYNAMIC_SINUSOIDAL,50.627905,25.000000,DOWN,TRANSIENT,56.020000,56.400000,24.940000,24.940000,300,0.003333
1048.000000,1049,DY-SIN-002,DYNAMIC_SINUSOIDAL,50.418757,25.000000,DOWN,TRANSIENT,55.950000,56.500000,25.011000,25.011000,300,0.003333
1049.000000,1050,DY-SIN-002,DYNAMIC_SINUSOIDAL,50.209424,25.000000,DOWN,TRANSIENT,55.820000,56.000000,25.044000,25.044000,300,0.003333
1050.000000,1051,DY-SIN-002,DYNAMIC_SINUSOIDAL,50.000000,25.000000,DOWN,TRANSIENT,55.670000,57.000000,25.011000,25.011000,300,0.003333
1051.000000,1052,DY-SIN-002,DYNAMIC_SINUSOIDAL,49.790576,25.000000,DOWN,TRANSIENT,55.560000,56.300000,24.996000,24.996000,300,0.003333
1052.000000,1053,DY-SIN-002,DYNAMIC_SINUSOIDAL,49.581243,25.000000,DOWN,TRANSIENT,55.470000,56.200000,24.984000,24.984000,300,0.003333
1053.000000,1054,DY-SIN-002,DYNAMIC_SINUSOIDAL,49.372095,25.000000,DOWN,TRANSIENT,55.300000,55.800000,25.024000,25.024000,300,0.003333
1054.000000,1055,DY-SIN-002,DYNAMIC_SINUSOIDAL,49.163222,25.000000,DOWN,TRANSIENT,55.230000,56.400000,25.001000,25.001000,300,0.003333
1055.000000,1056,DY-SIN-002,DYNAMIC_SINUSOIDAL,48.954715,25.000000,DOWN,TRANSIENT,55.070000,55.700000,25.040000,25.040000,300,0.003333
1056.000000,1057,DY-SIN-002,DYNAMIC_SINUSOIDAL,48.746668,25.000000,DOWN,TRANSIENT,54.770000,55.800000,25.048000,25.048000,300,0.003333
1057.000000,1058,DY-SIN-002,DYNAMIC_SINUSOIDAL,48.539170,25.000000,DOWN,TRANSIENT,54.760000,56.000000,25.033000,25.033000,300,0.003333
1058.000000,1059,DY-SIN-002,DYNAMIC_SINUSOIDAL,48.332313,25.000000,DOWN,TRANSIENT,54.490000,55.700000,25.026000,25.026000,300,0.003333
1059.000000,1060,DY-SIN-002,DYNAMIC_SINUSOIDAL,48.126187,25.000000,DOWN,TRANSIENT,54.420000,55.800000,24.998000,24.998000,300,0.003333
1060.000000,1061,DY-SIN-002,DYNAMIC_SINUSOIDAL,47.920883,25.000000,DOWN,TRANSIENT,54.270000,55.200000,25.002000,25.002000,300,0.003333
1061.000000,1062,DY-SIN-002,DYNAMIC_SINUSOIDAL,47.716491,25.000000,DOWN,TRANSIENT,54.080000,55.400000,25.025000,25.025000,300,0.003333
1062.000000,1063,DY-SIN-002,DYNAMIC_SINUSOIDAL,47.513101,25.000000,DOWN,TRANSIENT,53.960000,55.700000,25.023000,25.023000,300,0.003333
1063.000000,1064,DY-SIN-002,DYNAMIC_SINUSOIDAL,47.310802,25.000000,DOWN,TRANSIENT,53.800000,55.000000,25.036000,25.036000,300,0.003333
1064.000000,1065,DY-SIN-002,DYNAMIC_SINUSOIDAL,47.109682,25.000000,DOWN,TRANSIENT,53.620000,55.000000,24.992000,24.992000,300,0.003333
1065.000000,1066,DY-SIN-002,DYNAMIC_SINUSOIDAL,46.909830,25.000000,DOWN,TRANSIENT,53.440000,54.800000,24.996000,24.996000,300,0.003333
1066.000000,1067,DY-SIN-002,DYNAMIC_SINUSOIDAL,46.711334,25.000000,DOWN,TRANSIENT,53.190000,54.800000,25.041000,25.041000,300,0.003333
1067.000000,1068,DY-SIN-002,DYNAMIC_SINUSOIDAL,46.514280,25.000000,DOWN,TRANSIENT,53.100000,54.900000,25.014000,25.014000,300,0.003333
1068.000000,1069,DY-SIN-002,DYNAMIC_SINUSOIDAL,46.318754,25.000000,DOWN,TRANSIENT,52.920000,54.400000,24.987000,24.987000,300,0.003333
1069.000000,1070,DY-SIN-002,DYNAMIC_SINUSOIDAL,46.124844,25.000000,DOWN,TRANSIENT,52.770000,54.500000,25.094000,25.094000,300,0.003333
1070.000000,1071,DY-SIN-002,DYNAMIC_SINUSOIDAL,45.932634,25.000000,DOWN,TRANSIENT,52.590000,54.500000,24.979000,24.979000,300,0.003333
1071.000000,1072,DY-SIN-002,DYNAMIC_SINUSOIDAL,45.742207,25.000000,DOWN,TRANSIENT,52.350000,54.200000,25.019000,25.019000,300,0.003333
1072.000000,1073,DY-SIN-002,DYNAMIC_SINUSOIDAL,45.553648,25.000000,DOWN,TRANSIENT,52.280000,54.000000,24.987000,24.987000,300,0.003333
1073.000000,1074,DY-SIN-002,DYNAMIC_SINUSOIDAL,45.367040,25.000000,DOWN,TRANSIENT,52.160000,53.800000,25.057000,25.057000,300,0.003333
1074.000000,1075,DY-SIN-002,DYNAMIC_SINUSOIDAL,45.182463,25.000000,DOWN,TRANSIENT,51.980000,54.400000,25.019000,25.019000,300,0.003333
1075.000000,1076,DY-SIN-002,DYNAMIC_SINUSOIDAL,45.000000,25.000000,DOWN,TRANSIENT,51.800000,53.700000,25.043000,25.043000,300,0.003333
1076.000000,1077,DY-SIN-002,DYNAMIC_SINUSOIDAL,44.819730,25.000000,DOWN,TRANSIENT,51.560000,53.500000,24.976000,24.976000,300,0.003333
1077.000000,1078,DY-SIN-002,DYNAMIC_SINUSOIDAL,44.641732,25.000000,DOWN,TRANSIENT,51.440000,53.900000,25.030000,25.030000,300,0.003333
1078.000000,1079,DY-SIN-002,DYNAMIC_SINUSOIDAL,44.466085,25.000000,DOWN,TRANSIENT,51.280000,53.300000,25.009000,25.009000,300,0.003333
1079.000000,1080,DY-SIN-002,DYNAMIC_SINUSOIDAL,44.292864,25.000000,DOWN,TRANSIENT,51.090000,53.100000,25.041000,25.041000,300,0.003333
1080.000000,1081,DY-SIN-002,DYNAMIC_SINUSOIDAL,44.122147,25.000000,DOWN,TRANSIENT,50.820000,53.000000,25.029000,25.029000,300,0.003333
1081.000000,1082,DY-SIN-002,DYNAMIC_SINUSOIDAL,43.954009,25.000000,DOWN,TRANSIENT,50.680000,53.100000,24.997000,24.997000,300,0.003333
1082.000000,1083,DY-SIN-002,DYNAMIC_SINUSOIDAL,43.788522,25.000000,DOWN,TRANSIENT,50.480000,52.600000,25.022000,25.022000,300,0.003333
1083.000000,1084,DY-SIN-002,DYNAMIC_SINUSOIDAL,43.625760,25.000000,DOWN,TRANSIENT,50.270000,52.200000,25.003000,25.003000,300,0.003333
1084.000000,1085,DY-SIN-002,DYNAMIC_SINUSOIDAL,43.465794,25.000000,DOWN,TRANSIENT,50.070000,52.400000,25.009000,25.009000,300,0.003333
1085.000000,1086,DY-SIN-002,DYNAMIC_SINUSOIDAL,43.308694,25.000000,DOWN,TRANSIENT,49.980000,52.300000,25.005000,25.005000,300,0.003333
1086.000000,1087,DY-SIN-002,DYNAMIC_SINUSOIDAL,43.154529,25.000000,DOWN,TRANSIENT,49.770000,51.800000,24.955000,24.955000,300,0.003333
1087.000000,1088,DY-SIN-002,DYNAMIC_SINUSOIDAL,43.003367,25.000000,DOWN,TRANSIENT,49.580000,52.100000,24.983000,24.983000,300,0.003333
1088.000000,1089,DY-SIN-002,DYNAMIC_SINUSOIDAL,42.855273,25.000000,DOWN,TRANSIENT,49.410000,52.100000,24.993000,24.993000,300,0.003333
1089.000000,1090,DY-SIN-002,DYNAMIC_SINUSOIDAL,42.710314,25.000000,DOWN,TRANSIENT,49.240000,51.100000,24.986000,24.986000,300,0.003333
1090.000000,1091,DY-SIN-002,DYNAMIC_SINUSOIDAL,42.568552,25.000000,DOWN,TRANSIENT,49.040000,51.400000,25.040000,25.040000,300,0.003333
1091.000000,1092,DY-SIN-002,DYNAMIC_SINUSOIDAL,42.430049,25.000000,DOWN,TRANSIENT,48.920000,51.200000,25.001000,25.001000,300,0.003333
1092.000000,1093,DY-SIN-002,DYNAMIC_SINUSOIDAL,42.294868,25.000000,DOWN,TRANSIENT,48.750000,51.200000,24.994000,24.994000,300,0.003333
1093.000000,1094,DY-SIN-002,DYNAMIC_SINUSOIDAL,42.163065,25.000000,DOWN,TRANSIENT,48.510000,51.000000,25.050000,25.050000,300,0.003333
1094.000000,1095,DY-SIN-002,DYNAMIC_SINUSOIDAL,42.034701,25.000000,DOWN,TRANSIENT,48.450000,51.500000,24.999000,24.999000,300,0.003333
1095.000000,1096,DY-SIN-002,DYNAMIC_SINUSOIDAL,41.909830,25.000000,DOWN,TRANSIENT,48.350000,51.100000,25.030000,25.030000,300,0.003333
1096.000000,1097,DY-SIN-002,DYNAMIC_SINUSOIDAL,41.788508,25.000000,DOWN,TRANSIENT,48.070000,50.500000,25.034000,25.034000,300,0.003333
1097.000000,1098,DY-SIN-002,DYNAMIC_SINUSOIDAL,41.670788,25.000000,DOWN,TRANSIENT,47.880000,50.300000,25.012000,25.012000,300,0.003333
1098.000000,1099,DY-SIN-002,DYNAMIC_SINUSOIDAL,41.556721,25.000000,DOWN,TRANSIENT,47.720000,50.600000,25.000000,25.000000,300,0.003333
1099.000000,1100,DY-SIN-002,DYNAMIC_SINUSOIDAL,41.446357,25.000000,DOWN,TRANSIENT,47.480000,49.900000,25.007000,25.007000,300,0.003333
1100.000000,1101,DY-SIN-002,DYNAMIC_SINUSOIDAL,41.339746,25.000000,DOWN,TRANSIENT,47.300000,50.200000,24.996000,24.996000,300,0.003333
1101.000000,1102,DY-SIN-002,DYNAMIC_SINUSOIDAL,41.236933,25.000000,DOWN,TRANSIENT,47.210000,49.600000,25.002000,25.002000,300,0.003333
1102.000000,1103,DY-SIN-002,DYNAMIC_SINUSOIDAL,41.137964,25.000000,DOWN,TRANSIENT,46.980000,49.400000,25.030000,25.030000,300,0.003333
1103.000000,1104,DY-SIN-002,DYNAMIC_SINUSOIDAL,41.042882,25.000000,DOWN,TRANSIENT,46.900000,49.600000,25.019000,25.019000,300,0.003333
1104.000000,1105,DY-SIN-002,DYNAMIC_SINUSOIDAL,40.951729,25.000000,DOWN,TRANSIENT,46.730000,49.400000,25.028000,25.028000,300,0.003333
1105.000000,1106,DY-SIN-002,DYNAMIC_SINUSOIDAL,40.864545,25.000000,DOWN,TRANSIENT,46.570000,48.900000,25.030000,25.030000,300,0.003333
1106.000000,1107,DY-SIN-002,DYNAMIC_SINUSOIDAL,40.781368,25.000000,DOWN,TRANSIENT,46.370000,49.000000,25.095000,25.095000,300,0.003333
1107.000000,1108,DY-SIN-002,DYNAMIC_SINUSOIDAL,40.702235,25.000000,DOWN,TRANSIENT,46.290000,49.100000,25.018000,25.018000,300,0.003333
1108.000000,1109,DY-SIN-002,DYNAMIC_SINUSOIDAL,40.627180,25.000000,DOWN,TRANSIENT,46.010000,48.600000,25.041000,25.041000,300,0.003333
1109.000000,1110,DY-SIN-002,DYNAMIC_SINUSOIDAL,40.556236,25.000000,DOWN,TRANSIENT,45.870000,48.100000,24.967000,24.967000,300,0.003333
1110.000000,1111,DY-SIN-002,DYNAMIC_SINUSOIDAL,40.489435,25.000000,DOWN,TRANSIENT,45.720000,48.200000,24.993000,24.993000,300,0.003333
1111.000000,1112,DY-SIN-002,DYNAMIC_SINUSOIDAL,40.426805,25.000000,DOWN,TRANSIENT,45.470000,48.000000,24.954000,24.954000,300,0.003333
1112.000000,1113,DY-SIN-002,DYNAMIC_SINUSOIDAL,40.368374,25.000000,DOWN,TRANSIENT,45.360000,48.500000,25.042000,25.042000,300,0.003333
1113.000000,1114,DY-SIN-002,DYNAMIC_SINUSOIDAL,40.314168,25.000000,DOWN,TRANSIENT,45.190000,47.600000,25.061000,25.061000,300,0.003333
1114.000000,1115,DY-SIN-002,DYNAMIC_SINUSOIDAL,40.264211,25.000000,DOWN,TRANSIENT,45.170000,48.100000,25.043000,25.043000,300,0.003333
1115.000000,1116,DY-SIN-002,DYNAMIC_SINUSOIDAL,40.218524,25.000000,DOWN,TRANSIENT,44.960000,47.900000,24.985000,24.985000,300,0.003333
1116.000000,1117,DY-SIN-002,DYNAMIC_SINUSOIDAL,40.177127,25.000000,DOWN,TRANSIENT,44.930000,47.600000,25.015000,25.015000,300,0.003333
1117.000000,1118,DY-SIN-002,DYNAMIC_SINUSOIDAL,40.140040,25.000000,DOWN,TRANSIENT,44.790000,47.000000,25.029000,25.029000,300,0.003333
1118.000000,1119,DY-SIN-002,DYNAMIC_SINUSOIDAL,40.107277,25.000000,DOWN,TRANSIENT,44.630000,46.900000,25.064000,25.064000,300,0.003333
1119.000000,1120,DY-SIN-002,DYNAMIC_SINUSOIDAL,40.078853,25.000000,DOWN,TRANSIENT,44.520000,47.200000,25.036000,25.036000,300,0.003333
1120.000000,1121,DY-SIN-002,DYNAMIC_SINUSOIDAL,40.054781,25.000000,DOWN,TRANSIENT,44.390000,47.200000,24.971000,24.971000,300,0.003333
1121.000000,1122,DY-SIN-002,DYNAMIC_SINUSOIDAL,40.035071,25.000000,DOWN,TRANSIENT,44.250000,46.400000,25.033000,25.033000,300,0.003333
1122.000000,1123,DY-SIN-002,DYNAMIC_SINUSOIDAL,40.019733,25.000000,DOWN,TRANSIENT,44.020000,46.500000,25.027000,25.027000,300,0.003333
1123.000000,1124,DY-SIN-002,DYNAMIC_SINUSOIDAL,40.008772,25.000000,DOWN,TRANSIENT,44.030000,46.100000,25.067000,25.067000,300,0.003333
1124.000000,1125,DY-SIN-002,DYNAMIC_SINUSOIDAL,40.002193,25.000000,DOWN,TRANSIENT,43.900000,46.600000,24.986000,24.986000,300,0.003333
1125.000000,1126,DY-SIN-002,DYNAMIC_SINUSOIDAL,40.000000,25.000000,DOWN,TRANSIENT,43.730000,46.100000,25.015000,25.015000,300,0.003333
1126.000000,1127,DY-SIN-002,DYNAMIC_SINUSOIDAL,40.002193,25.000000,UP,TRANSIENT,43.570000,45.300000,24.999000,24.999000,300,0.003333
1127.000000,1128,DY-SIN-002,DYNAMIC_SINUSOIDAL,40.008772,25.000000,UP,TRANSIENT,43.500000,45.100000,24.988000,24.988000,300,0.003333
1128.000000,1129,DY-SIN-002,DYNAMIC_SINUSOIDAL,40.019733,25.000000,UP,TRANSIENT,43.410000,45.100000,24.970000,24.970000,300,0.003333
1129.000000,1130,DY-SIN-002,DYNAMIC_SINUSOIDAL,40.035071,25.000000,UP,TRANSIENT,43.380000,44.600000,25.011000,25.011000,300,0.003333
1130.000000,1131,DY-SIN-002,DYNAMIC_SINUSOIDAL,40.054781,25.000000,UP,TRANSIENT,43.220000,44.300000,25.029000,25.029000,300,0.003333
1131.000000,1132,DY-SIN-002,DYNAMIC_SINUSOIDAL,40.078853,25.000000,UP,TRANSIENT,43.200000,44.300000,24.960000,24.960000,300,0.003333
1132.000000,1133,DY-SIN-002,DYNAMIC_SINUSOIDAL,40.107277,25.000000,UP,TRANSIENT,43.110000,44.400000,25.004000,25.004000,300,0.003333
1133.000000,1134,DY-SIN-002,DYNAMIC_SINUSOIDAL,40.140040,25.000000,UP,TRANSIENT,43.090000,44.900000,25.014000,25.014000,300,0.003333
1134.000000,1135,DY-SIN-002,DYNAMIC_SINUSOIDAL,40.177127,25.000000,UP,TRANSIENT,42.920000,43.800000,24.998000,24.998000,300,0.003333
1135.000000,1136,DY-SIN-002,DYNAMIC_SINUSOIDAL,40.218524,25.000000,UP,TRANSIENT,42.890000,43.800000,24.973000,24.973000,300,0.003333
1136.000000,1137,DY-SIN-002,DYNAMIC_SINUSOIDAL,40.264211,25.000000,UP,TRANSIENT,42.780000,43.900000,25.029000,25.029000,300,0.003333
1137.000000,1138,DY-SIN-002,DYNAMIC_SINUSOIDAL,40.314168,25.000000,UP,TRANSIENT,42.670000,43.900000,25.008000,25.008000,300,0.003333
1138.000000,1139,DY-SIN-002,DYNAMIC_SINUSOIDAL,40.368374,25.000000,UP,TRANSIENT,42.620000,43.600000,25.062000,25.062000,300,0.003333
1139.000000,1140,DY-SIN-002,DYNAMIC_SINUSOIDAL,40.426805,25.000000,UP,TRANSIENT,42.590000,43.600000,24.959000,24.959000,300,0.003333
1140.000000,1141,DY-SIN-002,DYNAMIC_SINUSOIDAL,40.489435,25.000000,UP,TRANSIENT,42.510000,43.200000,25.042000,25.042000,300,0.003333
1141.000000,1142,DY-SIN-002,DYNAMIC_SINUSOIDAL,40.556236,25.000000,UP,TRANSIENT,42.430000,43.100000,25.016000,25.016000,300,0.003333
1142.000000,1143,DY-SIN-002,DYNAMIC_SINUSOIDAL,40.627180,25.000000,UP,TRANSIENT,42.410000,43.400000,25.001000,25.001000,300,0.003333
1143.000000,1144,DY-SIN-002,DYNAMIC_SINUSOIDAL,40.702235,25.000000,UP,TRANSIENT,42.280000,43.400000,24.987000,24.987000,300,0.003333
1144.000000,1145,DY-SIN-002,DYNAMIC_SINUSOIDAL,40.781368,25.000000,UP,TRANSIENT,42.330000,43.700000,25.048000,25.048000,300,0.003333
1145.000000,1146,DY-SIN-002,DYNAMIC_SINUSOIDAL,40.864545,25.000000,UP,TRANSIENT,42.300000,43.300000,25.041000,25.041000,300,0.003333
1146.000000,1147,DY-SIN-002,DYNAMIC_SINUSOIDAL,40.951729,25.000000,UP,TRANSIENT,42.200000,42.900000,24.996000,24.996000,300,0.003333
1147.000000,1148,DY-SIN-002,DYNAMIC_SINUSOIDAL,41.042882,25.000000,UP,TRANSIENT,42.150000,42.700000,25.058000,25.058000,300,0.003333
1148.000000,1149,DY-SIN-002,DYNAMIC_SINUSOIDAL,41.137964,25.000000,UP,TRANSIENT,42.090000,43.000000,25.057000,25.057000,300,0.003333
1149.000000,1150,DY-SIN-002,DYNAMIC_SINUSOIDAL,41.236933,25.000000,UP,TRANSIENT,42.000000,43.100000,25.008000,25.008000,300,0.003333
1150.000000,1151,DY-SIN-002,DYNAMIC_SINUSOIDAL,41.339746,25.000000,UP,TRANSIENT,41.990000,42.700000,25.022000,25.022000,300,0.003333
1151.000000,1152,DY-SIN-002,DYNAMIC_SINUSOIDAL,41.446357,25.000000,UP,TRANSIENT,42.030000,42.600000,25.056000,25.056000,300,0.003333
1152.000000,1153,DY-SIN-002,DYNAMIC_SINUSOIDAL,41.556721,25.000000,UP,TRANSIENT,41.930000,42.600000,24.990000,24.990000,300,0.003333
1153.000000,1154,DY-SIN-002,DYNAMIC_SINUSOIDAL,41.670788,25.000000,UP,TRANSIENT,41.950000,42.700000,25.048000,25.048000,300,0.003333
1154.000000,1155,DY-SIN-002,DYNAMIC_SINUSOIDAL,41.788508,25.000000,UP,TRANSIENT,41.930000,42.600000,25.047000,25.047000,300,0.003333
1155.000000,1156,DY-SIN-002,DYNAMIC_SINUSOIDAL,41.909830,25.000000,UP,TRANSIENT,41.940000,42.800000,24.978000,24.978000,300,0.003333
1156.000000,1157,DY-SIN-002,DYNAMIC_SINUSOIDAL,42.034701,25.000000,UP,TRANSIENT,41.930000,42.500000,25.024000,25.024000,300,0.003333
1157.000000,1158,DY-SIN-002,DYNAMIC_SINUSOIDAL,42.163065,25.000000,UP,TRANSIENT,41.930000,42.400000,25.045000,25.045000,300,0.003333
1158.000000,1159,DY-SIN-002,DYNAMIC_SINUSOIDAL,42.294868,25.000000,UP,TRANSIENT,41.890000,41.800000,25.021000,25.021000,300,0.003333
1159.000000,1160,DY-SIN-002,DYNAMIC_SINUSOIDAL,42.430049,25.000000,UP,TRANSIENT,41.900000,42.100000,25.010000,25.010000,300,0.003333
1160.000000,1161,DY-SIN-002,DYNAMIC_SINUSOIDAL,42.568552,25.000000,UP,TRANSIENT,42.030000,41.700000,25.049000,25.049000,300,0.003333
1161.000000,1162,DY-SIN-002,DYNAMIC_SINUSOIDAL,42.710314,25.000000,UP,TRANSIENT,41.940000,42.000000,25.042000,25.042000,300,0.003333
1162.000000,1163,DY-SIN-002,DYNAMIC_SINUSOIDAL,42.855273,25.000000,UP,TRANSIENT,42.010000,41.800000,25.077000,25.077000,300,0.003333
1163.000000,1164,DY-SIN-002,DYNAMIC_SINUSOIDAL,43.003367,25.000000,UP,TRANSIENT,41.940000,41.700000,25.006000,25.006000,300,0.003333
1164.000000,1165,DY-SIN-002,DYNAMIC_SINUSOIDAL,43.154529,25.000000,UP,TRANSIENT,41.950000,41.800000,24.999000,24.999000,300,0.003333
1165.000000,1166,DY-SIN-002,DYNAMIC_SINUSOIDAL,43.308694,25.000000,UP,TRANSIENT,41.980000,41.800000,25.033000,25.033000,300,0.003333
1166.000000,1167,DY-SIN-002,DYNAMIC_SINUSOIDAL,43.465794,25.000000,UP,TRANSIENT,42.010000,41.200000,25.038000,25.038000,300,0.003333
1167.000000,1168,DY-SIN-002,DYNAMIC_SINUSOIDAL,43.625760,25.000000,UP,TRANSIENT,41.990000,41.200000,25.092000,25.092000,300,0.003333
1168.000000,1169,DY-SIN-002,DYNAMIC_SINUSOIDAL,43.788522,25.000000,UP,TRANSIENT,42.080000,41.600000,25.062000,25.062000,300,0.003333
1169.000000,1170,DY-SIN-002,DYNAMIC_SINUSOIDAL,43.954009,25.000000,UP,TRANSIENT,42.180000,41.800000,25.014000,25.014000,300,0.003333
1170.000000,1171,DY-SIN-002,DYNAMIC_SINUSOIDAL,44.122147,25.000000,UP,TRANSIENT,42.140000,41.600000,25.011000,25.011000,300,0.003333
1171.000000,1172,DY-SIN-002,DYNAMIC_SINUSOIDAL,44.292864,25.000000,UP,TRANSIENT,42.220000,41.800000,25.039000,25.039000,300,0.003333
1172.000000,1173,DY-SIN-002,DYNAMIC_SINUSOIDAL,44.466085,25.000000,UP,TRANSIENT,42.210000,41.100000,25.054000,25.054000,300,0.003333
1173.000000,1174,DY-SIN-002,DYNAMIC_SINUSOIDAL,44.641732,25.000000,UP,TRANSIENT,42.280000,41.500000,25.058000,25.058000,300,0.003333
1174.000000,1175,DY-SIN-002,DYNAMIC_SINUSOIDAL,44.819730,25.000000,UP,TRANSIENT,42.370000,41.100000,25.028000,25.028000,300,0.003333
1175.000000,1176,DY-SIN-002,DYNAMIC_SINUSOIDAL,45.000000,25.000000,UP,TRANSIENT,42.310000,41.600000,25.063000,25.063000,300,0.003333
1176.000000,1177,DY-SIN-002,DYNAMIC_SINUSOIDAL,45.182463,25.000000,UP,TRANSIENT,42.390000,41.300000,25.035000,25.035000,300,0.003333
1177.000000,1178,DY-SIN-002,DYNAMIC_SINUSOIDAL,45.367040,25.000000,UP,TRANSIENT,42.440000,41.100000,25.004000,25.004000,300,0.003333
1178.000000,1179,DY-SIN-002,DYNAMIC_SINUSOIDAL,45.553648,25.000000,UP,TRANSIENT,42.550000,41.300000,25.062000,25.062000,300,0.003333
1179.000000,1180,DY-SIN-002,DYNAMIC_SINUSOIDAL,45.742207,25.000000,UP,TRANSIENT,42.640000,41.000000,25.076000,25.076000,300,0.003333
1180.000000,1181,DY-SIN-002,DYNAMIC_SINUSOIDAL,45.932634,25.000000,UP,TRANSIENT,42.750000,40.900000,25.046000,25.046000,300,0.003333
1181.000000,1182,DY-SIN-002,DYNAMIC_SINUSOIDAL,46.124844,25.000000,UP,TRANSIENT,42.710000,41.300000,25.003000,25.003000,300,0.003333
1182.000000,1183,DY-SIN-002,DYNAMIC_SINUSOIDAL,46.318754,25.000000,UP,TRANSIENT,42.890000,41.300000,25.004000,25.004000,300,0.003333
1183.000000,1184,DY-SIN-002,DYNAMIC_SINUSOIDAL,46.514280,25.000000,UP,TRANSIENT,42.880000,40.800000,24.963000,24.963000,300,0.003333
1184.000000,1185,DY-SIN-002,DYNAMIC_SINUSOIDAL,46.711334,25.000000,UP,TRANSIENT,42.950000,41.200000,24.995000,24.995000,300,0.003333
1185.000000,1186,DY-SIN-002,DYNAMIC_SINUSOIDAL,46.909830,25.000000,UP,TRANSIENT,43.070000,41.400000,25.059000,25.059000,300,0.003333
1186.000000,1187,DY-SIN-002,DYNAMIC_SINUSOIDAL,47.109682,25.000000,UP,TRANSIENT,43.120000,41.200000,25.021000,25.021000,300,0.003333
1187.000000,1188,DY-SIN-002,DYNAMIC_SINUSOIDAL,47.310802,25.000000,UP,TRANSIENT,43.130000,41.300000,24.997000,24.997000,300,0.003333
1188.000000,1189,DY-SIN-002,DYNAMIC_SINUSOIDAL,47.513101,25.000000,UP,TRANSIENT,43.270000,41.300000,25.087000,25.087000,300,0.003333
1189.000000,1190,DY-SIN-002,DYNAMIC_SINUSOIDAL,47.716491,25.000000,UP,TRANSIENT,43.380000,41.500000,24.999000,24.999000,300,0.003333
1190.000000,1191,DY-SIN-002,DYNAMIC_SINUSOIDAL,47.920883,25.000000,UP,TRANSIENT,43.580000,41.600000,25.023000,25.023000,300,0.003333
1191.000000,1192,DY-SIN-002,DYNAMIC_SINUSOIDAL,48.126187,25.000000,UP,TRANSIENT,43.690000,41.800000,25.018000,25.018000,300,0.003333
1192.000000,1193,DY-SIN-002,DYNAMIC_SINUSOIDAL,48.332313,25.000000,UP,TRANSIENT,43.840000,41.500000,25.003000,25.003000,300,0.003333
1193.000000,1194,DY-SIN-002,DYNAMIC_SINUSOIDAL,48.539170,25.000000,UP,TRANSIENT,43.880000,42.000000,25.067000,25.067000,300,0.003333
1194.000000,1195,DY-SIN-002,DYNAMIC_SINUSOIDAL,48.746668,25.000000,UP,TRANSIENT,43.940000,41.600000,25.065000,25.065000,300,0.003333
1195.000000,1196,DY-SIN-002,DYNAMIC_SINUSOIDAL,48.954715,25.000000,UP,TRANSIENT,44.020000,41.600000,25.031000,25.031000,300,0.003333
1196.000000,1197,DY-SIN-002,DYNAMIC_SINUSOIDAL,49.163222,25.000000,UP,TRANSIENT,44.140000,41.400000,25.012000,25.012000,300,0.003333
1197.000000,1198,DY-SIN-002,DYNAMIC_SINUSOIDAL,49.372095,25.000000,UP,TRANSIENT,44.300000,41.900000,24.984000,24.984000,300,0.003333
1198.000000,1199,DY-SIN-002,DYNAMIC_SINUSOIDAL,49.581243,25.000000,UP,TRANSIENT,44.370000,41.500000,24.954000,24.954000,300,0.003333
1199.000000,1200,DY-SIN-002,DYNAMIC_SINUSOIDAL,49.790576,25.000000,UP,TRANSIENT,44.530000,41.700000,25.014000,25.014000,300,0.003333
1200.000000,1201,DY-SIN-002,DYNAMIC_SINUSOIDAL,50.000000,25.000000,UP,TRANSIENT,44.580000,42.200000,25.022000,25.022000,300,0.003333
1201.000000,1202,DY-SIN-002,DYNAMIC_SINUSOIDAL,50.209424,25.000000,UP,TRANSIENT,44.810000,41.200000,24.991000,24.991000,300,0.003333
1202.000000,1203,DY-SIN-002,DYNAMIC_SINUSOIDAL,50.418757,25.000000,UP,TRANSIENT,44.920000,41.900000,25.056000,25.056000,300,0.003333
1203.000000,1204,DY-SIN-002,DYNAMIC_SINUSOIDAL,50.627905,25.000000,UP,TRANSIENT,45.140000,41.900000,25.013000,25.013000,300,0.003333
1204.000000,1205,DY-SIN-002,DYNAMIC_SINUSOIDAL,50.836778,25.000000,UP,TRANSIENT,45.210000,42.100000,25.064000,25.064000,300,0.003333
1205.000000,1206,DY-SIN-002,DYNAMIC_SINUSOIDAL,51.045285,25.000000,UP,TRANSIENT,45.370000,42.000000,24.971000,24.971000,300,0.003333
1206.000000,1207,DY-SIN-002,DYNAMIC_SINUSOIDAL,51.253332,25.000000,UP,TRANSIENT,45.490000,42.200000,25.062000,25.062000,300,0.003333
1207.000000,1208,DY-SIN-002,DYNAMIC_SINUSOIDAL,51.460830,25.000000,UP,TRANSIENT,45.680000,42.000000,25.074000,25.074000,300,0.003333
1208.000000,1209,DY-SIN-002,DYNAMIC_SINUSOIDAL,51.667687,25.000000,UP,TRANSIENT,45.760000,42.200000,25.010000,25.010000,300,0.003333
1209.000000,1210,DY-SIN-002,DYNAMIC_SINUSOIDAL,51.873813,25.000000,UP,TRANSIENT,45.930000,42.600000,25.023000,25.023000,300,0.003333
1210.000000,1211,DY-SIN-002,DYNAMIC_SINUSOIDAL,52.079117,25.000000,UP,TRANSIENT,46.050000,42.700000,25.035000,25.035000,300,0.003333
1211.000000,1212,DY-SIN-002,DYNAMIC_SINUSOIDAL,52.283509,25.000000,UP,TRANSIENT,46.260000,42.400000,25.052000,25.052000,300,0.003333
1212.000000,1213,DY-SIN-002,DYNAMIC_SINUSOIDAL,52.486899,25.000000,UP,TRANSIENT,46.390000,42.700000,24.967000,24.967000,300,0.003333
1213.000000,1214,DY-SIN-002,DYNAMIC_SINUSOIDAL,52.689198,25.000000,UP,TRANSIENT,46.510000,42.300000,24.986000,24.986000,300,0.003333
1214.000000,1215,DY-SIN-002,DYNAMIC_SINUSOIDAL,52.890318,25.000000,UP,TRANSIENT,46.660000,42.600000,24.994000,24.994000,300,0.003333
1215.000000,1216,DY-SIN-002,DYNAMIC_SINUSOIDAL,53.090170,25.000000,UP,TRANSIENT,46.820000,43.000000,25.101000,25.101000,300,0.003333
1216.000000,1217,DY-SIN-002,DYNAMIC_SINUSOIDAL,53.288666,25.000000,UP,TRANSIENT,46.960000,43.000000,25.003000,25.003000,300,0.003333
1217.000000,1218,DY-SIN-002,DYNAMIC_SINUSOIDAL,53.485720,25.000000,UP,TRANSIENT,47.080000,42.800000,25.004000,25.004000,300,0.003333
1218.000000,1219,DY-SIN-002,DYNAMIC_SINUSOIDAL,53.681246,25.000000,UP,TRANSIENT,47.270000,43.200000,24.997000,24.997000,300,0.003333
1219.000000,1220,DY-SIN-002,DYNAMIC_SINUSOIDAL,53.875156,25.000000,UP,TRANSIENT,47.450000,43.300000,24.970000,24.970000,300,0.003333
1220.000000,1221,DY-SIN-002,DYNAMIC_SINUSOIDAL,54.067366,25.000000,UP,TRANSIENT,47.550000,43.300000,25.020000,25.020000,300,0.003333
1221.000000,1222,DY-SIN-002,DYNAMIC_SINUSOIDAL,54.257793,25.000000,UP,TRANSIENT,47.700000,43.400000,24.999000,24.999000,300,0.003333
1222.000000,1223,DY-SIN-002,DYNAMIC_SINUSOIDAL,54.446352,25.000000,UP,TRANSIENT,47.970000,43.500000,25.025000,25.025000,300,0.003333
1223.000000,1224,DY-SIN-002,DYNAMIC_SINUSOIDAL,54.632960,25.000000,UP,TRANSIENT,48.130000,43.300000,25.057000,25.057000,300,0.003333
1224.000000,1225,DY-SIN-002,DYNAMIC_SINUSOIDAL,54.817537,25.000000,UP,TRANSIENT,48.230000,44.000000,25.034000,25.034000,300,0.003333
1225.000000,1226,DY-SIN-002,DYNAMIC_SINUSOIDAL,55.000000,25.000000,UP,TRANSIENT,48.440000,43.800000,25.026000,25.026000,300,0.003333
1226.000000,1227,DY-SIN-002,DYNAMIC_SINUSOIDAL,55.180270,25.000000,UP,TRANSIENT,48.600000,44.200000,24.966000,24.966000,300,0.003333
1227.000000,1228,DY-SIN-002,DYNAMIC_SINUSOIDAL,55.358268,25.000000,UP,TRANSIENT,48.750000,44.300000,24.951000,24.951000,300,0.003333
1228.000000,1229,DY-SIN-002,DYNAMIC_SINUSOIDAL,55.533915,25.000000,UP,TRANSIENT,48.930000,44.100000,24.989000,24.989000,300,0.003333
1229.000000,1230,DY-SIN-002,DYNAMIC_SINUSOIDAL,55.707136,25.000000,UP,TRANSIENT,49.060000,44.300000,25.065000,25.065000,300,0.003333
1230.000000,1231,DY-SIN-002,DYNAMIC_SINUSOIDAL,55.877853,25.000000,UP,TRANSIENT,49.290000,44.500000,24.967000,24.967000,300,0.003333
1231.000000,1232,DY-SIN-002,DYNAMIC_SINUSOIDAL,56.045991,25.000000,UP,TRANSIENT,49.470000,44.300000,25.038000,25.038000,300,0.003333
1232.000000,1233,DY-SIN-002,DYNAMIC_SINUSOIDAL,56.211478,25.000000,UP,TRANSIENT,49.640000,45.200000,25.057000,25.057000,300,0.003333
1233.000000,1234,DY-SIN-002,DYNAMIC_SINUSOIDAL,56.374240,25.000000,UP,TRANSIENT,49.860000,44.700000,24.989000,24.989000,300,0.003333
1234.000000,1235,DY-SIN-002,DYNAMIC_SINUSOIDAL,56.534206,25.000000,UP,TRANSIENT,49.940000,44.900000,24.958000,24.958000,300,0.003333
1235.000000,1236,DY-SIN-002,DYNAMIC_SINUSOIDAL,56.691306,25.000000,UP,TRANSIENT,50.180000,45.100000,24.985000,24.985000,300,0.003333
1236.000000,1237,DY-SIN-002,DYNAMIC_SINUSOIDAL,56.845471,25.000000,UP,TRANSIENT,50.310000,45.000000,25.077000,25.077000,300,0.003333
1237.000000,1238,DY-SIN-002,DYNAMIC_SINUSOIDAL,56.996633,25.000000,UP,TRANSIENT,50.480000,45.200000,24.981000,24.981000,300,0.003333
1238.000000,1239,DY-SIN-002,DYNAMIC_SINUSOIDAL,57.144727,25.000000,UP,TRANSIENT,50.740000,45.500000,25.045000,25.045000,300,0.003333
1239.000000,1240,DY-SIN-002,DYNAMIC_SINUSOIDAL,57.289686,25.000000,UP,TRANSIENT,50.870000,45.500000,25.059000,25.059000,300,0.003333
1240.000000,1241,DY-SIN-002,DYNAMIC_SINUSOIDAL,57.431448,25.000000,UP,TRANSIENT,51.090000,45.700000,25.071000,25.071000,300,0.003333
1241.000000,1242,DY-SIN-002,DYNAMIC_SINUSOIDAL,57.569951,25.000000,UP,TRANSIENT,51.240000,45.400000,25.045000,25.045000,300,0.003333
1242.000000,1243,DY-SIN-002,DYNAMIC_SINUSOIDAL,57.705132,25.000000,UP,TRANSIENT,51.430000,46.300000,25.043000,25.043000,300,0.003333
1243.000000,1244,DY-SIN-002,DYNAMIC_SINUSOIDAL,57.836935,25.000000,UP,TRANSIENT,51.620000,46.300000,25.051000,25.051000,300,0.003333
1244.000000,1245,DY-SIN-002,DYNAMIC_SINUSOIDAL,57.965299,25.000000,UP,TRANSIENT,51.820000,46.300000,24.996000,24.996000,300,0.003333
1245.000000,1246,DY-SIN-002,DYNAMIC_SINUSOIDAL,58.090170,25.000000,UP,TRANSIENT,51.930000,46.500000,25.002000,25.002000,300,0.003333
1246.000000,1247,DY-SIN-002,DYNAMIC_SINUSOIDAL,58.211492,25.000000,UP,TRANSIENT,52.100000,46.500000,25.008000,25.008000,300,0.003333
1247.000000,1248,DY-SIN-002,DYNAMIC_SINUSOIDAL,58.329212,25.000000,UP,TRANSIENT,52.340000,47.000000,25.007000,25.007000,300,0.003333
1248.000000,1249,DY-SIN-002,DYNAMIC_SINUSOIDAL,58.443279,25.000000,UP,TRANSIENT,52.420000,46.300000,25.083000,25.083000,300,0.003333
1249.000000,1250,DY-SIN-002,DYNAMIC_SINUSOIDAL,58.553643,25.000000,UP,TRANSIENT,52.570000,47.000000,25.011000,25.011000,300,0.003333
1250.000000,1251,DY-SIN-002,DYNAMIC_SINUSOIDAL,58.660254,25.000000,UP,TRANSIENT,52.740000,47.200000,24.986000,24.986000,300,0.003333
1251.000000,1252,DY-SIN-002,DYNAMIC_SINUSOIDAL,58.763067,25.000000,UP,TRANSIENT,52.900000,47.300000,25.014000,25.014000,300,0.003333
1252.000000,1253,DY-SIN-002,DYNAMIC_SINUSOIDAL,58.862036,25.000000,UP,TRANSIENT,53.110000,47.400000,25.016000,25.016000,300,0.003333
1253.000000,1254,DY-SIN-002,DYNAMIC_SINUSOIDAL,58.957118,25.000000,UP,TRANSIENT,53.310000,47.500000,25.076000,25.076000,300,0.003333
1254.000000,1255,DY-SIN-002,DYNAMIC_SINUSOIDAL,59.048271,25.000000,UP,TRANSIENT,53.440000,48.500000,25.059000,25.059000,300,0.003333
1255.000000,1256,DY-SIN-002,DYNAMIC_SINUSOIDAL,59.135455,25.000000,UP,TRANSIENT,53.600000,48.300000,24.975000,24.975000,300,0.003333
1256.000000,1257,DY-SIN-002,DYNAMIC_SINUSOIDAL,59.218632,25.000000,UP,TRANSIENT,53.710000,48.700000,25.009000,25.009000,300,0.003333
1257.000000,1258,DY-SIN-002,DYNAMIC_SINUSOIDAL,59.297765,25.000000,UP,TRANSIENT,53.890000,48.500000,24.962000,24.962000,300,0.003333
1258.000000,1259,DY-SIN-002,DYNAMIC_SINUSOIDAL,59.372820,25.000000,UP,TRANSIENT,54.030000,49.100000,25.010000,25.010000,300,0.003333
1259.000000,1260,DY-SIN-002,DYNAMIC_SINUSOIDAL,59.443764,25.000000,UP,TRANSIENT,54.110000,48.200000,24.986000,24.986000,300,0.003333
1260.000000,1261,DY-SIN-002,DYNAMIC_SINUSOIDAL,59.510565,25.000000,UP,TRANSIENT,54.240000,48.800000,25.050000,25.050000,300,0.003333
1261.000000,1262,DY-SIN-002,DYNAMIC_SINUSOIDAL,59.573195,25.000000,UP,TRANSIENT,54.380000,49.200000,25.063000,25.063000,300,0.003333
1262.000000,1263,DY-SIN-002,DYNAMIC_SINUSOIDAL,59.631626,25.000000,UP,TRANSIENT,54.600000,49.200000,25.015000,25.015000,300,0.003333
1263.000000,1264,DY-SIN-002,DYNAMIC_SINUSOIDAL,59.685832,25.000000,UP,TRANSIENT,54.690000,50.100000,25.071000,25.071000,300,0.003333
1264.000000,1265,DY-SIN-002,DYNAMIC_SINUSOIDAL,59.735789,25.000000,UP,TRANSIENT,54.910000,49.700000,25.048000,25.048000,300,0.003333
1265.000000,1266,DY-SIN-002,DYNAMIC_SINUSOIDAL,59.781476,25.000000,UP,TRANSIENT,55.050000,49.800000,25.040000,25.040000,300,0.003333
1266.000000,1267,DY-SIN-002,DYNAMIC_SINUSOIDAL,59.822873,25.000000,UP,TRANSIENT,55.180000,49.800000,25.039000,25.039000,300,0.003333
1267.000000,1268,DY-SIN-002,DYNAMIC_SINUSOIDAL,59.859960,25.000000,UP,TRANSIENT,55.340000,49.600000,25.032000,25.032000,300,0.003333
1268.000000,1269,DY-SIN-002,DYNAMIC_SINUSOIDAL,59.892723,25.000000,UP,TRANSIENT,55.510000,49.600000,25.019000,25.019000,300,0.003333
1269.000000,1270,DY-SIN-002,DYNAMIC_SINUSOIDAL,59.921147,25.000000,UP,TRANSIENT,55.590000,50.000000,25.022000,25.022000,300,0.003333
1270.000000,1271,DY-SIN-002,DYNAMIC_SINUSOIDAL,59.945219,25.000000,UP,TRANSIENT,55.730000,50.100000,25.014000,25.014000,300,0.003333
1271.000000,1272,DY-SIN-002,DYNAMIC_SINUSOIDAL,59.964929,25.000000,UP,TRANSIENT,55.810000,49.200000,25.012000,25.012000,300,0.003333
1272.000000,1273,DY-SIN-002,DYNAMIC_SINUSOIDAL,59.980267,25.000000,UP,TRANSIENT,55.900000,50.700000,24.999000,24.999000,300,0.003333
1273.000000,1274,DY-SIN-002,DYNAMIC_SINUSOIDAL,59.991228,25.000000,UP,TRANSIENT,56.020000,51.000000,24.965000,24.965000,300,0.003333
1274.000000,1275,DY-SIN-002,DYNAMIC_SINUSOIDAL,59.997807,25.000000,UP,TRANSIENT,56.110000,51.000000,24.967000,24.967000,300,0.003333
1275.000000,1276,DY-SIN-002,DYNAMIC_SINUSOIDAL,60.000000,25.000000,UP,TRANSIENT,56.270000,50.900000,25.032000,25.032000,300,0.003333
1276.000000,1277,DY-SIN-002,DYNAMIC_SINUSOIDAL,59.997807,25.000000,DOWN,TRANSIENT,56.420000,51.900000,25.044000,25.044000,300,0.003333
1277.000000,1278,DY-SIN-002,DYNAMIC_SINUSOIDAL,59.991228,25.000000,DOWN,TRANSIENT,56.530000,52.300000,25.012000,25.012000,300,0.003333
1278.000000,1279,DY-SIN-002,DYNAMIC_SINUSOIDAL,59.980267,25.000000,DOWN,TRANSIENT,56.640000,52.500000,24.982000,24.982000,300,0.003333
1279.000000,1280,DY-SIN-002,DYNAMIC_SINUSOIDAL,59.964929,25.000000,DOWN,TRANSIENT,56.680000,52.200000,25.054000,25.054000,300,0.003333
1280.000000,1281,DY-SIN-002,DYNAMIC_SINUSOIDAL,59.945219,25.000000,DOWN,TRANSIENT,56.880000,53.000000,25.030000,25.030000,300,0.003333
1281.000000,1282,DY-SIN-002,DYNAMIC_SINUSOIDAL,59.921147,25.000000,DOWN,TRANSIENT,56.950000,53.300000,25.042000,25.042000,300,0.003333
1282.000000,1283,DY-SIN-002,DYNAMIC_SINUSOIDAL,59.892723,25.000000,DOWN,TRANSIENT,57.040000,53.000000,24.967000,24.967000,300,0.003333
1283.000000,1284,DY-SIN-002,DYNAMIC_SINUSOIDAL,59.859960,25.000000,DOWN,TRANSIENT,57.160000,52.600000,25.023000,25.023000,300,0.003333
1284.000000,1285,DY-SIN-002,DYNAMIC_SINUSOIDAL,59.822873,25.000000,DOWN,TRANSIENT,57.250000,53.100000,25.032000,25.032000,300,0.003333
1285.000000,1286,DY-SIN-002,DYNAMIC_SINUSOIDAL,59.781476,25.000000,DOWN,TRANSIENT,57.440000,53.400000,25.023000,25.023000,300,0.003333
1286.000000,1287,DY-SIN-002,DYNAMIC_SINUSOIDAL,59.735789,25.000000,DOWN,TRANSIENT,57.590000,53.600000,25.029000,25.029000,300,0.003333
1287.000000,1288,DY-SIN-002,DYNAMIC_SINUSOIDAL,59.685832,25.000000,DOWN,TRANSIENT,57.700000,53.300000,25.005000,25.005000,300,0.003333
1288.000000,1289,DY-SIN-002,DYNAMIC_SINUSOIDAL,59.631626,25.000000,DOWN,TRANSIENT,57.770000,53.800000,25.062000,25.062000,300,0.003333
1289.000000,1290,DY-SIN-002,DYNAMIC_SINUSOIDAL,59.573195,25.000000,DOWN,TRANSIENT,57.790000,54.100000,25.042000,25.042000,300,0.003333
1290.000000,1291,DY-SIN-002,DYNAMIC_SINUSOIDAL,59.510565,25.000000,DOWN,TRANSIENT,57.850000,54.400000,25.012000,25.012000,300,0.003333
1291.000000,1292,DY-SIN-002,DYNAMIC_SINUSOIDAL,59.443764,25.000000,DOWN,TRANSIENT,57.910000,54.600000,25.007000,25.007000,300,0.003333
1292.000000,1293,DY-SIN-002,DYNAMIC_SINUSOIDAL,59.372820,25.000000,DOWN,TRANSIENT,58.020000,54.600000,25.003000,25.003000,300,0.003333
1293.000000,1294,DY-SIN-002,DYNAMIC_SINUSOIDAL,59.297765,25.000000,DOWN,TRANSIENT,58.070000,54.500000,25.004000,25.004000,300,0.003333
1294.000000,1295,DY-SIN-002,DYNAMIC_SINUSOIDAL,59.218632,25.000000,DOWN,TRANSIENT,58.100000,54.500000,24.955000,24.955000,300,0.003333
1295.000000,1296,DY-SIN-002,DYNAMIC_SINUSOIDAL,59.135455,25.000000,DOWN,TRANSIENT,58.170000,55.200000,25.014000,25.014000,300,0.003333
1296.000000,1297,DY-SIN-002,DYNAMIC_SINUSOIDAL,59.048271,25.000000,DOWN,TRANSIENT,58.260000,54.600000,25.012000,25.012000,300,0.003333
1297.000000,1298,DY-SIN-002,DYNAMIC_SINUSOIDAL,58.957118,25.000000,DOWN,TRANSIENT,58.290000,55.400000,24.988000,24.988000,300,0.003333
1298.000000,1299,DY-SIN-002,DYNAMIC_SINUSOIDAL,58.862036,25.000000,DOWN,TRANSIENT,58.290000,55.200000,24.984000,24.984000,300,0.003333
1299.000000,1300,DY-SIN-002,DYNAMIC_SINUSOIDAL,58.763067,25.000000,DOWN,TRANSIENT,58.330000,55.200000,25.036000,25.036000,300,0.003333
1300.000000,1301,DY-SIN-002,DYNAMIC_SINUSOIDAL,58.660254,25.000000,DOWN,TRANSIENT,58.400000,55.800000,25.041000,25.041000,300,0.003333
1301.000000,1302,DY-SIN-002,DYNAMIC_SINUSOIDAL,58.553643,25.000000,DOWN,TRANSIENT,58.400000,55.700000,25.014000,25.014000,300,0.003333
1302.000000,1303,DY-SIN-002,DYNAMIC_SINUSOIDAL,58.443279,25.000000,DOWN,TRANSIENT,58.450000,55.600000,24.987000,24.987000,300,0.003333
1303.000000,1304,DY-SIN-002,DYNAMIC_SINUSOIDAL,58.329212,25.000000,DOWN,TRANSIENT,58.460000,55.700000,25.074000,25.074000,300,0.003333
1304.000000,1305,DY-SIN-002,DYNAMIC_SINUSOIDAL,58.211492,25.000000,DOWN,TRANSIENT,58.440000,55.500000,25.023000,25.023000,300,0.003333
1305.000000,1306,DY-SIN-002,DYNAMIC_SINUSOIDAL,58.090170,25.000000,DOWN,TRANSIENT,58.510000,55.900000,25.034000,25.034000,300,0.003333
1306.000000,1307,DY-SIN-002,DYNAMIC_SINUSOIDAL,57.965299,25.000000,DOWN,TRANSIENT,58.510000,55.600000,25.025000,25.025000,300,0.003333
1307.000000,1308,DY-SIN-002,DYNAMIC_SINUSOIDAL,57.836935,25.000000,DOWN,TRANSIENT,58.540000,56.200000,25.001000,25.001000,300,0.003333
1308.000000,1309,DY-SIN-002,DYNAMIC_SINUSOIDAL,57.705132,25.000000,DOWN,TRANSIENT,58.490000,55.900000,25.003000,25.003000,300,0.003333
1309.000000,1310,DY-SIN-002,DYNAMIC_SINUSOIDAL,57.569951,25.000000,DOWN,TRANSIENT,58.540000,56.700000,24.923000,24.923000,300,0.003333
1310.000000,1311,DY-SIN-002,DYNAMIC_SINUSOIDAL,57.431448,25.000000,DOWN,TRANSIENT,58.500000,56.200000,25.011000,25.011000,300,0.003333
1311.000000,1312,DY-SIN-002,DYNAMIC_SINUSOIDAL,57.289686,25.000000,DOWN,TRANSIENT,58.570000,56.900000,25.031000,25.031000,300,0.003333
1312.000000,1313,DY-SIN-002,DYNAMIC_SINUSOIDAL,57.144727,25.000000,DOWN,TRANSIENT,58.580000,56.700000,25.016000,25.016000,300,0.003333
1313.000000,1314,DY-SIN-002,DYNAMIC_SINUSOIDAL,56.996633,25.000000,DOWN,TRANSIENT,58.540000,56.700000,24.998000,24.998000,300,0.003333
1314.000000,1315,DY-SIN-002,DYNAMIC_SINUSOIDAL,56.845471,25.000000,DOWN,TRANSIENT,58.500000,56.700000,25.016000,25.016000,300,0.003333
1315.000000,1316,DY-SIN-002,DYNAMIC_SINUSOIDAL,56.691306,25.000000,DOWN,TRANSIENT,58.480000,57.000000,25.052000,25.052000,300,0.003333
1316.000000,1317,DY-SIN-002,DYNAMIC_SINUSOIDAL,56.534206,25.000000,DOWN,TRANSIENT,58.480000,56.800000,24.979000,24.979000,300,0.003333
1317.000000,1318,DY-SIN-002,DYNAMIC_SINUSOIDAL,56.374240,25.000000,DOWN,TRANSIENT,58.430000,56.900000,25.028000,25.028000,300,0.003333
1318.000000,1319,DY-SIN-002,DYNAMIC_SINUSOIDAL,56.211478,25.000000,DOWN,TRANSIENT,58.420000,56.800000,24.944000,24.944000,300,0.003333
1319.000000,1320,DY-SIN-002,DYNAMIC_SINUSOIDAL,56.045991,25.000000,DOWN,TRANSIENT,58.350000,57.000000,25.008000,25.008000,300,0.003333
1320.000000,1321,DY-SIN-002,DYNAMIC_SINUSOIDAL,55.877853,25.000000,DOWN,TRANSIENT,58.300000,56.700000,25.022000,25.022000,300,0.003333
1321.000000,1322,DY-SIN-002,DYNAMIC_SINUSOIDAL,55.707136,25.000000,DOWN,TRANSIENT,58.310000,57.100000,25.065000,25.065000,300,0.003333
1322.000000,1323,DY-SIN-002,DYNAMIC_SINUSOIDAL,55.533915,25.000000,DOWN,TRANSIENT,58.310000,57.300000,24.995000,24.995000,300,0.003333
1323.000000,1324,DY-SIN-002,DYNAMIC_SINUSOIDAL,55.358268,25.000000,DOWN,TRANSIENT,58.250000,56.800000,24.984000,24.984000,300,0.003333
1324.000000,1325,DY-SIN-002,DYNAMIC_SINUSOIDAL,55.180270,25.000000,DOWN,TRANSIENT,58.210000,56.600000,25.048000,25.048000,300,0.003333
1325.000000,1326,DY-SIN-002,DYNAMIC_SINUSOIDAL,55.000000,25.000000,DOWN,TRANSIENT,58.140000,57.000000,25.019000,25.019000,300,0.003333
1326.000000,1327,DY-SIN-002,DYNAMIC_SINUSOIDAL,54.817537,25.000000,DOWN,TRANSIENT,57.990000,57.400000,24.995000,24.995000,300,0.003333
1327.000000,1328,DY-SIN-002,DYNAMIC_SINUSOIDAL,54.632960,25.000000,DOWN,TRANSIENT,58.020000,56.800000,25.019000,25.019000,300,0.003333
1328.000000,1329,DY-SIN-002,DYNAMIC_SINUSOIDAL,54.446352,25.000000,DOWN,TRANSIENT,57.850000,56.900000,24.962000,24.962000,300,0.003333
1329.000000,1330,DY-SIN-002,DYNAMIC_SINUSOIDAL,54.257793,25.000000,DOWN,TRANSIENT,57.830000,56.800000,25.049000,25.049000,300,0.003333
1330.000000,1331,DY-SIN-002,DYNAMIC_SINUSOIDAL,54.067366,25.000000,DOWN,TRANSIENT,57.770000,57.200000,25.016000,25.016000,300,0.003333
1331.000000,1332,DY-SIN-002,DYNAMIC_SINUSOIDAL,53.875156,25.000000,DOWN,TRANSIENT,57.670000,57.400000,25.003000,25.003000,300,0.003333
1332.000000,1333,DY-SIN-002,DYNAMIC_SINUSOIDAL,53.681246,25.000000,DOWN,TRANSIENT,57.570000,56.900000,25.032000,25.032000,300,0.003333
1333.000000,1334,DY-SIN-002,DYNAMIC_SINUSOIDAL,53.485720,25.000000,DOWN,TRANSIENT,57.510000,57.100000,25.001000,25.001000,300,0.003333
1334.000000,1335,DY-SIN-002,DYNAMIC_SINUSOIDAL,53.288666,25.000000,DOWN,TRANSIENT,57.480000,57.500000,25.009000,25.009000,300,0.003333
1335.000000,1336,DY-SIN-002,DYNAMIC_SINUSOIDAL,53.090170,25.000000,DOWN,TRANSIENT,57.390000,57.300000,25.040000,25.040000,300,0.003333
1336.000000,1337,DY-SIN-002,DYNAMIC_SINUSOIDAL,52.890318,25.000000,DOWN,TRANSIENT,57.230000,57.100000,25.018000,25.018000,300,0.003333
1337.000000,1338,DY-SIN-002,DYNAMIC_SINUSOIDAL,52.689198,25.000000,DOWN,TRANSIENT,57.160000,56.700000,25.020000,25.020000,300,0.003333
1338.000000,1339,DY-SIN-002,DYNAMIC_SINUSOIDAL,52.486899,25.000000,DOWN,TRANSIENT,57.030000,57.100000,25.025000,25.025000,300,0.003333
1339.000000,1340,DY-SIN-002,DYNAMIC_SINUSOIDAL,52.283509,25.000000,DOWN,TRANSIENT,56.920000,57.300000,25.039000,25.039000,300,0.003333
1340.000000,1341,DY-SIN-002,DYNAMIC_SINUSOIDAL,52.079117,25.000000,DOWN,TRANSIENT,56.810000,56.700000,25.087000,25.087000,300,0.003333
1341.000000,1342,DY-SIN-002,DYNAMIC_SINUSOIDAL,51.873813,25.000000,DOWN,TRANSIENT,56.750000,56.600000,25.051000,25.051000,300,0.003333
1342.000000,1343,DY-SIN-002,DYNAMIC_SINUSOIDAL,51.667687,25.000000,DOWN,TRANSIENT,56.610000,56.700000,24.990000,24.990000,300,0.003333
1343.000000,1344,DY-SIN-002,DYNAMIC_SINUSOIDAL,51.460830,25.000000,DOWN,TRANSIENT,56.500000,56.200000,25.052000,25.052000,300,0.003333
1344.000000,1345,DY-SIN-002,DYNAMIC_SINUSOIDAL,51.253332,25.000000,DOWN,TRANSIENT,56.410000,57.000000,25.004000,25.004000,300,0.003333
1345.000000,1346,DY-SIN-002,DYNAMIC_SINUSOIDAL,51.045285,25.000000,DOWN,TRANSIENT,56.310000,56.200000,25.099000,25.099000,300,0.003333
1346.000000,1347,DY-SIN-002,DYNAMIC_SINUSOIDAL,50.836778,25.000000,DOWN,TRANSIENT,56.180000,56.900000,24.958000,24.958000,300,0.003333
1347.000000,1348,DY-SIN-002,DYNAMIC_SINUSOIDAL,50.627905,25.000000,DOWN,TRANSIENT,56.030000,56.500000,25.004000,25.004000,300,0.003333
1348.000000,1349,DY-SIN-002,DYNAMIC_SINUSOIDAL,50.418757,25.000000,DOWN,TRANSIENT,55.970000,56.500000,25.039000,25.039000,300,0.003333
1349.000000,1350,DY-SIN-002,DYNAMIC_SINUSOIDAL,50.209424,25.000000,DOWN,TRANSIENT,55.780000,56.600000,25.002000,25.002000,300,0.003333
1350.000000,1351,DY-SIN-002,DYNAMIC_SINUSOIDAL,50.000000,25.000000,DOWN,TRANSIENT,55.650000,56.500000,25.044000,25.044000,300,0.003333
1351.000000,1352,DY-SIN-002,DYNAMIC_SINUSOIDAL,49.790576,25.000000,DOWN,TRANSIENT,55.540000,56.300000,24.996000,24.996000,300,0.003333
1352.000000,1353,DY-SIN-002,DYNAMIC_SINUSOIDAL,49.581243,25.000000,DOWN,TRANSIENT,55.380000,56.200000,25.017000,25.017000,300,0.003333
1353.000000,1354,DY-SIN-002,DYNAMIC_SINUSOIDAL,49.372095,25.000000,DOWN,TRANSIENT,55.130000,56.400000,25.022000,25.022000,300,0.003333
1354.000000,1355,DY-SIN-002,DYNAMIC_SINUSOIDAL,49.163222,25.000000,DOWN,TRANSIENT,55.010000,56.300000,24.975000,24.975000,300,0.003333
1355.000000,1356,DY-SIN-002,DYNAMIC_SINUSOIDAL,48.954715,25.000000,DOWN,TRANSIENT,54.940000,55.800000,25.042000,25.042000,300,0.003333
1356.000000,1357,DY-SIN-002,DYNAMIC_SINUSOIDAL,48.746668,25.000000,DOWN,TRANSIENT,54.800000,55.700000,24.980000,24.980000,300,0.003333
1357.000000,1358,DY-SIN-002,DYNAMIC_SINUSOIDAL,48.539170,25.000000,DOWN,TRANSIENT,54.670000,55.400000,24.987000,24.987000,300,0.003333
1358.000000,1359,DY-SIN-002,DYNAMIC_SINUSOIDAL,48.332313,25.000000,DOWN,TRANSIENT,54.550000,55.500000,25.012000,25.012000,300,0.003333
1359.000000,1360,DY-SIN-002,DYNAMIC_SINUSOIDAL,48.126187,25.000000,DOWN,TRANSIENT,54.410000,55.600000,24.982000,24.982000,300,0.003333
1360.000000,1361,DY-SIN-002,DYNAMIC_SINUSOIDAL,47.920883,25.000000,DOWN,TRANSIENT,54.220000,55.300000,25.084000,25.084000,300,0.003333
1361.000000,1362,DY-SIN-002,DYNAMIC_SINUSOIDAL,47.716491,25.000000,DOWN,TRANSIENT,54.000000,55.300000,25.027000,25.027000,300,0.003333
1362.000000,1363,DY-SIN-002,DYNAMIC_SINUSOIDAL,47.513101,25.000000,DOWN,TRANSIENT,53.850000,55.000000,24.981000,24.981000,300,0.003333
1363.000000,1364,DY-SIN-002,DYNAMIC_SINUSOIDAL,47.310802,25.000000,DOWN,TRANSIENT,53.730000,55.500000,25.030000,25.030000,300,0.003333
1364.000000,1365,DY-SIN-002,DYNAMIC_SINUSOIDAL,47.109682,25.000000,DOWN,TRANSIENT,53.610000,54.900000,25.015000,25.015000,300,0.003333
1365.000000,1366,DY-SIN-002,DYNAMIC_SINUSOIDAL,46.909830,25.000000,DOWN,TRANSIENT,53.430000,55.300000,25.051000,25.051000,300,0.003333
1366.000000,1367,DY-SIN-002,DYNAMIC_SINUSOIDAL,46.711334,25.000000,DOWN,TRANSIENT,53.260000,54.500000,24.965000,24.965000,300,0.003333
1367.000000,1368,DY-SIN-002,DYNAMIC_SINUSOIDAL,46.514280,25.000000,DOWN,TRANSIENT,53.070000,54.500000,25.048000,25.048000,300,0.003333
1368.000000,1369,DY-SIN-002,DYNAMIC_SINUSOIDAL,46.318754,25.000000,DOWN,TRANSIENT,52.880000,54.500000,25.052000,25.052000,300,0.003333
1369.000000,1370,DY-SIN-002,DYNAMIC_SINUSOIDAL,46.124844,25.000000,DOWN,TRANSIENT,52.720000,54.400000,25.050000,25.050000,300,0.003333
1370.000000,1371,DY-SIN-002,DYNAMIC_SINUSOIDAL,45.932634,25.000000,DOWN,TRANSIENT,52.570000,54.200000,24.969000,24.969000,300,0.003333
1371.000000,1372,DY-SIN-002,DYNAMIC_SINUSOIDAL,45.742207,25.000000,DOWN,TRANSIENT,52.450000,53.900000,25.011000,25.011000,300,0.003333
1372.000000,1373,DY-SIN-002,DYNAMIC_SINUSOIDAL,45.553648,25.000000,DOWN,TRANSIENT,52.130000,54.500000,25.018000,25.018000,300,0.003333
1373.000000,1374,DY-SIN-002,DYNAMIC_SINUSOIDAL,45.367040,25.000000,DOWN,TRANSIENT,51.920000,54.000000,24.969000,24.969000,300,0.003333
1374.000000,1375,DY-SIN-002,DYNAMIC_SINUSOIDAL,45.182463,25.000000,DOWN,TRANSIENT,51.820000,53.700000,25.011000,25.011000,300,0.003333
1375.000000,1376,DY-SIN-002,DYNAMIC_SINUSOIDAL,45.000000,25.000000,DOWN,TRANSIENT,51.640000,53.900000,24.977000,24.977000,300,0.003333
1376.000000,1377,DY-SIN-002,DYNAMIC_SINUSOIDAL,44.819730,25.000000,DOWN,TRANSIENT,51.500000,53.700000,24.974000,24.974000,300,0.003333
1377.000000,1378,DY-SIN-002,DYNAMIC_SINUSOIDAL,44.641732,25.000000,DOWN,TRANSIENT,51.380000,53.700000,25.054000,25.054000,300,0.003333
1378.000000,1379,DY-SIN-002,DYNAMIC_SINUSOIDAL,44.466085,25.000000,DOWN,TRANSIENT,51.270000,53.800000,24.970000,24.970000,300,0.003333
1379.000000,1380,DY-SIN-002,DYNAMIC_SINUSOIDAL,44.292864,25.000000,DOWN,TRANSIENT,51.060000,53.200000,25.047000,25.047000,300,0.003333
1380.000000,1381,DY-SIN-002,DYNAMIC_SINUSOIDAL,44.122147,25.000000,DOWN,TRANSIENT,50.870000,52.800000,24.994000,24.994000,300,0.003333
1381.000000,1382,DY-SIN-002,DYNAMIC_SINUSOIDAL,43.954009,25.000000,DOWN,TRANSIENT,50.690000,53.100000,25.033000,25.033000,300,0.003333
1382.000000,1383,DY-SIN-002,DYNAMIC_SINUSOIDAL,43.788522,25.000000,DOWN,TRANSIENT,50.570000,52.800000,25.047000,25.047000,300,0.003333
1383.000000,1384,DY-SIN-002,DYNAMIC_SINUSOIDAL,43.625760,25.000000,DOWN,TRANSIENT,50.350000,52.700000,25.020000,25.020000,300,0.003333
1384.000000,1385,DY-SIN-002,DYNAMIC_SINUSOIDAL,43.465794,25.000000,DOWN,TRANSIENT,50.170000,52.400000,25.066000,25.066000,300,0.003333
1385.000000,1386,DY-SIN-002,DYNAMIC_SINUSOIDAL,43.308694,25.000000,DOWN,TRANSIENT,49.980000,52.000000,25.088000,25.088000,300,0.003333
1386.000000,1387,DY-SIN-002,DYNAMIC_SINUSOIDAL,43.154529,25.000000,DOWN,TRANSIENT,49.800000,52.200000,24.965000,24.965000,300,0.003333
1387.000000,1388,DY-SIN-002,DYNAMIC_SINUSOIDAL,43.003367,25.000000,DOWN,TRANSIENT,49.620000,52.200000,24.991000,24.991000,300,0.003333
1388.000000,1389,DY-SIN-002,DYNAMIC_SINUSOIDAL,42.855273,25.000000,DOWN,TRANSIENT,49.440000,52.200000,25.055000,25.055000,300,0.003333
1389.000000,1390,DY-SIN-002,DYNAMIC_SINUSOIDAL,42.710314,25.000000,DOWN,TRANSIENT,49.250000,51.800000,25.034000,25.034000,300,0.003333
1390.000000,1391,DY-SIN-002,DYNAMIC_SINUSOIDAL,42.568552,25.000000,DOWN,TRANSIENT,49.050000,51.700000,25.038000,25.038000,300,0.003333
1391.000000,1392,DY-SIN-002,DYNAMIC_SINUSOIDAL,42.430049,25.000000,DOWN,TRANSIENT,48.920000,51.600000,24.974000,24.974000,300,0.003333
1392.000000,1393,DY-SIN-002,DYNAMIC_SINUSOIDAL,42.294868,25.000000,DOWN,TRANSIENT,48.750000,51.600000,25.021000,25.021000,300,0.003333
1393.000000,1394,DY-SIN-002,DYNAMIC_SINUSOIDAL,42.163065,25.000000,DOWN,TRANSIENT,48.590000,50.700000,24.936000,24.936000,300,0.003333
1394.000000,1395,DY-SIN-002,DYNAMIC_SINUSOIDAL,42.034701,25.000000,DOWN,TRANSIENT,48.470000,50.900000,25.005000,25.005000,300,0.003333
1395.000000,1396,DY-SIN-002,DYNAMIC_SINUSOIDAL,41.909830,25.000000,DOWN,TRANSIENT,48.220000,50.500000,25.059000,25.059000,300,0.003333
1396.000000,1397,DY-SIN-002,DYNAMIC_SINUSOIDAL,41.788508,25.000000,DOWN,TRANSIENT,48.070000,50.400000,24.994000,24.994000,300,0.003333
1397.000000,1398,DY-SIN-002,DYNAMIC_SINUSOIDAL,41.670788,25.000000,DOWN,TRANSIENT,47.870000,50.100000,25.031000,25.031000,300,0.003333
1398.000000,1399,DY-SIN-002,DYNAMIC_SINUSOIDAL,41.556721,25.000000,DOWN,TRANSIENT,47.650000,49.900000,25.017000,25.017000,300,0.003333
1399.000000,1400,DY-SIN-002,DYNAMIC_SINUSOIDAL,41.446357,25.000000,DOWN,TRANSIENT,47.560000,50.200000,24.966000,24.966000,300,0.003333
1400.000000,1401,DY-SIN-002,DYNAMIC_SINUSOIDAL,41.339746,25.000000,DOWN,TRANSIENT,47.460000,50.000000,25.047000,25.047000,300,0.003333
1401.000000,1402,DY-SIN-002,DYNAMIC_SINUSOIDAL,41.236933,25.000000,DOWN,TRANSIENT,47.220000,49.600000,25.012000,25.012000,300,0.003333
1402.000000,1403,DY-SIN-002,DYNAMIC_SINUSOIDAL,41.137964,25.000000,DOWN,TRANSIENT,47.030000,49.500000,25.070000,25.070000,300,0.003333
1403.000000,1404,DY-SIN-002,DYNAMIC_SINUSOIDAL,41.042882,25.000000,DOWN,TRANSIENT,46.890000,49.500000,25.054000,25.054000,300,0.003333
1404.000000,1405,DY-SIN-002,DYNAMIC_SINUSOIDAL,40.951729,25.000000,DOWN,TRANSIENT,46.750000,49.200000,25.036000,25.036000,300,0.003333
1405.000000,1406,DY-SIN-002,DYNAMIC_SINUSOIDAL,40.864545,25.000000,DOWN,TRANSIENT,46.640000,49.500000,25.059000,25.059000,300,0.003333
1406.000000,1407,DY-SIN-002,DYNAMIC_SINUSOIDAL,40.781368,25.000000,DOWN,TRANSIENT,46.410000,49.100000,25.030000,25.030000,300,0.003333
1407.000000,1408,DY-SIN-002,DYNAMIC_SINUSOIDAL,40.702235,25.000000,DOWN,TRANSIENT,46.290000,48.500000,25.026000,25.026000,300,0.003333
1408.000000,1409,DY-SIN-002,DYNAMIC_SINUSOIDAL,40.627180,25.000000,DOWN,TRANSIENT,46.120000,48.900000,25.088000,25.088000,300,0.003333
1409.000000,1410,DY-SIN-002,DYNAMIC_SINUSOIDAL,40.556236,25.000000,DOWN,TRANSIENT,45.860000,48.000000,25.083000,25.083000,300,0.003333
1410.000000,1411,DY-SIN-002,DYNAMIC_SINUSOIDAL,40.489435,25.000000,DOWN,TRANSIENT,45.820000,48.000000,25.055000,25.055000,300,0.003333
1411.000000,1412,DY-SIN-002,DYNAMIC_SINUSOIDAL,40.426805,25.000000,DOWN,TRANSIENT,45.580000,48.500000,25.093000,25.093000,300,0.003333
1412.000000,1413,DY-SIN-002,DYNAMIC_SINUSOIDAL,40.368374,25.000000,DOWN,TRANSIENT,45.490000,48.200000,25.012000,25.012000,300,0.003333
1413.000000,1414,DY-SIN-002,DYNAMIC_SINUSOIDAL,40.314168,25.000000,DOWN,TRANSIENT,45.360000,47.700000,25.038000,25.038000,300,0.003333
1414.000000,1415,DY-SIN-002,DYNAMIC_SINUSOIDAL,40.264211,25.000000,DOWN,TRANSIENT,45.130000,47.300000,25.021000,25.021000,300,0.003333
1415.000000,1416,DY-SIN-002,DYNAMIC_SINUSOIDAL,40.218524,25.000000,DOWN,TRANSIENT,45.150000,47.300000,24.990000,24.990000,300,0.003333
1416.000000,1417,DY-SIN-002,DYNAMIC_SINUSOIDAL,40.177127,25.000000,DOWN,TRANSIENT,44.940000,47.700000,25.013000,25.013000,300,0.003333
1417.000000,1418,DY-SIN-002,DYNAMIC_SINUSOIDAL,40.140040,25.000000,DOWN,TRANSIENT,44.800000,47.600000,25.027000,25.027000,300,0.003333
1418.000000,1419,DY-SIN-002,DYNAMIC_SINUSOIDAL,40.107277,25.000000,DOWN,TRANSIENT,44.660000,47.700000,25.037000,25.037000,300,0.003333
1419.000000,1420,DY-SIN-002,DYNAMIC_SINUSOIDAL,40.078853,25.000000,DOWN,TRANSIENT,44.460000,47.000000,25.005000,25.005000,300,0.003333
1420.000000,1421,DY-SIN-002,DYNAMIC_SINUSOIDAL,40.054781,25.000000,DOWN,TRANSIENT,44.380000,47.100000,25.086000,25.086000,300,0.003333
1421.000000,1422,DY-SIN-002,DYNAMIC_SINUSOIDAL,40.035071,25.000000,DOWN,TRANSIENT,44.260000,46.800000,24.996000,24.996000,300,0.003333
1422.000000,1423,DY-SIN-002,DYNAMIC_SINUSOIDAL,40.019733,25.000000,DOWN,TRANSIENT,44.150000,46.400000,25.055000,25.055000,300,0.003333
1423.000000,1424,DY-SIN-002,DYNAMIC_SINUSOIDAL,40.008772,25.000000,DOWN,TRANSIENT,44.010000,46.500000,24.979000,24.979000,300,0.003333
1424.000000,1425,DY-SIN-002,DYNAMIC_SINUSOIDAL,40.002193,25.000000,DOWN,TRANSIENT,43.820000,46.300000,25.033000,25.033000,300,0.003333
1425.000000,1426,DY-SIN-002,DYNAMIC_SINUSOIDAL,40.000000,25.000000,DOWN,TRANSIENT,43.780000,46.200000,25.031000,25.031000,300,0.003333
1426.000000,1427,DY-SIN-002,DYNAMIC_SINUSOIDAL,40.002193,25.000000,UP,TRANSIENT,43.690000,45.200000,25.003000,25.003000,300,0.003333
1427.000000,1428,DY-SIN-002,DYNAMIC_SINUSOIDAL,40.008772,25.000000,UP,TRANSIENT,43.550000,45.100000,25.060000,25.060000,300,0.003333
1428.000000,1429,DY-SIN-002,DYNAMIC_SINUSOIDAL,40.019733,25.000000,UP,TRANSIENT,43.490000,44.700000,24.974000,24.974000,300,0.003333
1429.000000,1430,DY-SIN-002,DYNAMIC_SINUSOIDAL,40.035071,25.000000,UP,TRANSIENT,43.490000,44.300000,24.984000,24.984000,300,0.003333
1430.000000,1431,DY-SIN-002,DYNAMIC_SINUSOIDAL,40.054781,25.000000,UP,TRANSIENT,43.260000,44.500000,25.000000,25.000000,300,0.003333
1431.000000,1432,DY-SIN-002,DYNAMIC_SINUSOIDAL,40.078853,25.000000,UP,TRANSIENT,43.130000,44.600000,25.010000,25.010000,300,0.003333
1432.000000,1433,DY-SIN-002,DYNAMIC_SINUSOIDAL,40.107277,25.000000,UP,TRANSIENT,43.090000,44.200000,25.079000,25.079000,300,0.003333
1433.000000,1434,DY-SIN-002,DYNAMIC_SINUSOIDAL,40.140040,25.000000,UP,TRANSIENT,42.950000,44.000000,24.991000,24.991000,300,0.003333
1434.000000,1435,DY-SIN-002,DYNAMIC_SINUSOIDAL,40.177127,25.000000,UP,TRANSIENT,42.930000,43.800000,25.035000,25.035000,300,0.003333
1435.000000,1436,DY-SIN-002,DYNAMIC_SINUSOIDAL,40.218524,25.000000,UP,TRANSIENT,42.880000,44.400000,24.995000,24.995000,300,0.003333
1436.000000,1437,DY-SIN-002,DYNAMIC_SINUSOIDAL,40.264211,25.000000,UP,TRANSIENT,42.730000,43.700000,24.986000,24.986000,300,0.003333
1437.000000,1438,DY-SIN-002,DYNAMIC_SINUSOIDAL,40.314168,25.000000,UP,TRANSIENT,42.690000,43.600000,25.016000,25.016000,300,0.003333
1438.000000,1439,DY-SIN-002,DYNAMIC_SINUSOIDAL,40.368374,25.000000,UP,TRANSIENT,42.590000,43.400000,25.027000,25.027000,300,0.003333
1439.000000,1440,DY-SIN-002,DYNAMIC_SINUSOIDAL,40.426805,25.000000,UP,TRANSIENT,42.610000,43.600000,24.996000,24.996000,300,0.003333
1440.000000,1441,DY-SIN-002,DYNAMIC_SINUSOIDAL,40.489435,25.000000,UP,TRANSIENT,42.480000,43.900000,25.059000,25.059000,300,0.003333
1441.000000,1442,DY-SIN-002,DYNAMIC_SINUSOIDAL,40.556236,25.000000,UP,TRANSIENT,42.430000,43.400000,25.007000,25.007000,300,0.003333
1442.000000,1443,DY-SIN-002,DYNAMIC_SINUSOIDAL,40.627180,25.000000,UP,TRANSIENT,42.370000,43.800000,25.006000,25.006000,300,0.003333
1443.000000,1444,DY-SIN-002,DYNAMIC_SINUSOIDAL,40.702235,25.000000,UP,TRANSIENT,42.290000,43.400000,25.020000,25.020000,300,0.003333
1444.000000,1445,DY-SIN-002,DYNAMIC_SINUSOIDAL,40.781368,25.000000,UP,TRANSIENT,42.340000,43.300000,24.972000,24.972000,300,0.003333
1445.000000,1446,DY-SIN-002,DYNAMIC_SINUSOIDAL,40.864545,25.000000,UP,TRANSIENT,42.200000,42.900000,25.026000,25.026000,300,0.003333
1446.000000,1447,DY-SIN-002,DYNAMIC_SINUSOIDAL,40.951729,25.000000,UP,TRANSIENT,42.160000,43.200000,24.992000,24.992000,300,0.003333
1447.000000,1448,DY-SIN-002,DYNAMIC_SINUSOIDAL,41.042882,25.000000,UP,TRANSIENT,42.190000,43.000000,25.054000,25.054000,300,0.003333
1448.000000,1449,DY-SIN-002,DYNAMIC_SINUSOIDAL,41.137964,25.000000,UP,TRANSIENT,42.130000,42.400000,25.006000,25.006000,300,0.003333
1449.000000,1450,DY-SIN-002,DYNAMIC_SINUSOIDAL,41.236933,25.000000,UP,TRANSIENT,42.170000,42.700000,25.008000,25.008000,300,0.003333
1450.000000,1451,DY-SIN-002,DYNAMIC_SINUSOIDAL,41.339746,25.000000,UP,TRANSIENT,42.010000,42.500000,25.055000,25.055000,300,0.003333
1451.000000,1452,DY-SIN-002,DYNAMIC_SINUSOIDAL,41.446357,25.000000,UP,TRANSIENT,41.960000,42.900000,25.077000,25.077000,300,0.003333
1452.000000,1453,DY-SIN-002,DYNAMIC_SINUSOIDAL,41.556721,25.000000,UP,TRANSIENT,41.980000,42.300000,25.069000,25.069000,300,0.003333
1453.000000,1454,DY-SIN-002,DYNAMIC_SINUSOIDAL,41.670788,25.000000,UP,TRANSIENT,42.000000,42.500000,24.982000,24.982000,300,0.003333
1454.000000,1455,DY-SIN-002,DYNAMIC_SINUSOIDAL,41.788508,25.000000,UP,TRANSIENT,41.940000,42.800000,25.046000,25.046000,300,0.003333
1455.000000,1456,DY-SIN-002,DYNAMIC_SINUSOIDAL,41.909830,25.000000,UP,TRANSIENT,41.980000,42.400000,25.010000,25.010000,300,0.003333
1456.000000,1457,DY-SIN-002,DYNAMIC_SINUSOIDAL,42.034701,25.000000,UP,TRANSIENT,41.910000,42.400000,25.058000,25.058000,300,0.003333
1457.000000,1458,DY-SIN-002,DYNAMIC_SINUSOIDAL,42.163065,25.000000,UP,TRANSIENT,41.960000,42.500000,24.995000,24.995000,300,0.003333
1458.000000,1459,DY-SIN-002,DYNAMIC_SINUSOIDAL,42.294868,25.000000,UP,TRANSIENT,41.890000,42.100000,25.046000,25.046000,300,0.003333
1459.000000,1460,DY-SIN-002,DYNAMIC_SINUSOIDAL,42.430049,25.000000,UP,TRANSIENT,41.940000,41.800000,25.035000,25.035000,300,0.003333
1460.000000,1461,DY-SIN-002,DYNAMIC_SINUSOIDAL,42.568552,25.000000,UP,TRANSIENT,41.990000,41.900000,24.973000,24.973000,300,0.003333
1461.000000,1462,DY-SIN-002,DYNAMIC_SINUSOIDAL,42.710314,25.000000,UP,TRANSIENT,41.960000,42.000000,24.982000,24.982000,300,0.003333
1462.000000,1463,DY-SIN-002,DYNAMIC_SINUSOIDAL,42.855273,25.000000,UP,TRANSIENT,41.980000,41.600000,25.041000,25.041000,300,0.003333
1463.000000,1464,DY-SIN-002,DYNAMIC_SINUSOIDAL,43.003367,25.000000,UP,TRANSIENT,42.020000,41.700000,25.001000,25.001000,300,0.003333
1464.000000,1465,DY-SIN-002,DYNAMIC_SINUSOIDAL,43.154529,25.000000,UP,TRANSIENT,41.970000,41.600000,24.978000,24.978000,300,0.003333
1465.000000,1466,DY-SIN-002,DYNAMIC_SINUSOIDAL,43.308694,25.000000,UP,TRANSIENT,41.990000,41.800000,24.975000,24.975000,300,0.003333
1466.000000,1467,DY-SIN-002,DYNAMIC_SINUSOIDAL,43.465794,25.000000,UP,TRANSIENT,41.960000,41.900000,24.989000,24.989000,300,0.003333
1467.000000,1468,DY-SIN-002,DYNAMIC_SINUSOIDAL,43.625760,25.000000,UP,TRANSIENT,42.000000,41.500000,24.927000,24.927000,300,0.003333
1468.000000,1469,DY-SIN-002,DYNAMIC_SINUSOIDAL,43.788522,25.000000,UP,TRANSIENT,42.050000,42.000000,25.053000,25.053000,300,0.003333
1469.000000,1470,DY-SIN-002,DYNAMIC_SINUSOIDAL,43.954009,25.000000,UP,TRANSIENT,41.980000,41.600000,25.000000,25.000000,300,0.003333
1470.000000,1471,DY-SIN-002,DYNAMIC_SINUSOIDAL,44.122147,25.000000,UP,TRANSIENT,42.030000,41.800000,25.000000,25.000000,300,0.003333
1471.000000,1472,DY-SIN-002,DYNAMIC_SINUSOIDAL,44.292864,25.000000,UP,TRANSIENT,42.160000,41.200000,25.010000,25.010000,300,0.003333
1472.000000,1473,DY-SIN-002,DYNAMIC_SINUSOIDAL,44.466085,25.000000,UP,TRANSIENT,42.190000,41.500000,24.998000,24.998000,300,0.003333
1473.000000,1474,DY-SIN-002,DYNAMIC_SINUSOIDAL,44.641732,25.000000,UP,TRANSIENT,42.280000,41.400000,24.980000,24.980000,300,0.003333
1474.000000,1475,DY-SIN-002,DYNAMIC_SINUSOIDAL,44.819730,25.000000,UP,TRANSIENT,42.310000,41.000000,24.974000,24.974000,300,0.003333
1475.000000,1476,DY-SIN-002,DYNAMIC_SINUSOIDAL,45.000000,25.000000,UP,TRANSIENT,42.270000,41.400000,25.002000,25.002000,300,0.003333
1476.000000,1477,DY-SIN-002,DYNAMIC_SINUSOIDAL,45.182463,25.000000,UP,TRANSIENT,42.470000,41.700000,24.987000,24.987000,300,0.003333
1477.000000,1478,DY-SIN-002,DYNAMIC_SINUSOIDAL,45.367040,25.000000,UP,TRANSIENT,42.440000,41.400000,24.978000,24.978000,300,0.003333
1478.000000,1479,DY-SIN-002,DYNAMIC_SINUSOIDAL,45.553648,25.000000,UP,TRANSIENT,42.520000,41.300000,25.013000,25.013000,300,0.003333
1479.000000,1480,DY-SIN-002,DYNAMIC_SINUSOIDAL,45.742207,25.000000,UP,TRANSIENT,42.510000,41.100000,25.030000,25.030000,300,0.003333
1480.000000,1481,DY-SIN-002,DYNAMIC_SINUSOIDAL,45.932634,25.000000,UP,TRANSIENT,42.660000,41.100000,24.981000,24.981000,300,0.003333
1481.000000,1482,DY-SIN-002,DYNAMIC_SINUSOIDAL,46.124844,25.000000,UP,TRANSIENT,42.620000,41.600000,24.992000,24.992000,300,0.003333
1482.000000,1483,DY-SIN-002,DYNAMIC_SINUSOIDAL,46.318754,25.000000,UP,TRANSIENT,42.750000,41.300000,25.030000,25.030000,300,0.003333
1483.000000,1484,DY-SIN-002,DYNAMIC_SINUSOIDAL,46.514280,25.000000,UP,TRANSIENT,42.810000,41.400000,25.033000,25.033000,300,0.003333
1484.000000,1485,DY-SIN-002,DYNAMIC_SINUSOIDAL,46.711334,25.000000,UP,TRANSIENT,42.970000,41.100000,25.040000,25.040000,300,0.003333
1485.000000,1486,DY-SIN-002,DYNAMIC_SINUSOIDAL,46.909830,25.000000,UP,TRANSIENT,43.090000,41.200000,25.031000,25.031000,300,0.003333
1486.000000,1487,DY-SIN-002,DYNAMIC_SINUSOIDAL,47.109682,25.000000,UP,TRANSIENT,43.190000,41.400000,24.993000,24.993000,300,0.003333
1487.000000,1488,DY-SIN-002,DYNAMIC_SINUSOIDAL,47.310802,25.000000,UP,TRANSIENT,43.260000,41.300000,25.042000,25.042000,300,0.003333
1488.000000,1489,DY-SIN-002,DYNAMIC_SINUSOIDAL,47.513101,25.000000,UP,TRANSIENT,43.290000,41.100000,25.060000,25.060000,300,0.003333
1489.000000,1490,DY-SIN-002,DYNAMIC_SINUSOIDAL,47.716491,25.000000,UP,TRANSIENT,43.520000,41.400000,25.001000,25.001000,300,0.003333
1490.000000,1491,DY-SIN-002,DYNAMIC_SINUSOIDAL,47.920883,25.000000,UP,TRANSIENT,43.610000,41.800000,25.025000,25.025000,300,0.003333
1491.000000,1492,DY-SIN-002,DYNAMIC_SINUSOIDAL,48.126187,25.000000,UP,TRANSIENT,43.720000,41.500000,25.012000,25.012000,300,0.003333
1492.000000,1493,DY-SIN-002,DYNAMIC_SINUSOIDAL,48.332313,25.000000,UP,TRANSIENT,43.780000,41.800000,25.048000,25.048000,300,0.003333
1493.000000,1494,DY-SIN-002,DYNAMIC_SINUSOIDAL,48.539170,25.000000,UP,TRANSIENT,43.860000,41.800000,25.082000,25.082000,300,0.003333
1494.000000,1495,DY-SIN-002,DYNAMIC_SINUSOIDAL,48.746668,25.000000,UP,TRANSIENT,43.970000,41.600000,25.011000,25.011000,300,0.003333
1495.000000,1496,DY-SIN-002,DYNAMIC_SINUSOIDAL,48.954715,25.000000,UP,TRANSIENT,44.070000,41.600000,25.015000,25.015000,300,0.003333
1496.000000,1497,DY-SIN-002,DYNAMIC_SINUSOIDAL,49.163222,25.000000,UP,TRANSIENT,44.160000,41.400000,25.039000,25.039000,300,0.003333
1497.000000,1498,DY-SIN-002,DYNAMIC_SINUSOIDAL,49.372095,25.000000,UP,TRANSIENT,44.330000,41.300000,25.016000,25.016000,300,0.003333
1498.000000,1499,DY-SIN-002,DYNAMIC_SINUSOIDAL,49.581243,25.000000,UP,TRANSIENT,44.450000,41.800000,25.000000,25.000000,300,0.003333
1499.000000,1500,DY-SIN-002,DYNAMIC_SINUSOIDAL,49.790576,25.000000,UP,TRANSIENT,44.520000,41.400000,24.985000,24.985000,300,0.003333
1500.000000,1501,DY-SIN-002,DYNAMIC_SINUSOIDAL,50.000000,25.000000,UP,TRANSIENT,44.660000,41.600000,24.963000,24.963000,300,0.003333
0.000000,1,DY-SIN-003,DYNAMIC_SINUSOIDAL,50.000000,25.000000,DOWN,TRANSIENT,50.160000,49.700000,24.957000,24.957000,120,0.008333
1.000000,2,DY-SIN-003,DYNAMIC_SINUSOIDAL,50.523360,25.000000,UP,TRANSIENT,50.130000,48.700000,24.984000,24.984000,120,0.008333
2.000000,3,DY-SIN-003,DYNAMIC_SINUSOIDAL,51.045285,25.000000,UP,TRANSIENT,50.100000,49.100000,24.972000,24.972000,120,0.008333
3.000000,4,DY-SIN-003,DYNAMIC_SINUSOIDAL,51.564345,25.000000,UP,TRANSIENT,50.160000,48.600000,25.005000,25.005000,120,0.008333
4.000000,5,DY-SIN-003,DYNAMIC_SINUSOIDAL,52.079117,25.000000,UP,TRANSIENT,50.220000,48.700000,25.048000,25.048000,120,0.008333
5.000000,6,DY-SIN-003,DYNAMIC_SINUSOIDAL,52.588190,25.000000,UP,TRANSIENT,50.240000,48.700000,25.033000,25.033000,120,0.008333
6.000000,7,DY-SIN-003,DYNAMIC_SINUSOIDAL,53.090170,25.000000,UP,TRANSIENT,50.280000,48.700000,25.026000,25.026000,120,0.008333
7.000000,8,DY-SIN-003,DYNAMIC_SINUSOIDAL,53.583679,25.000000,UP,TRANSIENT,50.300000,48.700000,25.061000,25.061000,120,0.008333
8.000000,9,DY-SIN-003,DYNAMIC_SINUSOIDAL,54.067366,25.000000,UP,TRANSIENT,50.360000,48.700000,24.998000,24.998000,120,0.008333
9.000000,10,DY-SIN-003,DYNAMIC_SINUSOIDAL,54.539905,25.000000,UP,TRANSIENT,50.390000,48.600000,25.012000,25.012000,120,0.008333
10.000000,11,DY-SIN-003,DYNAMIC_SINUSOIDAL,55.000000,25.000000,UP,TRANSIENT,50.450000,49.200000,25.043000,25.043000,120,0.008333
11.000000,12,DY-SIN-003,DYNAMIC_SINUSOIDAL,55.446390,25.000000,UP,TRANSIENT,50.550000,49.200000,25.005000,25.005000,120,0.008333
12.000000,13,DY-SIN-003,DYNAMIC_SINUSOIDAL,55.877853,25.000000,UP,TRANSIENT,50.630000,48.700000,24.998000,24.998000,120,0.008333
13.000000,14,DY-SIN-003,DYNAMIC_SINUSOIDAL,56.293204,25.000000,UP,TRANSIENT,50.710000,48.900000,25.010000,25.010000,120,0.008333
14.000000,15,DY-SIN-003,DYNAMIC_SINUSOIDAL,56.691306,25.000000,UP,TRANSIENT,50.770000,49.000000,24.997000,24.997000,120,0.008333
15.000000,16,DY-SIN-003,DYNAMIC_SINUSOIDAL,57.071068,25.000000,UP,TRANSIENT,50.880000,49.100000,25.004000,25.004000,120,0.008333
16.000000,17,DY-SIN-003,DYNAMIC_SINUSOIDAL,57.431448,25.000000,UP,TRANSIENT,51.030000,48.700000,25.002000,25.002000,120,0.008333
17.000000,18,DY-SIN-003,DYNAMIC_SINUSOIDAL,57.771460,25.000000,UP,TRANSIENT,51.130000,48.900000,25.015000,25.015000,120,0.008333
18.000000,19,DY-SIN-003,DYNAMIC_SINUSOIDAL,58.090170,25.000000,UP,TRANSIENT,51.260000,49.100000,24.986000,24.986000,120,0.008333
19.000000,20,DY-SIN-003,DYNAMIC_SINUSOIDAL,58.386706,25.000000,UP,TRANSIENT,51.420000,49.000000,24.984000,24.984000,120,0.008333
20.000000,21,DY-SIN-003,DYNAMIC_SINUSOIDAL,58.660254,25.000000,UP,TRANSIENT,51.630000,48.800000,25.008000,25.008000,120,0.008333
21.000000,22,DY-SIN-003,DYNAMIC_SINUSOIDAL,58.910065,25.000000,UP,TRANSIENT,51.750000,49.000000,24.991000,24.991000,120,0.008333
22.000000,23,DY-SIN-003,DYNAMIC_SINUSOIDAL,59.135455,25.000000,UP,TRANSIENT,51.910000,49.000000,25.088000,25.088000,120,0.008333
23.000000,24,DY-SIN-003,DYNAMIC_SINUSOIDAL,59.335804,25.000000,UP,TRANSIENT,52.100000,49.200000,25.037000,25.037000,120,0.008333
24.000000,25,DY-SIN-003,DYNAMIC_SINUSOIDAL,59.510565,25.000000,UP,TRANSIENT,52.220000,49.100000,25.046000,25.046000,120,0.008333
25.000000,26,DY-SIN-003,DYNAMIC_SINUSOIDAL,59.659258,25.000000,UP,TRANSIENT,52.420000,49.400000,25.064000,25.064000,120,0.008333
26.000000,27,DY-SIN-003,DYNAMIC_SINUSOIDAL,59.781476,25.000000,UP,TRANSIENT,52.590000,49.800000,25.052000,25.052000,120,0.008333
27.000000,28,DY-SIN-003,DYNAMIC_SINUSOIDAL,59.876883,25.000000,UP,TRANSIENT,52.750000,49.500000,25.030000,25.030000,120,0.008333
28.000000,29,DY-SIN-003,DYNAMIC_SINUSOIDAL,59.945219,25.000000,UP,TRANSIENT,52.950000,49.500000,24.997000,24.997000,120,0.008333
29.000000,30,DY-SIN-003,DYNAMIC_SINUSOIDAL,59.986295,25.000000,UP,TRANSIENT,53.160000,50.100000,25.043000,25.043000,120,0.008333
30.000000,31,DY-SIN-003,DYNAMIC_SINUSOIDAL,60.000000,25.000000,UP,TRANSIENT,53.440000,49.500000,24.988000,24.988000,120,0.008333
31.000000,32,DY-SIN-003,DYNAMIC_SINUSOIDAL,59.986295,25.000000,DOWN,TRANSIENT,53.590000,50.800000,25.003000,25.003000,120,0.008333
32.000000,33,DY-SIN-003,DYNAMIC_SINUSOIDAL,59.945219,25.000000,DOWN,TRANSIENT,53.720000,50.600000,25.004000,25.004000,120,0.008333
33.000000,34,DY-SIN-003,DYNAMIC_SINUSOIDAL,59.876883,25.000000,DOWN,TRANSIENT,54.000000,50.700000,25.038000,25.038000,120,0.008333
34.000000,35,DY-SIN-003,DYNAMIC_SINUSOIDAL,59.781476,25.000000,DOWN,TRANSIENT,54.090000,50.900000,25.078000,25.078000,120,0.008333
35.000000,36,DY-SIN-003,DYNAMIC_SINUSOIDAL,59.659258,25.000000,DOWN,TRANSIENT,54.350000,51.200000,25.007000,25.007000,120,0.008333
36.000000,37,DY-SIN-003,DYNAMIC_SINUSOIDAL,59.510565,25.000000,DOWN,TRANSIENT,54.520000,51.700000,25.089000,25.089000,120,0.008333
37.000000,38,DY-SIN-003,DYNAMIC_SINUSOIDAL,59.335804,25.000000,DOWN,TRANSIENT,54.730000,51.700000,25.005000,25.005000,120,0.008333
38.000000,39,DY-SIN-003,DYNAMIC_SINUSOIDAL,59.135455,25.000000,DOWN,TRANSIENT,54.820000,51.600000,25.015000,25.015000,120,0.008333
39.000000,40,DY-SIN-003,DYNAMIC_SINUSOIDAL,58.910065,25.000000,DOWN,TRANSIENT,55.020000,51.800000,24.984000,24.984000,120,0.008333
40.000000,41,DY-SIN-003,DYNAMIC_SINUSOIDAL,58.660254,25.000000,DOWN,TRANSIENT,55.160000,52.200000,25.005000,25.005000,120,0.008333
41.000000,42,DY-SIN-003,DYNAMIC_SINUSOIDAL,58.386706,25.000000,DOWN,TRANSIENT,55.320000,51.600000,24.975000,24.975000,120,0.008333
42.000000,43,DY-SIN-003,DYNAMIC_SINUSOIDAL,58.090170,25.000000,DOWN,TRANSIENT,55.430000,52.000000,25.068000,25.068000,120,0.008333
43.000000,44,DY-SIN-003,DYNAMIC_SINUSOIDAL,57.771460,25.000000,DOWN,TRANSIENT,55.600000,52.200000,25.052000,25.052000,120,0.008333
44.000000,45,DY-SIN-003,DYNAMIC_SINUSOIDAL,57.431448,25.000000,DOWN,TRANSIENT,55.670000,52.200000,25.049000,25.049000,120,0.008333
45.000000,46,DY-SIN-003,DYNAMIC_SINUSOIDAL,57.071068,25.000000,DOWN,TRANSIENT,55.850000,52.700000,25.001000,25.001000,120,0.008333
46.000000,47,DY-SIN-003,DYNAMIC_SINUSOIDAL,56.691306,25.000000,DOWN,TRANSIENT,55.960000,52.900000,24.967000,24.967000,120,0.008333
47.000000,48,DY-SIN-003,DYNAMIC_SINUSOIDAL,56.293204,25.000000,DOWN,TRANSIENT,56.060000,52.800000,25.021000,25.021000,120,0.008333
48.000000,49,DY-SIN-003,DYNAMIC_SINUSOIDAL,55.877853,25.000000,DOWN,TRANSIENT,56.210000,52.900000,25.021000,25.021000,120,0.008333
49.000000,50,DY-SIN-003,DYNAMIC_SINUSOIDAL,55.446390,25.000000,DOWN,TRANSIENT,56.190000,53.200000,25.026000,25.026000,120,0.008333
50.000000,51,DY-SIN-003,DYNAMIC_SINUSOIDAL,55.000000,25.000000,DOWN,TRANSIENT,56.240000,53.500000,24.997000,24.997000,120,0.008333
51.000000,52,DY-SIN-003,DYNAMIC_SINUSOIDAL,54.539905,25.000000,DOWN,TRANSIENT,56.350000,53.600000,25.018000,25.018000,120,0.008333
52.000000,53,DY-SIN-003,DYNAMIC_SINUSOIDAL,54.067366,25.000000,DOWN,TRANSIENT,56.350000,53.000000,25.029000,25.029000,120,0.008333
53.000000,54,DY-SIN-003,DYNAMIC_SINUSOIDAL,53.583679,25.000000,DOWN,TRANSIENT,56.370000,53.500000,25.025000,25.025000,120,0.008333
54.000000,55,DY-SIN-003,DYNAMIC_SINUSOIDAL,53.090170,25.000000,DOWN,TRANSIENT,56.350000,53.500000,25.033000,25.033000,120,0.008333
55.000000,56,DY-SIN-003,DYNAMIC_SINUSOIDAL,52.588190,25.000000,DOWN,TRANSIENT,56.370000,53.800000,25.026000,25.026000,120,0.008333
56.000000,57,DY-SIN-003,DYNAMIC_SINUSOIDAL,52.079117,25.000000,DOWN,TRANSIENT,56.310000,54.300000,25.012000,25.012000,120,0.008333
57.000000,58,DY-SIN-003,DYNAMIC_SINUSOIDAL,51.564345,25.000000,DOWN,TRANSIENT,56.370000,54.000000,24.998000,24.998000,120,0.008333
58.000000,59,DY-SIN-003,DYNAMIC_SINUSOIDAL,51.045285,25.000000,DOWN,TRANSIENT,56.230000,54.000000,25.054000,25.054000,120,0.008333
59.000000,60,DY-SIN-003,DYNAMIC_SINUSOIDAL,50.523360,25.000000,DOWN,TRANSIENT,56.210000,53.800000,24.999000,24.999000,120,0.008333
60.000000,61,DY-SIN-003,DYNAMIC_SINUSOIDAL,50.000000,25.000000,DOWN,TRANSIENT,56.010000,54.600000,24.973000,24.973000,120,0.008333
61.000000,62,DY-SIN-003,DYNAMIC_SINUSOIDAL,49.476640,25.000000,DOWN,TRANSIENT,55.980000,53.900000,25.059000,25.059000,120,0.008333
62.000000,63,DY-SIN-003,DYNAMIC_SINUSOIDAL,48.954715,25.000000,DOWN,TRANSIENT,55.910000,54.000000,25.040000,25.040000,120,0.008333
63.000000,64,DY-SIN-003,DYNAMIC_SINUSOIDAL,48.435655,25.000000,DOWN,TRANSIENT,55.740000,54.200000,25.037000,25.037000,120,0.008333
64.000000,65,DY-SIN-003,DYNAMIC_SINUSOIDAL,47.920883,25.000000,DOWN,TRANSIENT,55.660000,54.000000,25.034000,25.034000,120,0.008333
65.000000,66,DY-SIN-003,DYNAMIC_SINUSOIDAL,47.411810,25.000000,DOWN,TRANSIENT,55.440000,54.400000,25.026000,25.026000,120,0.008333
66.000000,67,DY-SIN-003,DYNAMIC_SINUSOIDAL,46.909830,25.000000,DOWN,TRANSIENT,55.320000,54.400000,25.024000,25.024000,120,0.008333
67.000000,68,DY-SIN-003,DYNAMIC_SINUSOIDAL,46.416321,25.000000,DOWN,TRANSIENT,55.090000,54.200000,25.040000,25.040000,120,0.008333
68.000000,69,DY-SIN-003,DYNAMIC_SINUSOIDAL,45.932634,25.000000,DOWN,TRANSIENT,54.900000,54.200000,25.052000,25.052000,120,0.008333
69.000000,70,DY-SIN-003,DYNAMIC_SINUSOIDAL,45.460095,25.000000,DOWN,TRANSIENT,54.830000,53.600000,24.990000,24.990000,120,0.008333
70.000000,71,DY-SIN-003,DYNAMIC_SINUSOIDAL,45.000000,25.000000,DOWN,TRANSIENT,54.640000,54.600000,24.975000,24.975000,120,0.008333
71.000000,72,DY-SIN-003,DYNAMIC_SINUSOIDAL,44.553610,25.000000,DOWN,TRANSIENT,54.380000,54.400000,25.043000,25.043000,120,0.008333
72.000000,73,DY-SIN-003,DYNAMIC_SINUSOIDAL,44.122147,25.000000,DOWN,TRANSIENT,54.150000,54.100000,24.990000,24.990000,120,0.008333
73.000000,74,DY-SIN-003,DYNAMIC_SINUSOIDAL,43.706796,25.000000,DOWN,TRANSIENT,53.880000,54.000000,24.963000,24.963000,120,0.008333
74.000000,75,DY-SIN-003,DYNAMIC_SINUSOIDAL,43.308694,25.000000,DOWN,TRANSIENT,53.680000,53.700000,25.032000,25.032000,120,0.008333
75.000000,76,DY-SIN-003,DYNAMIC_SINUSOIDAL,42.928932,25.000000,DOWN,TRANSIENT,53.480000,53.500000,25.021000,25.021000,120,0.008333
76.000000,77,DY-SIN-003,DYNAMIC_SINUSOIDAL,42.568552,25.000000,DOWN,TRANSIENT,53.140000,54.200000,25.056000,25.056000,120,0.008333
77.000000,78,DY-SIN-003,DYNAMIC_SINUSOIDAL,42.228540,25.000000,DOWN,TRANSIENT,52.950000,53.800000,25.026000,25.026000,120,0.008333
78.000000,79,DY-SIN-003,DYNAMIC_SINUSOIDAL,41.909830,25.000000,DOWN,TRANSIENT,52.590000,53.500000,25.035000,25.035000,120,0.008333
79.000000,80,DY-SIN-003,DYNAMIC_SINUSOIDAL,41.613294,25.000000,DOWN,TRANSIENT,52.450000,53.500000,25.018000,25.018000,120,0.008333
80.000000,81,DY-SIN-003,DYNAMIC_SINUSOIDAL,41.339746,25.000000,DOWN,TRANSIENT,52.160000,53.500000,25.013000,25.013000,120,0.008333
81.000000,82,DY-SIN-003,DYNAMIC_SINUSOIDAL,41.089935,25.000000,DOWN,TRANSIENT,51.850000,53.700000,25.000000,25.000000,120,0.008333
82.000000,83,DY-SIN-003,DYNAMIC_SINUSOIDAL,40.864545,25.000000,DOWN,TRANSIENT,51.650000,53.100000,25.056000,25.056000,120,0.008333
83.000000,84,DY-SIN-003,DYNAMIC_SINUSOIDAL,40.664196,25.000000,DOWN,TRANSIENT,51.350000,53.500000,25.003000,25.003000,120,0.008333
84.000000,85,DY-SIN-003,DYNAMIC_SINUSOIDAL,40.489435,25.000000,DOWN,TRANSIENT,51.050000,53.500000,25.016000,25.016000,120,0.008333
85.000000,86,DY-SIN-003,DYNAMIC_SINUSOIDAL,40.340742,25.000000,DOWN,TRANSIENT,50.780000,52.700000,25.005000,25.005000,120,0.008333
86.000000,87,DY-SIN-003,DYNAMIC_SINUSOIDAL,40.218524,25.000000,DOWN,TRANSIENT,50.560000,52.600000,25.061000,25.061000,120,0.008333
87.000000,88,DY-SIN-003,DYNAMIC_SINUSOIDAL,40.123117,25.000000,DOWN,TRANSIENT,50.200000,52.900000,25.013000,25.013000,120,0.008333
88.000000,89,DY-SIN-003,DYNAMIC_SINUSOIDAL,40.054781,25.000000,DOWN,TRANSIENT,49.870000,52.700000,25.014000,25.014000,120,0.008333
89.000000,90,DY-SIN-003,DYNAMIC_SINUSOIDAL,40.013705,25.000000,DOWN,TRANSIENT,49.610000,52.500000,25.041000,25.041000,120,0.008333
90.000000,91,DY-SIN-003,DYNAMIC_SINUSOIDAL,40.000000,25.000000,DOWN,TRANSIENT,49.360000,52.000000,24.994000,24.994000,120,0.008333
91.000000,92,DY-SIN-003,DYNAMIC_SINUSOIDAL,40.013705,25.000000,UP,TRANSIENT,49.070000,51.000000,25.013000,25.013000,120,0.008333
92.000000,93,DY-SIN-003,DYNAMIC_SINUSOIDAL,40.054781,25.000000,UP,TRANSIENT,48.760000,51.100000,25.026000,25.026000,120,0.008333
93.000000,94,DY-SIN-003,DYNAMIC_SINUSOIDAL,40.123117,25.000000,UP,TRANSIENT,48.470000,50.700000,25.066000,25.066000,120,0.008333
94.000000,95,DY-SIN-003,DYNAMIC_SINUSOIDAL,40.218524,25.000000,UP,TRANSIENT,48.180000,51.100000,24.976000,24.976000,120,0.008333
95.000000,96,DY-SIN-003,DYNAMIC_SINUSOIDAL,40.340742,25.000000,UP,TRANSIENT,47.980000,51.300000,25.011000,25.011000,120,0.008333
96.000000,97,DY-SIN-003,DYNAMIC_SINUSOIDAL,40.489435,25.000000,UP,TRANSIENT,47.700000,50.300000,25.016000,25.016000,120,0.008333
97.000000,98,DY-SIN-003,DYNAMIC_SINUSOIDAL,40.664196,25.000000,UP,TRANSIENT,47.500000,49.900000,24.973000,24.973000,120,0.008333
98.000000,99,DY-SIN-003,DYNAMIC_SINUSOIDAL,40.864545,25.000000,UP,TRANSIENT,47.260000,50.000000,25.073000,25.073000,120,0.008333
99.000000,100,DY-SIN-003,DYNAMIC_SINUSOIDAL,41.089935,25.000000,UP,TRANSIENT,47.130000,50.400000,25.008000,25.008000,120,0.008333
100.000000,101,DY-SIN-003,DYNAMIC_SINUSOIDAL,41.339746,25.000000,UP,TRANSIENT,46.880000,50.100000,25.001000,25.001000,120,0.008333
101.000000,102,DY-SIN-003,DYNAMIC_SINUSOIDAL,41.613294,25.000000,UP,TRANSIENT,46.800000,49.700000,25.044000,25.044000,120,0.008333
102.000000,103,DY-SIN-003,DYNAMIC_SINUSOIDAL,41.909830,25.000000,UP,TRANSIENT,46.560000,49.400000,25.048000,25.048000,120,0.008333
103.000000,104,DY-SIN-003,DYNAMIC_SINUSOIDAL,42.228540,25.000000,UP,TRANSIENT,46.350000,49.200000,25.052000,25.052000,120,0.008333
104.000000,105,DY-SIN-003,DYNAMIC_SINUSOIDAL,42.568552,25.000000,UP,TRANSIENT,46.220000,49.200000,25.000000,25.000000,120,0.008333
105.000000,106,DY-SIN-003,DYNAMIC_SINUSOIDAL,42.928932,25.000000,UP,TRANSIENT,45.960000,49.200000,24.984000,24.984000,120,0.008333
106.000000,107,DY-SIN-003,DYNAMIC_SINUSOIDAL,43.308694,25.000000,UP,TRANSIENT,45.860000,49.100000,25.053000,25.053000,120,0.008333
107.000000,108,DY-SIN-003,DYNAMIC_SINUSOIDAL,43.706796,25.000000,UP,TRANSIENT,45.830000,48.500000,25.031000,25.031000,120,0.008333
108.000000,109,DY-SIN-003,DYNAMIC_SINUSOIDAL,44.122147,25.000000,UP,TRANSIENT,45.740000,48.500000,25.076000,25.076000,120,0.008333
109.000000,110,DY-SIN-003,DYNAMIC_SINUSOIDAL,44.553610,25.000000,UP,TRANSIENT,45.610000,48.400000,24.989000,24.989000,120,0.008333
110.000000,111,DY-SIN-003,DYNAMIC_SINUSOIDAL,45.000000,25.000000,UP,TRANSIENT,45.570000,48.000000,24.953000,24.953000,120,0.008333
111.000000,112,DY-SIN-003,DYNAMIC_SINUSOIDAL,45.460095,25.000000,UP,TRANSIENT,45.410000,48.200000,25.005000,25.005000,120,0.008333
112.000000,113,DY-SIN-003,DYNAMIC_SINUSOIDAL,45.932634,25.000000,UP,TRANSIENT,45.380000,47.800000,25.009000,25.009000,120,0.008333
113.000000,114,DY-SIN-003,DYNAMIC_SINUSOIDAL,46.416321,25.000000,UP,TRANSIENT,45.310000,47.300000,24.989000,24.989000,120,0.008333
114.000000,115,DY-SIN-003,DYNAMIC_SINUSOIDAL,46.909830,25.000000,UP,TRANSIENT,45.300000,47.600000,25.002000,25.002000,120,0.008333
115.000000,116,DY-SIN-003,DYNAMIC_SINUSOIDAL,47.411810,25.000000,UP,TRANSIENT,45.290000,47.700000,25.009000,25.009000,120,0.008333
116.000000,117,DY-SIN-003,DYNAMIC_SINUSOIDAL,47.920883,25.000000,UP,TRANSIENT,45.240000,47.300000,25.005000,25.005000,120,0.008333
117.000000,118,DY-SIN-003,DYNAMIC_SINUSOIDAL,48.435655,25.000000,UP,TRANSIENT,45.210000,47.500000,25.052000,25.052000,120,0.008333
118.000000,119,DY-SIN-003,DYNAMIC_SINUSOIDAL,48.954715,25.000000,UP,TRANSIENT,45.270000,47.500000,25.049000,25.049000,120,0.008333
119.000000,120,DY-SIN-003,DYNAMIC_SINUSOIDAL,49.476640,25.000000,UP,TRANSIENT,45.240000,47.000000,25.061000,25.061000,120,0.008333
120.000000,121,DY-SIN-003,DYNAMIC_SINUSOIDAL,50.000000,25.000000,UP,TRANSIENT,45.400000,46.700000,25.026000,25.026000,120,0.008333
121.000000,122,DY-SIN-003,DYNAMIC_SINUSOIDAL,50.523360,25.000000,UP,TRANSIENT,45.400000,46.600000,25.002000,25.002000,120,0.008333
122.000000,123,DY-SIN-003,DYNAMIC_SINUSOIDAL,51.045285,25.000000,UP,TRANSIENT,45.560000,46.400000,25.037000,25.037000,120,0.008333
123.000000,124,DY-SIN-003,DYNAMIC_SINUSOIDAL,51.564345,25.000000,UP,TRANSIENT,45.540000,46.600000,25.005000,25.005000,120,0.008333
124.000000,125,DY-SIN-003,DYNAMIC_SINUSOIDAL,52.079117,25.000000,UP,TRANSIENT,45.630000,47.000000,24.970000,24.970000,120,0.008333
125.000000,126,DY-SIN-003,DYNAMIC_SINUSOIDAL,52.588190,25.000000,UP,TRANSIENT,45.780000,46.200000,25.083000,25.083000,120,0.008333
126.000000,127,DY-SIN-003,DYNAMIC_SINUSOIDAL,53.090170,25.000000,UP,TRANSIENT,45.790000,46.300000,24.986000,24.986000,120,0.008333
127.000000,128,DY-SIN-003,DYNAMIC_SINUSOIDAL,53.583679,25.000000,UP,TRANSIENT,46.000000,46.500000,25.012000,25.012000,120,0.008333
128.000000,129,DY-SIN-003,DYNAMIC_SINUSOIDAL,54.067366,25.000000,UP,TRANSIENT,46.180000,46.400000,25.031000,25.031000,120,0.008333
129.000000,130,DY-SIN-003,DYNAMIC_SINUSOIDAL,54.539905,25.000000,UP,TRANSIENT,46.350000,46.100000,25.000000,25.000000,120,0.008333
130.000000,131,DY-SIN-003,DYNAMIC_SINUSOIDAL,55.000000,25.000000,UP,TRANSIENT,46.550000,46.300000,25.045000,25.045000,120,0.008333
131.000000,132,DY-SIN-003,DYNAMIC_SINUSOIDAL,55.446390,25.000000,UP,TRANSIENT,46.630000,45.900000,25.007000,25.007000,120,0.008333
132.000000,133,DY-SIN-003,DYNAMIC_SINUSOIDAL,55.877853,25.000000,UP,TRANSIENT,46.890000,45.900000,25.023000,25.023000,120,0.008333
133.000000,134,DY-SIN-003,DYNAMIC_SINUSOIDAL,56.293204,25.000000,UP,TRANSIENT,46.970000,45.700000,25.030000,25.030000,120,0.008333
134.000000,135,DY-SIN-003,DYNAMIC_SINUSOIDAL,56.691306,25.000000,UP,TRANSIENT,47.220000,46.200000,24.997000,24.997000,120,0.008333
135.000000,136,DY-SIN-003,DYNAMIC_SINUSOIDAL,57.071068,25.000000,UP,TRANSIENT,47.430000,46.200000,25.043000,25.043000,120,0.008333
136.000000,137,DY-SIN-003,DYNAMIC_SINUSOIDAL,57.431448,25.000000,UP,TRANSIENT,47.580000,45.800000,25.023000,25.023000,120,0.008333
137.000000,138,DY-SIN-003,DYNAMIC_SINUSOIDAL,57.771460,25.000000,UP,TRANSIENT,47.820000,46.100000,24.996000,24.996000,120,0.008333
138.000000,139,DY-SIN-003,DYNAMIC_SINUSOIDAL,58.090170,25.000000,UP,TRANSIENT,48.100000,45.800000,25.041000,25.041000,120,0.008333
139.000000,140,DY-SIN-003,DYNAMIC_SINUSOIDAL,58.386706,25.000000,UP,TRANSIENT,48.290000,46.000000,24.979000,24.979000,120,0.008333
140.000000,141,DY-SIN-003,DYNAMIC_SINUSOIDAL,58.660254,25.000000,UP,TRANSIENT,48.600000,46.200000,25.010000,25.010000,120,0.008333
141.000000,142,DY-SIN-003,DYNAMIC_SINUSOIDAL,58.910065,25.000000,UP,TRANSIENT,48.740000,46.100000,25.012000,25.012000,120,0.008333
142.000000,143,DY-SIN-003,DYNAMIC_SINUSOIDAL,59.135455,25.000000,UP,TRANSIENT,49.030000,46.600000,24.965000,24.965000,120,0.008333
143.000000,144,DY-SIN-003,DYNAMIC_SINUSOIDAL,59.335804,25.000000,UP,TRANSIENT,49.310000,46.300000,25.027000,25.027000,120,0.008333
144.000000,145,DY-SIN-003,DYNAMIC_SINUSOIDAL,59.510565,25.000000,UP,TRANSIENT,49.500000,47.000000,24.959000,24.959000,120,0.008333
145.000000,146,DY-SIN-003,DYNAMIC_SINUSOIDAL,59.659258,25.000000,UP,TRANSIENT,49.860000,46.500000,25.064000,25.064000,120,0.008333
146.000000,147,DY-SIN-003,DYNAMIC_SINUSOIDAL,59.781476,25.000000,UP,TRANSIENT,50.080000,46.800000,25.036000,25.036000,120,0.008333
147.000000,148,DY-SIN-003,DYNAMIC_SINUSOIDAL,59.876883,25.000000,UP,TRANSIENT,50.330000,46.300000,25.016000,25.016000,120,0.008333
148.000000,149,DY-SIN-003,DYNAMIC_SINUSOIDAL,59.945219,25.000000,UP,TRANSIENT,50.620000,46.700000,25.033000,25.033000,120,0.008333
149.000000,150,DY-SIN-003,DYNAMIC_SINUSOIDAL,59.986295,25.000000,UP,TRANSIENT,50.890000,47.000000,25.021000,25.021000,120,0.008333
150.000000,151,DY-SIN-003,DYNAMIC_SINUSOIDAL,60.000000,25.000000,UP,TRANSIENT,51.200000,47.400000,25.028000,25.028000,120,0.008333
151.000000,152,DY-SIN-003,DYNAMIC_SINUSOIDAL,59.986295,25.000000,DOWN,TRANSIENT,51.470000,47.900000,25.073000,25.073000,120,0.008333
152.000000,153,DY-SIN-003,DYNAMIC_SINUSOIDAL,59.945219,25.000000,DOWN,TRANSIENT,51.680000,48.300000,24.963000,24.963000,120,0.008333
153.000000,154,DY-SIN-003,DYNAMIC_SINUSOIDAL,59.876883,25.000000,DOWN,TRANSIENT,51.990000,48.000000,25.048000,25.048000,120,0.008333
154.000000,155,DY-SIN-003,DYNAMIC_SINUSOIDAL,59.781476,25.000000,DOWN,TRANSIENT,52.170000,48.900000,25.026000,25.026000,120,0.008333
155.000000,156,DY-SIN-003,DYNAMIC_SINUSOIDAL,59.659258,25.000000,DOWN,TRANSIENT,52.350000,48.400000,24.978000,24.978000,120,0.008333
156.000000,157,DY-SIN-003,DYNAMIC_SINUSOIDAL,59.510565,25.000000,DOWN,TRANSIENT,52.520000,48.500000,24.979000,24.979000,120,0.008333
157.000000,158,DY-SIN-003,DYNAMIC_SINUSOIDAL,59.335804,25.000000,DOWN,TRANSIENT,52.740000,48.900000,25.040000,25.040000,120,0.008333
158.000000,159,DY-SIN-003,DYNAMIC_SINUSOIDAL,59.135455,25.000000,DOWN,TRANSIENT,53.080000,49.400000,25.080000,25.080000,120,0.008333
159.000000,160,DY-SIN-003,DYNAMIC_SINUSOIDAL,58.910065,25.000000,DOWN,TRANSIENT,53.270000,49.300000,24.989000,24.989000,120,0.008333
160.000000,161,DY-SIN-003,DYNAMIC_SINUSOIDAL,58.660254,25.000000,DOWN,TRANSIENT,53.490000,49.100000,25.011000,25.011000,120,0.008333
161.000000,162,DY-SIN-003,DYNAMIC_SINUSOIDAL,58.386706,25.000000,DOWN,TRANSIENT,53.710000,49.500000,25.041000,25.041000,120,0.008333
162.000000,163,DY-SIN-003,DYNAMIC_SINUSOIDAL,58.090170,25.000000,DOWN,TRANSIENT,53.890000,49.800000,24.988000,24.988000,120,0.008333
163.000000,164,DY-SIN-003,DYNAMIC_SINUSOIDAL,57.771460,25.000000,DOWN,TRANSIENT,54.130000,50.000000,24.967000,24.967000,120,0.008333
164.000000,165,DY-SIN-003,DYNAMIC_SINUSOIDAL,57.431448,25.000000,DOWN,TRANSIENT,54.300000,50.500000,25.045000,25.045000,120,0.008333
165.000000,166,DY-SIN-003,DYNAMIC_SINUSOIDAL,57.071068,25.000000,DOWN,TRANSIENT,54.380000,50.300000,25.020000,25.020000,120,0.008333
166.000000,167,DY-SIN-003,DYNAMIC_SINUSOIDAL,56.691306,25.000000,DOWN,TRANSIENT,54.550000,50.700000,24.963000,24.963000,120,0.008333
167.000000,168,DY-SIN-003,DYNAMIC_SINUSOIDAL,56.293204,25.000000,DOWN,TRANSIENT,54.750000,50.600000,25.014000,25.014000,120,0.008333
168.000000,169,DY-SIN-003,DYNAMIC_SINUSOIDAL,55.877853,25.000000,DOWN,TRANSIENT,54.840000,50.700000,25.064000,25.064000,120,0.008333
169.000000,170,DY-SIN-003,DYNAMIC_SINUSOIDAL,55.446390,25.000000,DOWN,TRANSIENT,54.880000,51.300000,25.020000,25.020000,120,0.008333
170.000000,171,DY-SIN-003,DYNAMIC_SINUSOIDAL,55.000000,25.000000,DOWN,TRANSIENT,55.090000,50.800000,25.062000,25.062000,120,0.008333
171.000000,172,DY-SIN-003,DYNAMIC_SINUSOIDAL,54.539905,25.000000,DOWN,TRANSIENT,55.130000,51.300000,25.037000,25.037000,120,0.008333
172.000000,173,DY-SIN-003,DYNAMIC_SINUSOIDAL,54.067366,25.000000,DOWN,TRANSIENT,55.150000,51.500000,25.048000,25.048000,120,0.008333
173.000000,174,DY-SIN-003,DYNAMIC_SINUSOIDAL,53.583679,25.000000,DOWN,TRANSIENT,55.290000,51.200000,25.009000,25.009000,120,0.008333
174.000000,175,DY-SIN-003,DYNAMIC_SINUSOIDAL,53.090170,25.000000,DOWN,TRANSIENT,55.320000,51.300000,25.103000,25.103000,120,0.008333
175.000000,176,DY-SIN-003,DYNAMIC_SINUSOIDAL,52.588190,25.000000,DOWN,TRANSIENT,55.350000,51.800000,25.015000,25.015000,120,0.008333
176.000000,177,DY-SIN-003,DYNAMIC_SINUSOIDAL,52.079117,25.000000,DOWN,TRANSIENT,55.340000,51.700000,25.055000,25.055000,120,0.008333
177.000000,178,DY-SIN-003,DYNAMIC_SINUSOIDAL,51.564345,25.000000,DOWN,TRANSIENT,55.280000,52.200000,25.025000,25.025000,120,0.008333
178.000000,179,DY-SIN-003,DYNAMIC_SINUSOIDAL,51.045285,25.000000,DOWN,TRANSIENT,55.240000,51.900000,24.987000,24.987000,120,0.008333
179.000000,180,DY-SIN-003,DYNAMIC_SINUSOIDAL,50.523360,25.000000,DOWN,TRANSIENT,55.310000,52.600000,25.013000,25.013000,120,0.008333
180.000000,181,DY-SIN-003,DYNAMIC_SINUSOIDAL,50.000000,25.000000,DOWN,TRANSIENT,55.230000,52.300000,25.035000,25.035000,120,0.008333
181.000000,182,DY-SIN-003,DYNAMIC_SINUSOIDAL,49.476640,25.000000,DOWN,TRANSIENT,55.250000,52.500000,25.015000,25.015000,120,0.008333
182.000000,183,DY-SIN-003,DYNAMIC_SINUSOIDAL,48.954715,25.000000,DOWN,TRANSIENT,55.090000,52.600000,25.008000,25.008000,120,0.008333
183.000000,184,DY-SIN-003,DYNAMIC_SINUSOIDAL,48.435655,25.000000,DOWN,TRANSIENT,54.960000,52.300000,25.009000,25.009000,120,0.008333
184.000000,185,DY-SIN-003,DYNAMIC_SINUSOIDAL,47.920883,25.000000,DOWN,TRANSIENT,54.950000,52.700000,24.991000,24.991000,120,0.008333
185.000000,186,DY-SIN-003,DYNAMIC_SINUSOIDAL,47.411810,25.000000,DOWN,TRANSIENT,54.790000,53.200000,25.002000,25.002000,120,0.008333
186.000000,187,DY-SIN-003,DYNAMIC_SINUSOIDAL,46.909830,25.000000,DOWN,TRANSIENT,54.610000,53.300000,25.079000,25.079000,120,0.008333
187.000000,188,DY-SIN-003,DYNAMIC_SINUSOIDAL,46.416321,25.000000,DOWN,TRANSIENT,54.570000,53.700000,25.025000,25.025000,120,0.008333
188.000000,189,DY-SIN-003,DYNAMIC_SINUSOIDAL,45.932634,25.000000,DOWN,TRANSIENT,54.330000,52.900000,24.968000,24.968000,120,0.008333
189.000000,190,DY-SIN-003,DYNAMIC_SINUSOIDAL,45.460095,25.000000,DOWN,TRANSIENT,54.210000,53.100000,24.985000,24.985000,120,0.008333
190.000000,191,DY-SIN-003,DYNAMIC_SINUSOIDAL,45.000000,25.000000,DOWN,TRANSIENT,53.960000,53.300000,25.021000,25.021000,120,0.008333
191.000000,192,DY-SIN-003,DYNAMIC_SINUSOIDAL,44.553610,25.000000,DOWN,TRANSIENT,53.790000,52.900000,25.026000,25.026000,120,0.008333
192.000000,193,DY-SIN-003,DYNAMIC_SINUSOIDAL,44.122147,25.000000,DOWN,TRANSIENT,53.620000,53.000000,25.033000,25.033000,120,0.008333
193.000000,194,DY-SIN-003,DYNAMIC_SINUSOIDAL,43.706796,25.000000,DOWN,TRANSIENT,53.410000,52.800000,25.052000,25.052000,120,0.008333
194.000000,195,DY-SIN-003,DYNAMIC_SINUSOIDAL,43.308694,25.000000,DOWN,TRANSIENT,53.210000,53.100000,24.950000,24.950000,120,0.008333
195.000000,196,DY-SIN-003,DYNAMIC_SINUSOIDAL,42.928932,25.000000,DOWN,TRANSIENT,52.860000,53.200000,25.027000,25.027000,120,0.008333
196.000000,197,DY-SIN-003,DYNAMIC_SINUSOIDAL,42.568552,25.000000,DOWN,TRANSIENT,52.690000,52.900000,24.980000,24.980000,120,0.008333
197.000000,198,DY-SIN-003,DYNAMIC_SINUSOIDAL,42.228540,25.000000,DOWN,TRANSIENT,52.540000,52.900000,24.972000,24.972000,120,0.008333
198.000000,199,DY-SIN-003,DYNAMIC_SINUSOIDAL,41.909830,25.000000,DOWN,TRANSIENT,52.240000,52.700000,25.034000,25.034000,120,0.008333
199.000000,200,DY-SIN-003,DYNAMIC_SINUSOIDAL,41.613294,25.000000,DOWN,TRANSIENT,52.020000,52.700000,24.989000,24.989000,120,0.008333
200.000000,201,DY-SIN-003,DYNAMIC_SINUSOIDAL,41.339746,25.000000,DOWN,TRANSIENT,51.760000,53.100000,25.019000,25.019000,120,0.008333
201.000000,202,DY-SIN-003,DYNAMIC_SINUSOIDAL,41.089935,25.000000,DOWN,TRANSIENT,51.480000,52.900000,24.976000,24.976000,120,0.008333
202.000000,203,DY-SIN-003,DYNAMIC_SINUSOIDAL,40.864545,25.000000,DOWN,TRANSIENT,51.210000,52.200000,25.026000,25.026000,120,0.008333
203.000000,204,DY-SIN-003,DYNAMIC_SINUSOIDAL,40.664196,25.000000,DOWN,TRANSIENT,50.920000,52.700000,24.994000,24.994000,120,0.008333
204.000000,205,DY-SIN-003,DYNAMIC_SINUSOIDAL,40.489435,25.000000,DOWN,TRANSIENT,50.680000,52.400000,25.000000,25.000000,120,0.008333
205.000000,206,DY-SIN-003,DYNAMIC_SINUSOIDAL,40.340742,25.000000,DOWN,TRANSIENT,50.380000,52.200000,24.998000,24.998000,120,0.008333
206.000000,207,DY-SIN-003,DYNAMIC_SINUSOIDAL,40.218524,25.000000,DOWN,TRANSIENT,49.980000,51.800000,25.043000,25.043000,120,0.008333
207.000000,208,DY-SIN-003,DYNAMIC_SINUSOIDAL,40.123117,25.000000,DOWN,TRANSIENT,49.750000,51.600000,24.995000,24.995000,120,0.008333
208.000000,209,DY-SIN-003,DYNAMIC_SINUSOIDAL,40.054781,25.000000,DOWN,TRANSIENT,49.440000,51.700000,25.032000,25.032000,120,0.008333
209.000000,210,DY-SIN-003,DYNAMIC_SINUSOIDAL,40.013705,25.000000,DOWN,TRANSIENT,49.250000,51.500000,25.011000,25.011000,120,0.008333
210.000000,211,DY-SIN-003,DYNAMIC_SINUSOIDAL,40.000000,25.000000,DOWN,TRANSIENT,48.890000,51.700000,25.036000,25.036000,120,0.008333
211.000000,212,DY-SIN-003,DYNAMIC_SINUSOIDAL,40.013705,25.000000,UP,TRANSIENT,48.660000,50.500000,25.000000,25.000000,120,0.008333
212.000000,213,DY-SIN-003,DYNAMIC_SINUSOIDAL,40.054781,25.000000,UP,TRANSIENT,48.400000,50.100000,24.969000,24.969000,120,0.008333
213.000000,214,DY-SIN-003,DYNAMIC_SINUSOIDAL,40.123117,25.000000,UP,TRANSIENT,48.190000,50.200000,25.055000,25.055000,120,0.008333
214.000000,215,DY-SIN-003,DYNAMIC_SINUSOIDAL,40.218524,25.000000,UP,TRANSIENT,48.000000,50.200000,25.064000,25.064000,120,0.008333
215.000000,216,DY-SIN-003,DYNAMIC_SINUSOIDAL,40.340742,25.000000,UP,TRANSIENT,47.760000,50.100000,25.017000,25.017000,120,0.008333
216.000000,217,DY-SIN-003,DYNAMIC_SINUSOIDAL,40.489435,25.000000,UP,TRANSIENT,47.640000,50.000000,25.018000,25.018000,120,0.008333
217.000000,218,DY-SIN-003,DYNAMIC_SINUSOIDAL,40.664196,25.000000,UP,TRANSIENT,47.350000,50.200000,25.020000,25.020000,120,0.008333
218.000000,219,DY-SIN-003,DYNAMIC_SINUSOIDAL,40.864545,25.000000,UP,TRANSIENT,47.100000,50.000000,25.065000,25.065000,120,0.008333
219.000000,220,DY-SIN-003,DYNAMIC_SINUSOIDAL,41.089935,25.000000,UP,TRANSIENT,46.910000,49.500000,25.028000,25.028000,120,0.008333
220.000000,221,DY-SIN-003,DYNAMIC_SINUSOIDAL,41.339746,25.000000,UP,TRANSIENT,46.720000,49.100000,24.981000,24.981000,120,0.008333
221.000000,222,DY-SIN-003,DYNAMIC_SINUSOIDAL,41.613294,25.000000,UP,TRANSIENT,46.470000,49.600000,25.014000,25.014000,120,0.008333
222.000000,223,DY-SIN-003,DYNAMIC_SINUSOIDAL,41.909830,25.000000,UP,TRANSIENT,46.340000,49.300000,25.035000,25.035000,120,0.008333
223.000000,224,DY-SIN-003,DYNAMIC_SINUSOIDAL,42.228540,25.000000,UP,TRANSIENT,46.110000,49.100000,25.027000,25.027000,120,0.008333
224.000000,225,DY-SIN-003,DYNAMIC_SINUSOIDAL,42.568552,25.000000,UP,TRANSIENT,45.930000,48.700000,25.009000,25.009000,120,0.008333
225.000000,226,DY-SIN-003,DYNAMIC_SINUSOIDAL,42.928932,25.000000,UP,TRANSIENT,45.890000,48.400000,25.034000,25.034000,120,0.008333
226.000000,227,DY-SIN-003,DYNAMIC_SINUSOIDAL,43.308694,25.000000,UP,TRANSIENT,45.720000,48.600000,25.000000,25.000000,120,0.008333
227.000000,228,DY-SIN-003,DYNAMIC_SINUSOIDAL,43.706796,25.000000,UP,TRANSIENT,45.600000,48.100000,25.018000,25.018000,120,0.008333
228.000000,229,DY-SIN-003,DYNAMIC_SINUSOIDAL,44.122147,25.000000,UP,TRANSIENT,45.500000,48.000000,25.010000,25.010000,120,0.008333
229.000000,230,DY-SIN-003,DYNAMIC_SINUSOIDAL,44.553610,25.000000,UP,TRANSIENT,45.390000,47.700000,25.038000,25.038000,120,0.008333
230.000000,231,DY-SIN-003,DYNAMIC_SINUSOIDAL,45.000000,25.000000,UP,TRANSIENT,45.410000,47.800000,25.028000,25.028000,120,0.008333
231.000000,232,DY-SIN-003,DYNAMIC_SINUSOIDAL,45.460095,25.000000,UP,TRANSIENT,45.320000,47.400000,24.994000,24.994000,120,0.008333
232.000000,233,DY-SIN-003,DYNAMIC_SINUSOIDAL,45.932634,25.000000,UP,TRANSIENT,45.220000,47.600000,25.030000,25.030000,120,0.008333
233.000000,234,DY-SIN-003,DYNAMIC_SINUSOIDAL,46.416321,25.000000,UP,TRANSIENT,45.120000,47.600000,25.073000,25.073000,120,0.008333
234.000000,235,DY-SIN-003,DYNAMIC_SINUSOIDAL,46.909830,25.000000,UP,TRANSIENT,45.180000,47.300000,24.988000,24.988000,120,0.008333
235.000000,236,DY-SIN-003,DYNAMIC_SINUSOIDAL,47.411810,25.000000,UP,TRANSIENT,45.170000,46.700000,25.055000,25.055000,120,0.008333
236.000000,237,DY-SIN-003,DYNAMIC_SINUSOIDAL,47.920883,25.000000,UP,TRANSIENT,45.100000,47.400000,24.986000,24.986000,120,0.008333
237.000000,238,DY-SIN-003,DYNAMIC_SINUSOIDAL,48.435655,25.000000,UP,TRANSIENT,45.130000,46.700000,25.041000,25.041000,120,0.008333
238.000000,239,DY-SIN-003,DYNAMIC_SINUSOIDAL,48.954715,25.000000,UP,TRANSIENT,45.160000,46.900000,25.046000,25.046000,120,0.008333
239.000000,240,DY-SIN-003,DYNAMIC_SINUSOIDAL,49.476640,25.000000,UP,TRANSIENT,45.200000,46.400000,25.018000,25.018000,120,0.008333
240.000000,241,DY-SIN-003,DYNAMIC_SINUSOIDAL,50.000000,25.000000,UP,TRANSIENT,45.250000,46.500000,25.014000,25.014000,120,0.008333
241.000000,242,DY-SIN-003,DYNAMIC_SINUSOIDAL,50.523360,25.000000,UP,TRANSIENT,45.310000,46.600000,24.971000,24.971000,120,0.008333
242.000000,243,DY-SIN-003,DYNAMIC_SINUSOIDAL,51.045285,25.000000,UP,TRANSIENT,45.320000,46.200000,25.019000,25.019000,120,0.008333
243.000000,244,DY-SIN-003,DYNAMIC_SINUSOIDAL,51.564345,25.000000,UP,TRANSIENT,45.460000,46.100000,25.014000,25.014000,120,0.008333
244.000000,245,DY-SIN-003,DYNAMIC_SINUSOIDAL,52.079117,25.000000,UP,TRANSIENT,45.570000,46.800000,25.021000,25.021000,120,0.008333
245.000000,246,DY-SIN-003,DYNAMIC_SINUSOIDAL,52.588190,25.000000,UP,TRANSIENT,45.720000,45.900000,24.993000,24.993000,120,0.008333
246.000000,247,DY-SIN-003,DYNAMIC_SINUSOIDAL,53.090170,25.000000,UP,TRANSIENT,45.790000,45.900000,25.029000,25.029000,120,0.008333
247.000000,248,DY-SIN-003,DYNAMIC_SINUSOIDAL,53.583679,25.000000,UP,TRANSIENT,45.900000,45.900000,25.041000,25.041000,120,0.008333
248.000000,249,DY-SIN-003,DYNAMIC_SINUSOIDAL,54.067366,25.000000,UP,TRANSIENT,46.110000,45.900000,25.057000,25.057000,120,0.008333
249.000000,250,DY-SIN-003,DYNAMIC_SINUSOIDAL,54.539905,25.000000,UP,TRANSIENT,46.300000,45.800000,25.009000,25.009000,120,0.008333
250.000000,251,DY-SIN-003,DYNAMIC_SINUSOIDAL,55.000000,25.000000,UP,TRANSIENT,46.500000,45.800000,25.093000,25.093000,120,0.008333
251.000000,252,DY-SIN-003,DYNAMIC_SINUSOIDAL,55.446390,25.000000,UP,TRANSIENT,46.560000,46.200000,25.007000,25.007000,120,0.008333
252.000000,253,DY-SIN-003,DYNAMIC_SINUSOIDAL,55.877853,25.000000,UP,TRANSIENT,46.740000,46.000000,25.007000,25.007000,120,0.008333
253.000000,254,DY-SIN-003,DYNAMIC_SINUSOIDAL,56.293204,25.000000,UP,TRANSIENT,46.890000,46.300000,25.017000,25.017000,120,0.008333
254.000000,255,DY-SIN-003,DYNAMIC_SINUSOIDAL,56.691306,25.000000,UP,TRANSIENT,47.120000,46.100000,25.035000,25.035000,120,0.008333
255.000000,256,DY-SIN-003,DYNAMIC_SINUSOIDAL,57.071068,25.000000,UP,TRANSIENT,47.340000,45.600000,25.007000,25.007000,120,0.008333
256.000000,257,DY-SIN-003,DYNAMIC_SINUSOIDAL,57.431448,25.000000,UP,TRANSIENT,47.570000,45.500000,25.036000,25.036000,120,0.008333
257.000000,258,DY-SIN-003,DYNAMIC_SINUSOIDAL,57.771460,25.000000,UP,TRANSIENT,47.830000,46.200000,24.998000,24.998000,120,0.008333
258.000000,259,DY-SIN-003,DYNAMIC_SINUSOIDAL,58.090170,25.000000,UP,TRANSIENT,48.020000,45.800000,24.979000,24.979000,120,0.008333
259.000000,260,DY-SIN-003,DYNAMIC_SINUSOIDAL,58.386706,25.000000,UP,TRANSIENT,48.300000,45.400000,25.003000,25.003000,120,0.008333
260.000000,261,DY-SIN-003,DYNAMIC_SINUSOIDAL,58.660254,25.000000,UP,TRANSIENT,48.500000,46.100000,25.051000,25.051000,120,0.008333
261.000000,262,DY-SIN-003,DYNAMIC_SINUSOIDAL,58.910065,25.000000,UP,TRANSIENT,48.760000,45.900000,25.056000,25.056000,120,0.008333
262.000000,263,DY-SIN-003,DYNAMIC_SINUSOIDAL,59.135455,25.000000,UP,TRANSIENT,49.040000,46.300000,25.036000,25.036000,120,0.008333
263.000000,264,DY-SIN-003,DYNAMIC_SINUSOIDAL,59.335804,25.000000,UP,TRANSIENT,49.310000,45.900000,25.048000,25.048000,120,0.008333
264.000000,265,DY-SIN-003,DYNAMIC_SINUSOIDAL,59.510565,25.000000,UP,TRANSIENT,49.550000,46.400000,25.012000,25.012000,120,0.008333
265.000000,266,DY-SIN-003,DYNAMIC_SINUSOIDAL,59.659258,25.000000,UP,TRANSIENT,49.760000,46.000000,25.016000,25.016000,120,0.008333
266.000000,267,DY-SIN-003,DYNAMIC_SINUSOIDAL,59.781476,25.000000,UP,TRANSIENT,49.930000,46.400000,25.067000,25.067000,120,0.008333
267.000000,268,DY-SIN-003,DYNAMIC_SINUSOIDAL,59.876883,25.000000,UP,TRANSIENT,50.270000,46.700000,25.002000,25.002000,120,0.008333
268.000000,269,DY-SIN-003,DYNAMIC_SINUSOIDAL,59.945219,25.000000,UP,TRANSIENT,50.600000,46.600000,25.087000,25.087000,120,0.008333
269.000000,270,DY-SIN-003,DYNAMIC_SINUSOIDAL,59.986295,25.000000,UP,TRANSIENT,50.820000,47.200000,24.964000,24.964000,120,0.008333
270.000000,271,DY-SIN-003,DYNAMIC_SINUSOIDAL,60.000000,25.000000,UP,TRANSIENT,51.040000,46.600000,25.065000,25.065000,120,0.008333
271.000000,272,DY-SIN-003,DYNAMIC_SINUSOIDAL,59.986295,25.000000,DOWN,TRANSIENT,51.390000,47.900000,25.052000,25.052000,120,0.008333
272.000000,273,DY-SIN-003,DYNAMIC_SINUSOIDAL,59.945219,25.000000,DOWN,TRANSIENT,51.590000,47.500000,25.026000,25.026000,120,0.008333
273.000000,274,DY-SIN-003,DYNAMIC_SINUSOIDAL,59.876883,25.000000,DOWN,TRANSIENT,51.820000,48.100000,25.085000,25.085000,120,0.008333
274.000000,275,DY-SIN-003,DYNAMIC_SINUSOIDAL,59.781476,25.000000,DOWN,TRANSIENT,52.120000,48.100000,25.054000,25.054000,120,0.008333
275.000000,276,DY-SIN-003,DYNAMIC_SINUSOIDAL,59.659258,25.000000,DOWN,TRANSIENT,52.300000,48.200000,25.007000,25.007000,120,0.008333
276.000000,277,DY-SIN-003,DYNAMIC_SINUSOIDAL,59.510565,25.000000,DOWN,TRANSIENT,52.510000,48.600000,25.010000,25.010000,120,0.008333
277.000000,278,DY-SIN-003,DYNAMIC_SINUSOIDAL,59.335804,25.000000,DOWN,TRANSIENT,52.780000,48.700000,25.046000,25.046000,120,0.008333
278.000000,279,DY-SIN-003,DYNAMIC_SINUSOIDAL,59.135455,25.000000,DOWN,TRANSIENT,53.060000,48.700000,25.006000,25.006000,120,0.008333
279.000000,280,DY-SIN-003,DYNAMIC_SINUSOIDAL,58.910065,25.000000,DOWN,TRANSIENT,53.270000,48.900000,24.960000,24.960000,120,0.008333
280.000000,281,DY-SIN-003,DYNAMIC_SINUSOIDAL,58.660254,25.000000,DOWN,TRANSIENT,53.460000,49.500000,25.028000,25.028000,120,0.008333
281.000000,282,DY-SIN-003,DYNAMIC_SINUSOIDAL,58.386706,25.000000,DOWN,TRANSIENT,53.660000,49.300000,25.005000,25.005000,120,0.008333
282.000000,283,DY-SIN-003,DYNAMIC_SINUSOIDAL,58.090170,25.000000,DOWN,TRANSIENT,53.930000,49.200000,25.008000,25.008000,120,0.008333
283.000000,284,DY-SIN-003,DYNAMIC_SINUSOIDAL,57.771460,25.000000,DOWN,TRANSIENT,54.060000,49.600000,25.015000,25.015000,120,0.008333
284.000000,285,DY-SIN-003,DYNAMIC_SINUSOIDAL,57.431448,25.000000,DOWN,TRANSIENT,54.160000,50.000000,25.033000,25.033000,120,0.008333
285.000000,286,DY-SIN-003,DYNAMIC_SINUSOIDAL,57.071068,25.000000,DOWN,TRANSIENT,54.370000,50.000000,25.014000,25.014000,120,0.008333
286.000000,287,DY-SIN-003,DYNAMIC_SINUSOIDAL,56.691306,25.000000,DOWN,TRANSIENT,54.650000,50.700000,25.019000,25.019000,120,0.008333
287.000000,288,DY-SIN-003,DYNAMIC_SINUSOIDAL,56.293204,25.000000,DOWN,TRANSIENT,54.660000,50.800000,25.064000,25.064000,120,0.008333
288.000000,289,DY-SIN-003,DYNAMIC_SINUSOIDAL,55.877853,25.000000,DOWN,TRANSIENT,54.790000,50.600000,24.980000,24.980000,120,0.008333
289.000000,290,DY-SIN-003,DYNAMIC_SINUSOIDAL,55.446390,25.000000,DOWN,TRANSIENT,54.900000,51.000000,24.957000,24.957000,120,0.008333
290.000000,291,DY-SIN-003,DYNAMIC_SINUSOIDAL,55.000000,25.000000,DOWN,TRANSIENT,55.020000,50.800000,25.016000,25.016000,120,0.008333
291.000000,292,DY-SIN-003,DYNAMIC_SINUSOIDAL,54.539905,25.000000,DOWN,TRANSIENT,55.130000,51.500000,24.987000,24.987000,120,0.008333
292.000000,293,DY-SIN-003,DYNAMIC_SINUSOIDAL,54.067366,25.000000,DOWN,TRANSIENT,55.190000,51.500000,25.030000,25.030000,120,0.008333
293.000000,294,DY-SIN-003,DYNAMIC_SINUSOIDAL,53.583679,25.000000,DOWN,TRANSIENT,55.240000,51.900000,25.011000,25.011000,120,0.008333
294.000000,295,DY-SIN-003,DYNAMIC_SINUSOIDAL,53.090170,25.000000,DOWN,TRANSIENT,55.320000,51.400000,25.028000,25.028000,120,0.008333
295.000000,296,DY-SIN-003,DYNAMIC_SINUSOIDAL,52.588190,25.000000,DOWN,TRANSIENT,55.330000,52.000000,25.093000,25.093000,120,0.008333
296.000000,297,DY-SIN-003,DYNAMIC_SINUSOIDAL,52.079117,25.000000,DOWN,TRANSIENT,55.350000,51.900000,25.012000,25.012000,120,0.008333
297.000000,298,DY-SIN-003,DYNAMIC_SINUSOIDAL,51.564345,25.000000,DOWN,TRANSIENT,55.390000,52.500000,25.026000,25.026000,120,0.008333
298.000000,299,DY-SIN-003,DYNAMIC_SINUSOIDAL,51.045285,25.000000,DOWN,TRANSIENT,55.280000,52.200000,24.985000,24.985000,120,0.008333
299.000000,300,DY-SIN-003,DYNAMIC_SINUSOIDAL,50.523360,25.000000,DOWN,TRANSIENT,55.300000,52.400000,25.026000,25.026000,120,0.008333
300.000000,301,DY-SIN-003,DYNAMIC_SINUSOIDAL,50.000000,25.000000,DOWN,TRANSIENT,55.270000,52.600000,25.032000,25.032000,120,0.008333
301.000000,302,DY-SIN-003,DYNAMIC_SINUSOIDAL,49.476640,25.000000,DOWN,TRANSIENT,55.110000,52.100000,25.055000,25.055000,120,0.008333
302.000000,303,DY-SIN-003,DYNAMIC_SINUSOIDAL,48.954715,25.000000,DOWN,TRANSIENT,55.030000,52.400000,25.056000,25.056000,120,0.008333
303.000000,304,DY-SIN-003,DYNAMIC_SINUSOIDAL,48.435655,25.000000,DOWN,TRANSIENT,54.940000,52.400000,25.028000,25.028000,120,0.008333
304.000000,305,DY-SIN-003,DYNAMIC_SINUSOIDAL,47.920883,25.000000,DOWN,TRANSIENT,54.860000,53.200000,24.984000,24.984000,120,0.008333
305.000000,306,DY-SIN-003,DYNAMIC_SINUSOIDAL,47.411810,25.000000,DOWN,TRANSIENT,54.750000,52.900000,25.050000,25.050000,120,0.008333
306.000000,307,DY-SIN-003,DYNAMIC_SINUSOIDAL,46.909830,25.000000,DOWN,TRANSIENT,54.580000,52.900000,25.087000,25.087000,120,0.008333
307.000000,308,DY-SIN-003,DYNAMIC_SINUSOIDAL,46.416321,25.000000,DOWN,TRANSIENT,54.530000,53.200000,25.036000,25.036000,120,0.008333
308.000000,309,DY-SIN-003,DYNAMIC_SINUSOIDAL,45.932634,25.000000,DOWN,TRANSIENT,54.330000,52.700000,25.026000,25.026000,120,0.008333
309.000000,310,DY-SIN-003,DYNAMIC_SINUSOIDAL,45.460095,25.000000,DOWN,TRANSIENT,54.060000,53.300000,24.988000,24.988000,120,0.008333
310.000000,311,DY-SIN-003,DYNAMIC_SINUSOIDAL,45.000000,25.000000,DOWN,TRANSIENT,54.040000,52.800000,24.950000,24.950000,120,0.008333
311.000000,312,DY-SIN-003,DYNAMIC_SINUSOIDAL,44.553610,25.000000,DOWN,TRANSIENT,53.740000,53.300000,25.015000,25.015000,120,0.008333
312.000000,313,DY-SIN-003,DYNAMIC_SINUSOIDAL,44.122147,25.000000,DOWN,TRANSIENT,53.600000,52.800000,25.056000,25.056000,120,0.008333
313.000000,314,DY-SIN-003,DYNAMIC_SINUSOIDAL,43.706796,25.000000,DOWN,TRANSIENT,53.390000,53.300000,25.025000,25.025000,120,0.008333
314.000000,315,DY-SIN-003,DYNAMIC_SINUSOIDAL,43.308694,25.000000,DOWN,TRANSIENT,53.240000,53.000000,25.019000,25.019000,120,0.008333
315.000000,316,DY-SIN-003,DYNAMIC_SINUSOIDAL,42.928932,25.000000,DOWN,TRANSIENT,53.000000,52.600000,24.962000,24.962000,120,0.008333
316.000000,317,DY-SIN-003,DYNAMIC_SINUSOIDAL,42.568552,25.000000,DOWN,TRANSIENT,52.790000,53.400000,25.000000,25.000000,120,0.008333
317.000000,318,DY-SIN-003,DYNAMIC_SINUSOIDAL,42.228540,25.000000,DOWN,TRANSIENT,52.570000,52.800000,25.043000,25.043000,120,0.008333
318.000000,319,DY-SIN-003,DYNAMIC_SINUSOIDAL,41.909830,25.000000,DOWN,TRANSIENT,52.260000,52.700000,24.991000,24.991000,120,0.008333
319.000000,320,DY-SIN-003,DYNAMIC_SINUSOIDAL,41.613294,25.000000,DOWN,TRANSIENT,52.060000,52.500000,25.044000,25.044000,120,0.008333
320.000000,321,DY-SIN-003,DYNAMIC_SINUSOIDAL,41.339746,25.000000,DOWN,TRANSIENT,51.780000,52.800000,25.015000,25.015000,120,0.008333
321.000000,322,DY-SIN-003,DYNAMIC_SINUSOIDAL,41.089935,25.000000,DOWN,TRANSIENT,51.450000,52.900000,24.985000,24.985000,120,0.008333
322.000000,323,DY-SIN-003,DYNAMIC_SINUSOIDAL,40.864545,25.000000,DOWN,TRANSIENT,51.150000,53.000000,25.015000,25.015000,120,0.008333
323.000000,324,DY-SIN-003,DYNAMIC_SINUSOIDAL,40.664196,25.000000,DOWN,TRANSIENT,51.000000,52.100000,25.026000,25.026000,120,0.008333
324.000000,325,DY-SIN-003,DYNAMIC_SINUSOIDAL,40.489435,25.000000,DOWN,TRANSIENT,50.760000,52.600000,25.057000,25.057000,120,0.008333
325.000000,326,DY-SIN-003,DYNAMIC_SINUSOIDAL,40.340742,25.000000,DOWN,TRANSIENT,50.400000,52.700000,25.062000,25.062000,120,0.008333
326.000000,327,DY-SIN-003,DYNAMIC_SINUSOIDAL,40.218524,25.000000,DOWN,TRANSIENT,50.070000,51.800000,25.024000,25.024000,120,0.008333
327.000000,328,DY-SIN-003,DYNAMIC_SINUSOIDAL,40.123117,25.000000,DOWN,TRANSIENT,49.880000,51.700000,25.001000,25.001000,120,0.008333
328.000000,329,DY-SIN-003,DYNAMIC_SINUSOIDAL,40.054781,25.000000,DOWN,TRANSIENT,49.580000,51.500000,25.027000,25.027000,120,0.008333
329.000000,330,DY-SIN-003,DYNAMIC_SINUSOIDAL,40.013705,25.000000,DOWN,TRANSIENT,49.280000,51.700000,25.003000,25.003000,120,0.008333
330.000000,331,DY-SIN-003,DYNAMIC_SINUSOIDAL,40.000000,25.000000,DOWN,TRANSIENT,48.960000,51.700000,25.049000,25.049000,120,0.008333
331.000000,332,DY-SIN-003,DYNAMIC_SINUSOIDAL,40.013705,25.000000,UP,TRANSIENT,48.760000,50.600000,25.029000,25.029000,120,0.008333
332.000000,333,DY-SIN-003,DYNAMIC_SINUSOIDAL,40.054781,25.000000,UP,TRANSIENT,48.430000,50.600000,25.033000,25.033000,120,0.008333
333.000000,334,DY-SIN-003,DYNAMIC_SINUSOIDAL,40.123117,25.000000,UP,TRANSIENT,48.260000,50.400000,25.030000,25.030000,120,0.008333
334.000000,335,DY-SIN-003,DYNAMIC_SINUSOIDAL,40.218524,25.000000,UP,TRANSIENT,48.040000,50.200000,25.081000,25.081000,120,0.008333
335.000000,336,DY-SIN-003,DYNAMIC_SINUSOIDAL,40.340742,25.000000,UP,TRANSIENT,47.790000,49.700000,25.055000,25.055000,120,0.008333
336.000000,337,DY-SIN-003,DYNAMIC_SINUSOIDAL,40.489435,25.000000,UP,TRANSIENT,47.490000,49.900000,25.013000,25.013000,120,0.008333
337.000000,338,DY-SIN-003,DYNAMIC_SINUSOIDAL,40.664196,25.000000,UP,TRANSIENT,47.310000,49.800000,24.996000,24.996000,120,0.008333
338.000000,339,DY-SIN-003,DYNAMIC_SINUSOIDAL,40.864545,25.000000,UP,TRANSIENT,47.130000,49.400000,24.974000,24.974000,120,0.008333
339.000000,340,DY-SIN-003,DYNAMIC_SINUSOIDAL,41.089935,25.000000,UP,TRANSIENT,46.870000,49.600000,25.085000,25.085000,120,0.008333
340.000000,341,DY-SIN-003,DYNAMIC_SINUSOIDAL,41.339746,25.000000,UP,TRANSIENT,46.680000,49.600000,25.018000,25.018000,120,0.008333
341.000000,342,DY-SIN-003,DYNAMIC_SINUSOIDAL,41.613294,25.000000,UP,TRANSIENT,46.500000,49.200000,25.015000,25.015000,120,0.008333
342.000000,343,DY-SIN-003,DYNAMIC_SINUSOIDAL,41.909830,25.000000,UP,TRANSIENT,46.310000,49.000000,24.988000,24.988000,120,0.008333
343.000000,344,DY-SIN-003,DYNAMIC_SINUSOIDAL,42.228540,25.000000,UP,TRANSIENT,46.170000,48.900000,25.070000,25.070000,120,0.008333
344.000000,345,DY-SIN-003,DYNAMIC_SINUSOIDAL,42.568552,25.000000,UP,TRANSIENT,46.000000,49.000000,24.999000,24.999000,120,0.008333
345.000000,346,DY-SIN-003,DYNAMIC_SINUSOIDAL,42.928932,25.000000,UP,TRANSIENT,45.850000,48.300000,25.022000,25.022000,120,0.008333
346.000000,347,DY-SIN-003,DYNAMIC_SINUSOIDAL,43.308694,25.000000,UP,TRANSIENT,45.840000,48.100000,25.076000,25.076000,120,0.008333
347.000000,348,DY-SIN-003,DYNAMIC_SINUSOIDAL,43.706796,25.000000,UP,TRANSIENT,45.700000,48.000000,25.021000,25.021000,120,0.008333
348.000000,349,DY-SIN-003,DYNAMIC_SINUSOIDAL,44.122147,25.000000,UP,TRANSIENT,45.600000,48.100000,24.971000,24.971000,120,0.008333
349.000000,350,DY-SIN-003,DYNAMIC_SINUSOIDAL,44.553610,25.000000,UP,TRANSIENT,45.500000,48.100000,25.028000,25.028000,120,0.008333
350.000000,351,DY-SIN-003,DYNAMIC_SINUSOIDAL,45.000000,25.000000,UP,TRANSIENT,45.470000,47.600000,25.028000,25.028000,120,0.008333
351.000000,352,DY-SIN-003,DYNAMIC_SINUSOIDAL,45.460095,25.000000,UP,TRANSIENT,45.300000,47.300000,25.015000,25.015000,120,0.008333
352.000000,353,DY-SIN-003,DYNAMIC_SINUSOIDAL,45.932634,25.000000,UP,TRANSIENT,45.270000,47.500000,25.008000,25.008000,120,0.008333
353.000000,354,DY-SIN-003,DYNAMIC_SINUSOIDAL,46.416321,25.000000,UP,TRANSIENT,45.280000,47.100000,24.968000,24.968000,120,0.008333
354.000000,355,DY-SIN-003,DYNAMIC_SINUSOIDAL,46.909830,25.000000,UP,TRANSIENT,45.250000,47.100000,25.056000,25.056000,120,0.008333
355.000000,356,DY-SIN-003,DYNAMIC_SINUSOIDAL,47.411810,25.000000,UP,TRANSIENT,45.210000,47.100000,24.979000,24.979000,120,0.008333
356.000000,357,DY-SIN-003,DYNAMIC_SINUSOIDAL,47.920883,25.000000,UP,TRANSIENT,45.260000,46.700000,25.010000,25.010000,120,0.008333
357.000000,358,DY-SIN-003,DYNAMIC_SINUSOIDAL,48.435655,25.000000,UP,TRANSIENT,45.180000,46.800000,25.041000,25.041000,120,0.008333
358.000000,359,DY-SIN-003,DYNAMIC_SINUSOIDAL,48.954715,25.000000,UP,TRANSIENT,45.150000,46.800000,25.012000,25.012000,120,0.008333
359.000000,360,DY-SIN-003,DYNAMIC_SINUSOIDAL,49.476640,25.000000,UP,TRANSIENT,45.190000,46.500000,25.052000,25.052000,120,0.008333
360.000000,361,DY-SIN-003,DYNAMIC_SINUSOIDAL,50.000000,25.000000,UP,TRANSIENT,45.170000,46.900000,25.016000,25.016000,120,0.008333
361.000000,362,DY-SIN-003,DYNAMIC_SINUSOIDAL,50.523360,25.000000,UP,TRANSIENT,45.310000,46.100000,24.979000,24.979000,120,0.008333
362.000000,363,DY-SIN-003,DYNAMIC_SINUSOIDAL,51.045285,25.000000,UP,TRANSIENT,45.350000,46.300000,24.963000,24.963000,120,0.008333
363.000000,364,DY-SIN-003,DYNAMIC_SINUSOIDAL,51.564345,25.000000,UP,TRANSIENT,45.540000,46.200000,25.057000,25.057000,120,0.008333
364.000000,365,DY-SIN-003,DYNAMIC_SINUSOIDAL,52.079117,25.000000,UP,TRANSIENT,45.570000,46.000000,25.004000,25.004000,120,0.008333
365.000000,366,DY-SIN-003,DYNAMIC_SINUSOIDAL,52.588190,25.000000,UP,TRANSIENT,45.770000,46.500000,25.046000,25.046000,120,0.008333
366.000000,367,DY-SIN-003,DYNAMIC_SINUSOIDAL,53.090170,25.000000,UP,TRANSIENT,45.890000,46.200000,25.031000,25.031000,120,0.008333
367.000000,368,DY-SIN-003,DYNAMIC_SINUSOIDAL,53.583679,25.000000,UP,TRANSIENT,45.990000,46.000000,25.012000,25.012000,120,0.008333
368.000000,369,DY-SIN-003,DYNAMIC_SINUSOIDAL,54.067366,25.000000,UP,TRANSIENT,46.050000,45.900000,24.983000,24.983000,120,0.008333
369.000000,370,DY-SIN-003,DYNAMIC_SINUSOIDAL,54.539905,25.000000,UP,TRANSIENT,46.230000,45.600000,25.022000,25.022000,120,0.008333
370.000000,371,DY-SIN-003,DYNAMIC_SINUSOIDAL,55.000000,25.000000,UP,TRANSIENT,46.400000,45.600000,25.003000,25.003000,120,0.008333
371.000000,372,DY-SIN-003,DYNAMIC_SINUSOIDAL,55.446390,25.000000,UP,TRANSIENT,46.570000,46.200000,25.043000,25.043000,120,0.008333
372.000000,373,DY-SIN-003,DYNAMIC_SINUSOIDAL,55.877853,25.000000,UP,TRANSIENT,46.750000,45.600000,25.037000,25.037000,120,0.008333
373.000000,374,DY-SIN-003,DYNAMIC_SINUSOIDAL,56.293204,25.000000,UP,TRANSIENT,46.940000,45.900000,24.997000,24.997000,120,0.008333
374.000000,375,DY-SIN-003,DYNAMIC_SINUSOIDAL,56.691306,25.000000,UP,TRANSIENT,47.110000,45.600000,25.016000,25.016000,120,0.008333
375.000000,376,DY-SIN-003,DYNAMIC_SINUSOIDAL,57.071068,25.000000,UP,TRANSIENT,47.330000,45.400000,25.058000,25.058000,120,0.008333
376.000000,377,DY-SIN-003,DYNAMIC_SINUSOIDAL,57.431448,25.000000,UP,TRANSIENT,47.530000,45.900000,25.042000,25.042000,120,0.008333
377.000000,378,DY-SIN-003,DYNAMIC_SINUSOIDAL,57.771460,25.000000,UP,TRANSIENT,47.800000,46.000000,25.075000,25.075000,120,0.008333
378.000000,379,DY-SIN-003,DYNAMIC_SINUSOIDAL,58.090170,25.000000,UP,TRANSIENT,47.990000,45.700000,25.045000,25.045000,120,0.008333
379.000000,380,DY-SIN-003,DYNAMIC_SINUSOIDAL,58.386706,25.000000,UP,TRANSIENT,48.240000,45.900000,24.960000,24.960000,120,0.008333
380.000000,381,DY-SIN-003,DYNAMIC_SINUSOIDAL,58.660254,25.000000,UP,TRANSIENT,48.450000,45.900000,25.036000,25.036000,120,0.008333
381.000000,382,DY-SIN-003,DYNAMIC_SINUSOIDAL,58.910065,25.000000,UP,TRANSIENT,48.760000,46.000000,25.009000,25.009000,120,0.008333
382.000000,383,DY-SIN-003,DYNAMIC_SINUSOIDAL,59.135455,25.000000,UP,TRANSIENT,49.040000,45.900000,25.030000,25.030000,120,0.008333
383.000000,384,DY-SIN-003,DYNAMIC_SINUSOIDAL,59.335804,25.000000,UP,TRANSIENT,49.270000,46.300000,24.989000,24.989000,120,0.008333
384.000000,385,DY-SIN-003,DYNAMIC_SINUSOIDAL,59.510565,25.000000,UP,TRANSIENT,49.480000,45.900000,24.985000,24.985000,120,0.008333
385.000000,386,DY-SIN-003,DYNAMIC_SINUSOIDAL,59.659258,25.000000,UP,TRANSIENT,49.800000,47.100000,25.086000,25.086000,120,0.008333
386.000000,387,DY-SIN-003,DYNAMIC_SINUSOIDAL,59.781476,25.000000,UP,TRANSIENT,50.080000,46.500000,25.007000,25.007000,120,0.008333
387.000000,388,DY-SIN-003,DYNAMIC_SINUSOIDAL,59.876883,25.000000,UP,TRANSIENT,50.290000,46.500000,25.054000,25.054000,120,0.008333
388.000000,389,DY-SIN-003,DYNAMIC_SINUSOIDAL,59.945219,25.000000,UP,TRANSIENT,50.480000,46.300000,25.049000,25.049000,120,0.008333
389.000000,390,DY-SIN-003,DYNAMIC_SINUSOIDAL,59.986295,25.000000,UP,TRANSIENT,50.800000,47.200000,25.072000,25.072000,120,0.008333
390.000000,391,DY-SIN-003,DYNAMIC_SINUSOIDAL,60.000000,25.000000,UP,TRANSIENT,51.020000,46.500000,24.992000,24.992000,120,0.008333
391.000000,392,DY-SIN-003,DYNAMIC_SINUSOIDAL,59.986295,25.000000,DOWN,TRANSIENT,51.340000,47.400000,25.027000,25.027000,120,0.008333
392.000000,393,DY-SIN-003,DYNAMIC_SINUSOIDAL,59.945219,25.000000,DOWN,TRANSIENT,51.610000,48.100000,24.995000,24.995000,120,0.008333
393.000000,394,DY-SIN-003,DYNAMIC_SINUSOIDAL,59.876883,25.000000,DOWN,TRANSIENT,51.850000,47.800000,25.008000,25.008000,120,0.008333
394.000000,395,DY-SIN-003,DYNAMIC_SINUSOIDAL,59.781476,25.000000,DOWN,TRANSIENT,52.040000,47.800000,25.070000,25.070000,120,0.008333
395.000000,396,DY-SIN-003,DYNAMIC_SINUSOIDAL,59.659258,25.000000,DOWN,TRANSIENT,52.290000,48.300000,25.034000,25.034000,120,0.008333
396.000000,397,DY-SIN-003,DYNAMIC_SINUSOIDAL,59.510565,25.000000,DOWN,TRANSIENT,52.530000,48.200000,24.991000,24.991000,120,0.008333
397.000000,398,DY-SIN-003,DYNAMIC_SINUSOIDAL,59.335804,25.000000,DOWN,TRANSIENT,52.760000,48.500000,25.068000,25.068000,120,0.008333
398.000000,399,DY-SIN-003,DYNAMIC_SINUSOIDAL,59.135455,25.000000,DOWN,TRANSIENT,53.060000,49.400000,25.073000,25.073000,120,0.008333
399.000000,400,DY-SIN-003,DYNAMIC_SINUSOIDAL,58.910065,25.000000,DOWN,TRANSIENT,53.280000,49.400000,24.966000,24.966000,120,0.008333
400.000000,401,DY-SIN-003,DYNAMIC_SINUSOIDAL,58.660254,25.000000,DOWN,TRANSIENT,53.460000,49.300000,25.020000,25.020000,120,0.008333
401.000000,402,DY-SIN-003,DYNAMIC_SINUSOIDAL,58.386706,25.000000,DOWN,TRANSIENT,53.730000,49.500000,25.049000,25.049000,120,0.008333
402.000000,403,DY-SIN-003,DYNAMIC_SINUSOIDAL,58.090170,25.000000,DOWN,TRANSIENT,53.940000,49.900000,25.007000,25.007000,120,0.008333
403.000000,404,DY-SIN-003,DYNAMIC_SINUSOIDAL,57.771460,25.000000,DOWN,TRANSIENT,54.110000,49.700000,25.038000,25.038000,120,0.008333
404.000000,405,DY-SIN-003,DYNAMIC_SINUSOIDAL,57.431448,25.000000,DOWN,TRANSIENT,54.270000,49.600000,24.965000,24.965000,120,0.008333
405.000000,406,DY-SIN-003,DYNAMIC_SINUSOIDAL,57.071068,25.000000,DOWN,TRANSIENT,54.540000,50.000000,25.032000,25.032000,120,0.008333
406.000000,407,DY-SIN-003,DYNAMIC_SINUSOIDAL,56.691306,25.000000,DOWN,TRANSIENT,54.610000,50.900000,25.078000,25.078000,120,0.008333
407.000000,408,DY-SIN-003,DYNAMIC_SINUSOIDAL,56.293204,25.000000,DOWN,TRANSIENT,54.720000,50.600000,25.036000,25.036000,120,0.008333
408.000000,409,DY-SIN-003,DYNAMIC_SINUSOIDAL,55.877853,25.000000,DOWN,TRANSIENT,54.860000,50.400000,25.074000,25.074000,120,0.008333
409.000000,410,DY-SIN-003,DYNAMIC_SINUSOIDAL,55.446390,25.000000,DOWN,TRANSIENT,54.900000,51.000000,25.023000,25.023000,120,0.008333
410.000000,411,DY-SIN-003,DYNAMIC_SINUSOIDAL,55.000000,25.000000,DOWN,TRANSIENT,55.050000,51.000000,25.033000,25.033000,120,0.008333
411.000000,412,DY-SIN-003,DYNAMIC_SINUSOIDAL,54.539905,25.000000,DOWN,TRANSIENT,55.170000,51.600000,24.978000,24.978000,120,0.008333
412.000000,413,DY-SIN-003,DYNAMIC_SINUSOIDAL,54.067366,25.000000,DOWN,TRANSIENT,55.180000,51.500000,24.990000,24.990000,120,0.008333
413.000000,414,DY-SIN-003,DYNAMIC_SINUSOIDAL,53.583679,25.000000,DOWN,TRANSIENT,55.220000,52.000000,25.025000,25.025000,120,0.008333
414.000000,415,DY-SIN-003,DYNAMIC_SINUSOIDAL,53.090170,25.000000,DOWN,TRANSIENT,55.310000,51.600000,24.996000,24.996000,120,0.008333
415.000000,416,DY-SIN-003,DYNAMIC_SINUSOIDAL,52.588190,25.000000,DOWN,TRANSIENT,55.400000,52.000000,25.035000,25.035000,120,0.008333
416.000000,417,DY-SIN-003,DYNAMIC_SINUSOIDAL,52.079117,25.000000,DOWN,TRANSIENT,55.360000,52.300000,25.018000,25.018000,120,0.008333
417.000000,418,DY-SIN-003,DYNAMIC_SINUSOIDAL,51.564345,25.000000,DOWN,TRANSIENT,55.310000,52.000000,24.987000,24.987000,120,0.008333
418.000000,419,DY-SIN-003,DYNAMIC_SINUSOIDAL,51.045285,25.000000,DOWN,TRANSIENT,55.380000,52.500000,25.014000,25.014000,120,0.008333
419.000000,420,DY-SIN-003,DYNAMIC_SINUSOIDAL,50.523360,25.000000,DOWN,TRANSIENT,55.290000,52.400000,25.020000,25.020000,120,0.008333
420.000000,421,DY-SIN-003,DYNAMIC_SINUSOIDAL,50.000000,25.000000,DOWN,TRANSIENT,55.210000,52.300000,24.994000,24.994000,120,0.008333
421.000000,422,DY-SIN-003,DYNAMIC_SINUSOIDAL,49.476640,25.000000,DOWN,TRANSIENT,55.150000,52.600000,25.035000,25.035000,120,0.008333
422.000000,423,DY-SIN-003,DYNAMIC_SINUSOIDAL,48.954715,25.000000,DOWN,TRANSIENT,55.010000,52.400000,25.003000,25.003000,120,0.008333
423.000000,424,DY-SIN-003,DYNAMIC_SINUSOIDAL,48.435655,25.000000,DOWN,TRANSIENT,54.960000,52.400000,25.049000,25.049000,120,0.008333
424.000000,425,DY-SIN-003,DYNAMIC_SINUSOIDAL,47.920883,25.000000,DOWN,TRANSIENT,54.910000,52.800000,25.041000,25.041000,120,0.008333
425.000000,426,DY-SIN-003,DYNAMIC_SINUSOIDAL,47.411810,25.000000,DOWN,TRANSIENT,54.810000,52.900000,25.059000,25.059000,120,0.008333
426.000000,427,DY-SIN-003,DYNAMIC_SINUSOIDAL,46.909830,25.000000,DOWN,TRANSIENT,54.590000,53.100000,25.095000,25.095000,120,0.008333
427.000000,428,DY-SIN-003,DYNAMIC_SINUSOIDAL,46.416321,25.000000,DOWN,TRANSIENT,54.510000,53.000000,24.976000,24.976000,120,0.008333
428.000000,429,DY-SIN-003,DYNAMIC_SINUSOIDAL,45.932634,25.000000,DOWN,TRANSIENT,54.370000,53.200000,25.022000,25.022000,120,0.008333
429.000000,430,DY-SIN-003,DYNAMIC_SINUSOIDAL,45.460095,25.000000,DOWN,TRANSIENT,54.190000,52.900000,25.028000,25.028000,120,0.008333
430.000000,431,DY-SIN-003,DYNAMIC_SINUSOIDAL,45.000000,25.000000,DOWN,TRANSIENT,53.930000,52.800000,24.977000,24.977000,120,0.008333
431.000000,432,DY-SIN-003,DYNAMIC_SINUSOIDAL,44.553610,25.000000,DOWN,TRANSIENT,53.740000,52.800000,24.976000,24.976000,120,0.008333
432.000000,433,DY-SIN-003,DYNAMIC_SINUSOIDAL,44.122147,25.000000,DOWN,TRANSIENT,53.590000,53.000000,25.055000,25.055000,120,0.008333
433.000000,434,DY-SIN-003,DYNAMIC_SINUSOIDAL,43.706796,25.000000,DOWN,TRANSIENT,53.400000,53.000000,25.009000,25.009000,120,0.008333
434.000000,435,DY-SIN-003,DYNAMIC_SINUSOIDAL,43.308694,25.000000,DOWN,TRANSIENT,53.160000,52.700000,25.007000,25.007000,120,0.008333
435.000000,436,DY-SIN-003,DYNAMIC_SINUSOIDAL,42.928932,25.000000,DOWN,TRANSIENT,52.840000,53.200000,25.003000,25.003000,120,0.008333
436.000000,437,DY-SIN-003,DYNAMIC_SINUSOIDAL,42.568552,25.000000,DOWN,TRANSIENT,52.660000,53.200000,25.026000,25.026000,120,0.008333
437.000000,438,DY-SIN-003,DYNAMIC_SINUSOIDAL,42.228540,25.000000,DOWN,TRANSIENT,52.530000,53.000000,25.030000,25.030000,120,0.008333
438.000000,439,DY-SIN-003,DYNAMIC_SINUSOIDAL,41.909830,25.000000,DOWN,TRANSIENT,52.220000,52.900000,25.021000,25.021000,120,0.008333
439.000000,440,DY-SIN-003,DYNAMIC_SINUSOIDAL,41.613294,25.000000,DOWN,TRANSIENT,52.000000,53.200000,24.991000,24.991000,120,0.008333
440.000000,441,DY-SIN-003,DYNAMIC_SINUSOIDAL,41.339746,25.000000,DOWN,TRANSIENT,51.720000,52.300000,25.019000,25.019000,120,0.008333
441.000000,442,DY-SIN-003,DYNAMIC_SINUSOIDAL,41.089935,25.000000,DOWN,TRANSIENT,51.420000,53.300000,25.067000,25.067000,120,0.008333
442.000000,443,DY-SIN-003,DYNAMIC_SINUSOIDAL,40.864545,25.000000,DOWN,TRANSIENT,51.110000,52.800000,25.050000,25.050000,120,0.008333
443.000000,444,DY-SIN-003,DYNAMIC_SINUSOIDAL,40.664196,25.000000,DOWN,TRANSIENT,50.860000,52.100000,25.051000,25.051000,120,0.008333
444.000000,445,DY-SIN-003,DYNAMIC_SINUSOIDAL,40.489435,25.000000,DOWN,TRANSIENT,50.710000,52.100000,25.044000,25.044000,120,0.008333
445.000000,446,DY-SIN-003,DYNAMIC_SINUSOIDAL,40.340742,25.000000,DOWN,TRANSIENT,50.360000,52.200000,25.033000,25.033000,120,0.008333
446.000000,447,DY-SIN-003,DYNAMIC_SINUSOIDAL,40.218524,25.000000,DOWN,TRANSIENT,50.050000,52.200000,25.066000,25.066000,120,0.008333
447.000000,448,DY-SIN-003,DYNAMIC_SINUSOIDAL,40.123117,25.000000,DOWN,TRANSIENT,49.810000,51.700000,25.063000,25.063000,120,0.008333
448.000000,449,DY-SIN-003,DYNAMIC_SINUSOIDAL,40.054781,25.000000,DOWN,TRANSIENT,49.540000,51.700000,25.071000,25.071000,120,0.008333
449.000000,450,DY-SIN-003,DYNAMIC_SINUSOIDAL,40.013705,25.000000,DOWN,TRANSIENT,49.270000,51.700000,24.984000,24.984000,120,0.008333
450.000000,451,DY-SIN-003,DYNAMIC_SINUSOIDAL,40.000000,25.000000,DOWN,TRANSIENT,49.060000,51.200000,24.969000,24.969000,120,0.008333
451.000000,452,DY-SIN-003,DYNAMIC_SINUSOIDAL,40.013705,25.000000,UP,TRANSIENT,48.770000,50.400000,25.035000,25.035000,120,0.008333
452.000000,453,DY-SIN-003,DYNAMIC_SINUSOIDAL,40.054781,25.000000,UP,TRANSIENT,48.530000,50.500000,24.992000,24.992000,120,0.008333
453.000000,454,DY-SIN-003,DYNAMIC_SINUSOIDAL,40.123117,25.000000,UP,TRANSIENT,48.240000,50.500000,25.029000,25.029000,120,0.008333
454.000000,455,DY-SIN-003,DYNAMIC_SINUSOIDAL,40.218524,25.000000,UP,TRANSIENT,48.070000,49.800000,25.004000,25.004000,120,0.008333
455.000000,456,DY-SIN-003,DYNAMIC_SINUSOIDAL,40.340742,25.000000,UP,TRANSIENT,47.770000,49.900000,25.033000,25.033000,120,0.008333
456.000000,457,DY-SIN-003,DYNAMIC_SINUSOIDAL,40.489435,25.000000,UP,TRANSIENT,47.560000,50.000000,25.008000,25.008000,120,0.008333
457.000000,458,DY-SIN-003,DYNAMIC_SINUSOIDAL,40.664196,25.000000,UP,TRANSIENT,47.280000,49.500000,24.994000,24.994000,120,0.008333
458.000000,459,DY-SIN-003,DYNAMIC_SINUSOIDAL,40.864545,25.000000,UP,TRANSIENT,47.080000,49.600000,25.018000,25.018000,120,0.008333
459.000000,460,DY-SIN-003,DYNAMIC_SINUSOIDAL,41.089935,25.000000,UP,TRANSIENT,46.850000,49.200000,25.048000,25.048000,120,0.008333
460.000000,461,DY-SIN-003,DYNAMIC_SINUSOIDAL,41.339746,25.000000,UP,TRANSIENT,46.650000,49.200000,25.047000,25.047000,120,0.008333
461.000000,462,DY-SIN-003,DYNAMIC_SINUSOIDAL,41.613294,25.000000,UP,TRANSIENT,46.550000,49.300000,24.975000,24.975000,120,0.008333
462.000000,463,DY-SIN-003,DYNAMIC_SINUSOIDAL,41.909830,25.000000,UP,TRANSIENT,46.370000,48.800000,24.996000,24.996000,120,0.008333
463.000000,464,DY-SIN-003,DYNAMIC_SINUSOIDAL,42.228540,25.000000,UP,TRANSIENT,46.150000,48.900000,24.995000,24.995000,120,0.008333
464.000000,465,DY-SIN-003,DYNAMIC_SINUSOIDAL,42.568552,25.000000,UP,TRANSIENT,46.020000,48.500000,24.902000,24.902000,120,0.008333
465.000000,466,DY-SIN-003,DYNAMIC_SINUSOIDAL,42.928932,25.000000,UP,TRANSIENT,45.820000,48.400000,25.035000,25.035000,120,0.008333
466.000000,467,DY-SIN-003,DYNAMIC_SINUSOIDAL,43.308694,25.000000,UP,TRANSIENT,45.730000,48.400000,24.991000,24.991000,120,0.008333
467.000000,468,DY-SIN-003,DYNAMIC_SINUSOIDAL,43.706796,25.000000,UP,TRANSIENT,45.610000,48.400000,25.049000,25.049000,120,0.008333
468.000000,469,DY-SIN-003,DYNAMIC_SINUSOIDAL,44.122147,25.000000,UP,TRANSIENT,45.510000,48.100000,25.019000,25.019000,120,0.008333
469.000000,470,DY-SIN-003,DYNAMIC_SINUSOIDAL,44.553610,25.000000,UP,TRANSIENT,45.500000,47.500000,25.052000,25.052000,120,0.008333
470.000000,471,DY-SIN-003,DYNAMIC_SINUSOIDAL,45.000000,25.000000,UP,TRANSIENT,45.330000,48.000000,24.998000,24.998000,120,0.008333
471.000000,472,DY-SIN-003,DYNAMIC_SINUSOIDAL,45.460095,25.000000,UP,TRANSIENT,45.310000,47.500000,25.044000,25.044000,120,0.008333
472.000000,473,DY-SIN-003,DYNAMIC_SINUSOIDAL,45.932634,25.000000,UP,TRANSIENT,45.230000,47.500000,25.008000,25.008000,120,0.008333
473.000000,474,DY-SIN-003,DYNAMIC_SINUSOIDAL,46.416321,25.000000,UP,TRANSIENT,45.170000,47.000000,24.979000,24.979000,120,0.008333
474.000000,475,DY-SIN-003,DYNAMIC_SINUSOIDAL,46.909830,25.000000,UP,TRANSIENT,45.120000,47.400000,25.065000,25.065000,120,0.008333
475.000000,476,DY-SIN-003,DYNAMIC_SINUSOIDAL,47.411810,25.000000,UP,TRANSIENT,45.130000,46.600000,25.118000,25.118000,120,0.008333
476.000000,477,DY-SIN-003,DYNAMIC_SINUSOIDAL,47.920883,25.000000,UP,TRANSIENT,45.110000,46.800000,24.985000,24.985000,120,0.008333
477.000000,478,DY-SIN-003,DYNAMIC_SINUSOIDAL,48.435655,25.000000,UP,TRANSIENT,45.140000,47.300000,24.989000,24.989000,120,0.008333
478.000000,479,DY-SIN-003,DYNAMIC_SINUSOIDAL,48.954715,25.000000,UP,TRANSIENT,45.160000,46.800000,25.036000,25.036000,120,0.008333
479.000000,480,DY-SIN-003,DYNAMIC_SINUSOIDAL,49.476640,25.000000,UP,TRANSIENT,45.190000,46.700000,25.010000,25.010000,120,0.008333
480.000000,481,DY-SIN-003,DYNAMIC_SINUSOIDAL,50.000000,25.000000,UP,TRANSIENT,45.260000,46.300000,25.014000,25.014000,120,0.008333
481.000000,482,DY-SIN-003,DYNAMIC_SINUSOIDAL,50.523360,25.000000,UP,TRANSIENT,45.240000,46.500000,24.976000,24.976000,120,0.008333
482.000000,483,DY-SIN-003,DYNAMIC_SINUSOIDAL,51.045285,25.000000,UP,TRANSIENT,45.330000,46.500000,24.983000,24.983000,120,0.008333
483.000000,484,DY-SIN-003,DYNAMIC_SINUSOIDAL,51.564345,25.000000,UP,TRANSIENT,45.430000,46.100000,25.005000,25.005000,120,0.008333
484.000000,485,DY-SIN-003,DYNAMIC_SINUSOIDAL,52.079117,25.000000,UP,TRANSIENT,45.480000,46.100000,25.076000,25.076000,120,0.008333
485.000000,486,DY-SIN-003,DYNAMIC_SINUSOIDAL,52.588190,25.000000,UP,TRANSIENT,45.540000,46.100000,24.975000,24.975000,120,0.008333
486.000000,487,DY-SIN-003,DYNAMIC_SINUSOIDAL,53.090170,25.000000,UP,TRANSIENT,45.750000,45.900000,25.039000,25.039000,120,0.008333
487.000000,488,DY-SIN-003,DYNAMIC_SINUSOIDAL,53.583679,25.000000,UP,TRANSIENT,45.960000,46.200000,25.019000,25.019000,120,0.008333
488.000000,489,DY-SIN-003,DYNAMIC_SINUSOIDAL,54.067366,25.000000,UP,TRANSIENT,46.040000,46.100000,25.013000,25.013000,120,0.008333
489.000000,490,DY-SIN-003,DYNAMIC_SINUSOIDAL,54.539905,25.000000,UP,TRANSIENT,46.160000,45.800000,24.978000,24.978000,120,0.008333
490.000000,491,DY-SIN-003,DYNAMIC_SINUSOIDAL,55.000000,25.000000,UP,TRANSIENT,46.430000,45.600000,25.090000,25.090000,120,0.008333
491.000000,492,DY-SIN-003,DYNAMIC_SINUSOIDAL,55.446390,25.000000,UP,TRANSIENT,46.510000,45.600000,25.002000,25.002000,120,0.008333
492.000000,493,DY-SIN-003,DYNAMIC_SINUSOIDAL,55.877853,25.000000,UP,TRANSIENT,46.780000,45.500000,25.021000,25.021000,120,0.008333
493.000000,494,DY-SIN-003,DYNAMIC_SINUSOIDAL,56.293204,25.000000,UP,TRANSIENT,46.930000,45.800000,25.050000,25.050000,120,0.008333
494.000000,495,DY-SIN-003,DYNAMIC_SINUSOIDAL,56.691306,25.000000,UP,TRANSIENT,47.180000,45.300000,25.007000,25.007000,120,0.008333
495.000000,496,DY-SIN-003,DYNAMIC_SINUSOIDAL,57.071068,25.000000,UP,TRANSIENT,47.300000,46.100000,24.983000,24.983000,120,0.008333
496.000000,497,DY-SIN-003,DYNAMIC_SINUSOIDAL,57.431448,25.000000,UP,TRANSIENT,47.640000,45.800000,25.000000,25.000000,120,0.008333
497.000000,498,DY-SIN-003,DYNAMIC_SINUSOIDAL,57.771460,25.000000,UP,TRANSIENT,47.820000,45.600000,25.040000,25.040000,120,0.008333
498.000000,499,DY-SIN-003,DYNAMIC_SINUSOIDAL,58.090170,25.000000,UP,TRANSIENT,47.990000,46.200000,25.017000,25.017000,120,0.008333
499.000000,500,DY-SIN-003,DYNAMIC_SINUSOIDAL,58.386706,25.000000,UP,TRANSIENT,48.260000,46.000000,25.040000,25.040000,120,0.008333
500.000000,501,DY-SIN-003,DYNAMIC_SINUSOIDAL,58.660254,25.000000,UP,TRANSIENT,48.530000,45.900000,25.027000,25.027000,120,0.008333
501.000000,502,DY-SIN-003,DYNAMIC_SINUSOIDAL,58.910065,25.000000,UP,TRANSIENT,48.750000,46.000000,25.082000,25.082000,120,0.008333
502.000000,503,DY-SIN-003,DYNAMIC_SINUSOIDAL,59.135455,25.000000,UP,TRANSIENT,48.980000,46.400000,24.993000,24.993000,120,0.008333
503.000000,504,DY-SIN-003,DYNAMIC_SINUSOIDAL,59.335804,25.000000,UP,TRANSIENT,49.190000,46.200000,25.049000,25.049000,120,0.008333
504.000000,505,DY-SIN-003,DYNAMIC_SINUSOIDAL,59.510565,25.000000,UP,TRANSIENT,49.470000,46.100000,24.984000,24.984000,120,0.008333
505.000000,506,DY-SIN-003,DYNAMIC_SINUSOIDAL,59.659258,25.000000,UP,TRANSIENT,49.790000,46.100000,25.099000,25.099000,120,0.008333
506.000000,507,DY-SIN-003,DYNAMIC_SINUSOIDAL,59.781476,25.000000,UP,TRANSIENT,50.050000,46.200000,25.020000,25.020000,120,0.008333
507.000000,508,DY-SIN-003,DYNAMIC_SINUSOIDAL,59.876883,25.000000,UP,TRANSIENT,50.310000,46.500000,25.063000,25.063000,120,0.008333
508.000000,509,DY-SIN-003,DYNAMIC_SINUSOIDAL,59.945219,25.000000,UP,TRANSIENT,50.520000,47.000000,25.058000,25.058000,120,0.008333
509.000000,510,DY-SIN-003,DYNAMIC_SINUSOIDAL,59.986295,25.000000,UP,TRANSIENT,50.870000,46.700000,25.048000,25.048000,120,0.008333
510.000000,511,DY-SIN-003,DYNAMIC_SINUSOIDAL,60.000000,25.000000,UP,TRANSIENT,51.110000,47.000000,25.046000,25.046000,120,0.008333
511.000000,512,DY-SIN-003,DYNAMIC_SINUSOIDAL,59.986295,25.000000,DOWN,TRANSIENT,51.340000,47.300000,25.036000,25.036000,120,0.008333
512.000000,513,DY-SIN-003,DYNAMIC_SINUSOIDAL,59.945219,25.000000,DOWN,TRANSIENT,51.650000,47.900000,25.062000,25.062000,120,0.008333
513.000000,514,DY-SIN-003,DYNAMIC_SINUSOIDAL,59.876883,25.000000,DOWN,TRANSIENT,51.970000,48.300000,24.988000,24.988000,120,0.008333
514.000000,515,DY-SIN-003,DYNAMIC_SINUSOIDAL,59.781476,25.000000,DOWN,TRANSIENT,52.130000,48.100000,25.003000,25.003000,120,0.008333
515.000000,516,DY-SIN-003,DYNAMIC_SINUSOIDAL,59.659258,25.000000,DOWN,TRANSIENT,52.420000,48.100000,25.035000,25.035000,120,0.008333
516.000000,517,DY-SIN-003,DYNAMIC_SINUSOIDAL,59.510565,25.000000,DOWN,TRANSIENT,52.660000,48.700000,25.047000,25.047000,120,0.008333
517.000000,518,DY-SIN-003,DYNAMIC_SINUSOIDAL,59.335804,25.000000,DOWN,TRANSIENT,52.860000,49.200000,25.048000,25.048000,120,0.008333
518.000000,519,DY-SIN-003,DYNAMIC_SINUSOIDAL,59.135455,25.000000,DOWN,TRANSIENT,53.120000,48.500000,25.017000,25.017000,120,0.008333
519.000000,520,DY-SIN-003,DYNAMIC_SINUSOIDAL,58.910065,25.000000,DOWN,TRANSIENT,53.350000,49.000000,24.981000,24.981000,120,0.008333
520.000000,521,DY-SIN-003,DYNAMIC_SINUSOIDAL,58.660254,25.000000,DOWN,TRANSIENT,53.510000,48.900000,25.079000,25.079000,120,0.008333
521.000000,522,DY-SIN-003,DYNAMIC_SINUSOIDAL,58.386706,25.000000,DOWN,TRANSIENT,53.720000,49.700000,25.006000,25.006000,120,0.008333
522.000000,523,DY-SIN-003,DYNAMIC_SINUSOIDAL,58.090170,25.000000,DOWN,TRANSIENT,53.910000,49.800000,25.055000,25.055000,120,0.008333
523.000000,524,DY-SIN-003,DYNAMIC_SINUSOIDAL,57.771460,25.000000,DOWN,TRANSIENT,54.060000,50.100000,25.075000,25.075000,120,0.008333
524.000000,525,DY-SIN-003,DYNAMIC_SINUSOIDAL,57.431448,25.000000,DOWN,TRANSIENT,54.250000,50.100000,25.002000,25.002000,120,0.008333
525.000000,526,DY-SIN-003,DYNAMIC_SINUSOIDAL,57.071068,25.000000,DOWN,TRANSIENT,54.450000,50.100000,25.036000,25.036000,120,0.008333
526.000000,527,DY-SIN-003,DYNAMIC_SINUSOIDAL,56.691306,25.000000,DOWN,TRANSIENT,54.610000,50.700000,24.988000,24.988000,120,0.008333
527.000000,528,DY-SIN-003,DYNAMIC_SINUSOIDAL,56.293204,25.000000,DOWN,TRANSIENT,54.830000,50.700000,25.048000,25.048000,120,0.008333
528.000000,529,DY-SIN-003,DYNAMIC_SINUSOIDAL,55.877853,25.000000,DOWN,TRANSIENT,54.900000,50.200000,25.033000,25.033000,120,0.008333
529.000000,530,DY-SIN-003,DYNAMIC_SINUSOIDAL,55.446390,25.000000,DOWN,TRANSIENT,55.040000,50.800000,25.006000,25.006000,120,0.008333
530.000000,531,DY-SIN-003,DYNAMIC_SINUSOIDAL,55.000000,25.000000,DOWN,TRANSIENT,55.180000,51.400000,25.074000,25.074000,120,0.008333
531.000000,532,DY-SIN-003,DYNAMIC_SINUSOIDAL,54.539905,25.000000,DOWN,TRANSIENT,55.200000,51.300000,25.019000,25.019000,120,0.008333
532.000000,533,DY-SIN-003,DYNAMIC_SINUSOIDAL,54.067366,25.000000,DOWN,TRANSIENT,55.320000,51.400000,24.990000,24.990000,120,0.008333
533.000000,534,DY-SIN-003,DYNAMIC_SINUSOIDAL,53.583679,25.000000,DOWN,TRANSIENT,55.270000,51.400000,25.008000,25.008000,120,0.008333
534.000000,535,DY-SIN-003,DYNAMIC_SINUSOIDAL,53.090170,25.000000,DOWN,TRANSIENT,55.380000,51.600000,25.026000,25.026000,120,0.008333
535.000000,536,DY-SIN-003,DYNAMIC_SINUSOIDAL,52.588190,25.000000,DOWN,TRANSIENT,55.330000,51.800000,24.990000,24.990000,120,0.008333
536.000000,537,DY-SIN-003,DYNAMIC_SINUSOIDAL,52.079117,25.000000,DOWN,TRANSIENT,55.370000,52.300000,25.021000,25.021000,120,0.008333
537.000000,538,DY-SIN-003,DYNAMIC_SINUSOIDAL,51.564345,25.000000,DOWN,TRANSIENT,55.280000,52.600000,25.027000,25.027000,120,0.008333
538.000000,539,DY-SIN-003,DYNAMIC_SINUSOIDAL,51.045285,25.000000,DOWN,TRANSIENT,55.380000,52.200000,25.021000,25.021000,120,0.008333
539.000000,540,DY-SIN-003,DYNAMIC_SINUSOIDAL,50.523360,25.000000,DOWN,TRANSIENT,55.280000,52.100000,24.994000,24.994000,120,0.008333
540.000000,541,DY-SIN-003,DYNAMIC_SINUSOIDAL,50.000000,25.000000,DOWN,TRANSIENT,55.220000,52.400000,25.046000,25.046000,120,0.008333
541.000000,542,DY-SIN-003,DYNAMIC_SINUSOIDAL,49.476640,25.000000,DOWN,TRANSIENT,55.150000,52.200000,25.008000,25.008000,120,0.008333
542.000000,543,DY-SIN-003,DYNAMIC_SINUSOIDAL,48.954715,25.000000,DOWN,TRANSIENT,55.110000,52.200000,25.023000,25.023000,120,0.008333
543.000000,544,DY-SIN-003,DYNAMIC_SINUSOIDAL,48.435655,25.000000,DOWN,TRANSIENT,55.080000,52.600000,25.043000,25.043000,120,0.008333
544.000000,545,DY-SIN-003,DYNAMIC_SINUSOIDAL,47.920883,25.000000,DOWN,TRANSIENT,54.880000,53.300000,25.006000,25.006000,120,0.008333
545.000000,546,DY-SIN-003,DYNAMIC_SINUSOIDAL,47.411810,25.000000,DOWN,TRANSIENT,54.790000,53.100000,24.980000,24.980000,120,0.008333
546.000000,547,DY-SIN-003,DYNAMIC_SINUSOIDAL,46.909830,25.000000,DOWN,TRANSIENT,54.600000,53.100000,25.018000,25.018000,120,0.008333
547.000000,548,DY-SIN-003,DYNAMIC_SINUSOIDAL,46.416321,25.000000,DOWN,TRANSIENT,54.440000,53.000000,25.047000,25.047000,120,0.008333
548.000000,549,DY-SIN-003,DYNAMIC_SINUSOIDAL,45.932634,25.000000,DOWN,TRANSIENT,54.340000,52.700000,24.979000,24.979000,120,0.008333
549.000000,550,DY-SIN-003,DYNAMIC_SINUSOIDAL,45.460095,25.000000,DOWN,TRANSIENT,54.210000,52.800000,24.989000,24.989000,120,0.008333
550.000000,551,DY-SIN-003,DYNAMIC_SINUSOIDAL,45.000000,25.000000,DOWN,TRANSIENT,54.000000,53.100000,25.001000,25.001000,120,0.008333
551.000000,552,DY-SIN-003,DYNAMIC_SINUSOIDAL,44.553610,25.000000,DOWN,TRANSIENT,53.890000,53.200000,24.995000,24.995000,120,0.008333
552.000000,553,DY-SIN-003,DYNAMIC_SINUSOIDAL,44.122147,25.000000,DOWN,TRANSIENT,53.640000,52.800000,25.028000,25.028000,120,0.008333
553.000000,554,DY-SIN-003,DYNAMIC_SINUSOIDAL,43.706796,25.000000,DOWN,TRANSIENT,53.410000,53.000000,25.025000,25.025000,120,0.008333
554.000000,555,DY-SIN-003,DYNAMIC_SINUSOIDAL,43.308694,25.000000,DOWN,TRANSIENT,53.170000,53.000000,24.987000,24.987000,120,0.008333
555.000000,556,DY-SIN-003,DYNAMIC_SINUSOIDAL,42.928932,25.000000,DOWN,TRANSIENT,52.970000,53.200000,25.007000,25.007000,120,0.008333
556.000000,557,DY-SIN-003,DYNAMIC_SINUSOIDAL,42.568552,25.000000,DOWN,TRANSIENT,52.760000,53.000000,25.029000,25.029000,120,0.008333
557.000000,558,DY-SIN-003,DYNAMIC_SINUSOIDAL,42.228540,25.000000,DOWN,TRANSIENT,52.550000,53.100000,24.974000,24.974000,120,0.008333
558.000000,559,DY-SIN-003,DYNAMIC_SINUSOIDAL,41.909830,25.000000,DOWN,TRANSIENT,52.350000,52.800000,25.044000,25.044000,120,0.008333
559.000000,560,DY-SIN-003,DYNAMIC_SINUSOIDAL,41.613294,25.000000,DOWN,TRANSIENT,52.000000,52.900000,25.007000,25.007000,120,0.008333
560.000000,561,DY-SIN-003,DYNAMIC_SINUSOIDAL,41.339746,25.000000,DOWN,TRANSIENT,51.710000,52.500000,25.042000,25.042000,120,0.008333
561.000000,562,DY-SIN-003,DYNAMIC_SINUSOIDAL,41.089935,25.000000,DOWN,TRANSIENT,51.460000,52.600000,24.965000,24.965000,120,0.008333
562.000000,563,DY-SIN-003,DYNAMIC_SINUSOIDAL,40.864545,25.000000,DOWN,TRANSIENT,51.160000,52.300000,25.108000,25.108000,120,0.008333
563.000000,564,DY-SIN-003,DYNAMIC_SINUSOIDAL,40.664196,25.000000,DOWN,TRANSIENT,50.920000,52.600000,25.029000,25.029000,120,0.008333
564.000000,565,DY-SIN-003,DYNAMIC_SINUSOIDAL,40.489435,25.000000,DOWN,TRANSIENT,50.590000,52.800000,24.992000,24.992000,120,0.008333
565.000000,566,DY-SIN-003,DYNAMIC_SINUSOIDAL,40.340742,25.000000,DOWN,TRANSIENT,50.360000,52.100000,25.021000,25.021000,120,0.008333
566.000000,567,DY-SIN-003,DYNAMIC_SINUSOIDAL,40.218524,25.000000,DOWN,TRANSIENT,50.150000,52.400000,24.973000,24.973000,120,0.008333
567.000000,568,DY-SIN-003,DYNAMIC_SINUSOIDAL,40.123117,25.000000,DOWN,TRANSIENT,49.880000,51.900000,25.034000,25.034000,120,0.008333
568.000000,569,DY-SIN-003,DYNAMIC_SINUSOIDAL,40.054781,25.000000,DOWN,TRANSIENT,49.530000,51.600000,25.048000,25.048000,120,0.008333
569.000000,570,DY-SIN-003,DYNAMIC_SINUSOIDAL,40.013705,25.000000,DOWN,TRANSIENT,49.230000,52.000000,24.981000,24.981000,120,0.008333
570.000000,571,DY-SIN-003,DYNAMIC_SINUSOIDAL,40.000000,25.000000,DOWN,TRANSIENT,49.030000,51.500000,25.003000,25.003000,120,0.008333
571.000000,572,DY-SIN-003,DYNAMIC_SINUSOIDAL,40.013705,25.000000,UP,TRANSIENT,48.800000,50.300000,25.034000,25.034000,120,0.008333
572.000000,573,DY-SIN-003,DYNAMIC_SINUSOIDAL,40.054781,25.000000,UP,TRANSIENT,48.550000,50.800000,25.062000,25.062000,120,0.008333
573.000000,574,DY-SIN-003,DYNAMIC_SINUSOIDAL,40.123117,25.000000,UP,TRANSIENT,48.240000,50.400000,25.063000,25.063000,120,0.008333
574.000000,575,DY-SIN-003,DYNAMIC_SINUSOIDAL,40.218524,25.000000,UP,TRANSIENT,47.950000,50.700000,24.972000,24.972000,120,0.008333
575.000000,576,DY-SIN-003,DYNAMIC_SINUSOIDAL,40.340742,25.000000,UP,TRANSIENT,47.710000,50.200000,24.963000,24.963000,120,0.008333
576.000000,577,DY-SIN-003,DYNAMIC_SINUSOIDAL,40.489435,25.000000,UP,TRANSIENT,47.520000,50.200000,25.032000,25.032000,120,0.008333
577.000000,578,DY-SIN-003,DYNAMIC_SINUSOIDAL,40.664196,25.000000,UP,TRANSIENT,47.350000,49.900000,25.025000,25.025000,120,0.008333
578.000000,579,DY-SIN-003,DYNAMIC_SINUSOIDAL,40.864545,25.000000,UP,TRANSIENT,47.060000,49.500000,25.008000,25.008000,120,0.008333
579.000000,580,DY-SIN-003,DYNAMIC_SINUSOIDAL,41.089935,25.000000,UP,TRANSIENT,46.890000,49.100000,25.034000,25.034000,120,0.008333
580.000000,581,DY-SIN-003,DYNAMIC_SINUSOIDAL,41.339746,25.000000,UP,TRANSIENT,46.660000,49.400000,24.979000,24.979000,120,0.008333
581.000000,582,DY-SIN-003,DYNAMIC_SINUSOIDAL,41.613294,25.000000,UP,TRANSIENT,46.550000,48.900000,25.016000,25.016000,120,0.008333
582.000000,583,DY-SIN-003,DYNAMIC_SINUSOIDAL,41.909830,25.000000,UP,TRANSIENT,46.290000,49.200000,25.046000,25.046000,120,0.008333
583.000000,584,DY-SIN-003,DYNAMIC_SINUSOIDAL,42.228540,25.000000,UP,TRANSIENT,46.180000,48.800000,25.017000,25.017000,120,0.008333
584.000000,585,DY-SIN-003,DYNAMIC_SINUSOIDAL,42.568552,25.000000,UP,TRANSIENT,46.030000,49.200000,25.017000,25.017000,120,0.008333
585.000000,586,DY-SIN-003,DYNAMIC_SINUSOIDAL,42.928932,25.000000,UP,TRANSIENT,45.830000,48.600000,25.001000,25.001000,120,0.008333
586.000000,587,DY-SIN-003,DYNAMIC_SINUSOIDAL,43.308694,25.000000,UP,TRANSIENT,45.740000,47.900000,25.020000,25.020000,120,0.008333
587.000000,588,DY-SIN-003,DYNAMIC_SINUSOIDAL,43.706796,25.000000,UP,TRANSIENT,45.570000,48.300000,25.015000,25.015000,120,0.008333
588.000000,589,DY-SIN-003,DYNAMIC_SINUSOIDAL,44.122147,25.000000,UP,TRANSIENT,45.470000,48.400000,24.984000,24.984000,120,0.008333
589.000000,590,DY-SIN-003,DYNAMIC_SINUSOIDAL,44.553610,25.000000,UP,TRANSIENT,45.400000,48.300000,24.992000,24.992000,120,0.008333
590.000000,591,DY-SIN-003,DYNAMIC_SINUSOIDAL,45.000000,25.000000,UP,TRANSIENT,45.390000,47.700000,25.044000,25.044000,120,0.008333
591.000000,592,DY-SIN-003,DYNAMIC_SINUSOIDAL,45.460095,25.000000,UP,TRANSIENT,45.260000,47.500000,25.056000,25.056000,120,0.008333
592.000000,593,DY-SIN-003,DYNAMIC_SINUSOIDAL,45.932634,25.000000,UP,TRANSIENT,45.210000,47.100000,24.999000,24.999000,120,0.008333
593.000000,594,DY-SIN-003,DYNAMIC_SINUSOIDAL,46.416321,25.000000,UP,TRANSIENT,45.140000,47.000000,25.031000,25.031000,120,0.008333
594.000000,595,DY-SIN-003,DYNAMIC_SINUSOIDAL,46.909830,25.000000,UP,TRANSIENT,45.170000,46.800000,25.006000,25.006000,120,0.008333
595.000000,596,DY-SIN-003,DYNAMIC_SINUSOIDAL,47.411810,25.000000,UP,TRANSIENT,44.990000,47.300000,25.053000,25.053000,120,0.008333
596.000000,597,DY-SIN-003,DYNAMIC_SINUSOIDAL,47.920883,25.000000,UP,TRANSIENT,45.060000,47.000000,25.014000,25.014000,120,0.008333
597.000000,598,DY-SIN-003,DYNAMIC_SINUSOIDAL,48.435655,25.000000,UP,TRANSIENT,45.080000,47.000000,24.973000,24.973000,120,0.008333
598.000000,599,DY-SIN-003,DYNAMIC_SINUSOIDAL,48.954715,25.000000,UP,TRANSIENT,45.100000,46.700000,25.027000,25.027000,120,0.008333
599.000000,600,DY-SIN-003,DYNAMIC_SINUSOIDAL,49.476640,25.000000,UP,TRANSIENT,45.190000,46.300000,25.001000,25.001000,120,0.008333
600.000000,601,DY-SIN-003,DYNAMIC_SINUSOIDAL,50.000000,25.000000,UP,TRANSIENT,45.190000,46.300000,25.021000,25.021000,120,0.008333
0.000000,1,DY-SIN-004,DYNAMIC_SINUSOIDAL,50.000000,25.000000,DOWN,TRANSIENT,50.350000,49.500000,24.985000,24.985000,60,0.016667
1.000000,2,DY-SIN-004,DYNAMIC_SINUSOIDAL,51.045285,25.000000,UP,TRANSIENT,50.320000,49.400000,24.971000,24.971000,60,0.016667
2.000000,3,DY-SIN-004,DYNAMIC_SINUSOIDAL,52.079117,25.000000,UP,TRANSIENT,50.320000,49.200000,24.986000,24.986000,60,0.016667
3.000000,4,DY-SIN-004,DYNAMIC_SINUSOIDAL,53.090170,25.000000,UP,TRANSIENT,50.340000,49.100000,25.038000,25.038000,60,0.016667
4.000000,5,DY-SIN-004,DYNAMIC_SINUSOIDAL,54.067366,25.000000,UP,TRANSIENT,50.310000,49.200000,24.998000,24.998000,60,0.016667
5.000000,6,DY-SIN-004,DYNAMIC_SINUSOIDAL,55.000000,25.000000,UP,TRANSIENT,50.290000,48.900000,24.998000,24.998000,60,0.016667
6.000000,7,DY-SIN-004,DYNAMIC_SINUSOIDAL,55.877853,25.000000,UP,TRANSIENT,50.300000,48.700000,25.059000,25.059000,60,0.016667
7.000000,8,DY-SIN-004,DYNAMIC_SINUSOIDAL,56.691306,25.000000,UP,TRANSIENT,50.390000,49.400000,25.041000,25.041000,60,0.016667
8.000000,9,DY-SIN-004,DYNAMIC_SINUSOIDAL,57.431448,25.000000,UP,TRANSIENT,50.400000,49.600000,25.090000,25.090000,60,0.016667
9.000000,10,DY-SIN-004,DYNAMIC_SINUSOIDAL,58.090170,25.000000,UP,TRANSIENT,50.500000,48.800000,25.072000,25.072000,60,0.016667
10.000000,11,DY-SIN-004,DYNAMIC_SINUSOIDAL,58.660254,25.000000,UP,TRANSIENT,50.690000,48.900000,25.066000,25.066000,60,0.016667
11.000000,12,DY-SIN-004,DYNAMIC_SINUSOIDAL,59.135455,25.000000,UP,TRANSIENT,50.800000,49.500000,24.973000,24.973000,60,0.016667
12.000000,13,DY-SIN-004,DYNAMIC_SINUSOIDAL,59.510565,25.000000,UP,TRANSIENT,50.950000,49.300000,25.095000,25.095000,60,0.016667
13.000000,14,DY-SIN-004,DYNAMIC_SINUSOIDAL,59.781476,25.000000,UP,TRANSIENT,51.040000,49.500000,25.052000,25.052000,60,0.016667
14.000000,15,DY-SIN-004,DYNAMIC_SINUSOIDAL,59.945219,25.000000,UP,TRANSIENT,51.220000,49.200000,25.017000,25.017000,60,0.016667
15.000000,16,DY-SIN-004,DYNAMIC_SINUSOIDAL,60.000000,25.000000,UP,TRANSIENT,51.440000,48.900000,24.973000,24.973000,60,0.016667
16.000000,17,DY-SIN-004,DYNAMIC_SINUSOIDAL,59.945219,25.000000,DOWN,TRANSIENT,51.610000,50.100000,25.031000,25.031000,60,0.016667
17.000000,18,DY-SIN-004,DYNAMIC_SINUSOIDAL,59.781476,25.000000,DOWN,TRANSIENT,51.840000,50.300000,24.995000,24.995000,60,0.016667
18.000000,19,DY-SIN-004,DYNAMIC_SINUSOIDAL,59.510565,25.000000,DOWN,TRANSIENT,51.960000,50.200000,25.045000,25.045000,60,0.016667
19.000000,20,DY-SIN-004,DYNAMIC_SINUSOIDAL,59.135455,25.000000,DOWN,TRANSIENT,52.270000,50.400000,25.036000,25.036000,60,0.016667
20.000000,21,DY-SIN-004,DYNAMIC_SINUSOIDAL,58.660254,25.000000,DOWN,TRANSIENT,52.460000,50.600000,25.018000,25.018000,60,0.016667
21.000000,22,DY-SIN-004,DYNAMIC_SINUSOIDAL,58.090170,25.000000,DOWN,TRANSIENT,52.640000,50.500000,24.984000,24.984000,60,0.016667
22.000000,23,DY-SIN-004,DYNAMIC_SINUSOIDAL,57.431448,25.000000,DOWN,TRANSIENT,52.880000,50.700000,25.037000,25.037000,60,0.016667
23.000000,24,DY-SIN-004,DYNAMIC_SINUSOIDAL,56.691306,25.000000,DOWN,TRANSIENT,53.040000,50.800000,25.061000,25.061000,60,0.016667
24.000000,25,DY-SIN-004,DYNAMIC_SINUSOIDAL,55.877853,25.000000,DOWN,TRANSIENT,53.330000,51.100000,24.993000,24.993000,60,0.016667
25.000000,26,DY-SIN-004,DYNAMIC_SINUSOIDAL,55.000000,25.000000,DOWN,TRANSIENT,53.470000,50.800000,25.096000,25.096000,60,0.016667
26.000000,27,DY-SIN-004,DYNAMIC_SINUSOIDAL,54.067366,25.000000,DOWN,TRANSIENT,53.680000,50.400000,25.000000,25.000000,60,0.016667
27.000000,28,DY-SIN-004,DYNAMIC_SINUSOIDAL,53.090170,25.000000,DOWN,TRANSIENT,53.750000,51.100000,24.983000,24.983000,60,0.016667
28.000000,29,DY-SIN-004,DYNAMIC_SINUSOIDAL,52.079117,25.000000,DOWN,TRANSIENT,53.970000,51.000000,24.994000,24.994000,60,0.016667
29.000000,30,DY-SIN-004,DYNAMIC_SINUSOIDAL,51.045285,25.000000,DOWN,TRANSIENT,54.060000,51.400000,25.043000,25.043000,60,0.016667
30.000000,31,DY-SIN-004,DYNAMIC_SINUSOIDAL,50.000000,25.000000,DOWN,TRANSIENT,54.100000,51.300000,25.020000,25.020000,60,0.016667
31.000000,32,DY-SIN-004,DYNAMIC_SINUSOIDAL,48.954715,25.000000,DOWN,TRANSIENT,54.150000,52.100000,25.018000,25.018000,60,0.016667
32.000000,33,DY-SIN-004,DYNAMIC_SINUSOIDAL,47.920883,25.000000,DOWN,TRANSIENT,54.190000,51.900000,24.974000,24.974000,60,0.016667
33.000000,34,DY-SIN-004,DYNAMIC_SINUSOIDAL,46.909830,25.000000,DOWN,TRANSIENT,54.180000,52.000000,25.044000,25.044000,60,0.016667
34.000000,35,DY-SIN-004,DYNAMIC_SINUSOIDAL,45.932634,25.000000,DOWN,TRANSIENT,54.120000,51.700000,25.006000,25.006000,60,0.016667
35.000000,36,DY-SIN-004,DYNAMIC_SINUSOIDAL,45.000000,25.000000,DOWN,TRANSIENT,54.070000,51.700000,25.037000,25.037000,60,0.016667
36.000000,37,DY-SIN-004,DYNAMIC_SINUSOIDAL,44.122147,25.000000,DOWN,TRANSIENT,53.950000,52.100000,24.994000,24.994000,60,0.016667
37.000000,38,DY-SIN-004,DYNAMIC_SINUSOIDAL,43.308694,25.000000,DOWN,TRANSIENT,53.840000,51.800000,24.994000,24.994000,60,0.016667
38.000000,39,DY-SIN-004,DYNAMIC_SINUSOIDAL,42.568552,25.000000,DOWN,TRANSIENT,53.670000,52.300000,24.961000,24.961000,60,0.016667
39.000000,40,DY-SIN-004,DYNAMIC_SINUSOIDAL,41.909830,25.000000,DOWN,TRANSIENT,53.550000,52.100000,24.993000,24.993000,60,0.016667
40.000000,41,DY-SIN-004,DYNAMIC_SINUSOIDAL,41.339746,25.000000,DOWN,TRANSIENT,53.250000,52.200000,25.039000,25.039000,60,0.016667
41.000000,42,DY-SIN-004,DYNAMIC_SINUSOIDAL,40.864545,25.000000,DOWN,TRANSIENT,53.060000,51.900000,25.024000,25.024000,60,0.016667
42.000000,43,DY-SIN-004,DYNAMIC_SINUSOIDAL,40.489435,25.000000,DOWN,TRANSIENT,52.830000,52.400000,24.987000,24.987000,60,0.016667
43.000000,44,DY-SIN-004,DYNAMIC_SINUSOIDAL,40.218524,25.000000,DOWN,TRANSIENT,52.610000,51.700000,25.033000,25.033000,60,0.016667
44.000000,45,DY-SIN-004,DYNAMIC_SINUSOIDAL,40.054781,25.000000,DOWN,TRANSIENT,52.240000,52.400000,24.945000,24.945000,60,0.016667
45.000000,46,DY-SIN-004,DYNAMIC_SINUSOIDAL,40.000000,25.000000,DOWN,TRANSIENT,52.000000,52.400000,25.034000,25.034000,60,0.016667
46.000000,47,DY-SIN-004,DYNAMIC_SINUSOIDAL,40.054781,25.000000,UP,TRANSIENT,51.700000,51.900000,24.955000,24.955000,60,0.016667
47.000000,48,DY-SIN-004,DYNAMIC_SINUSOIDAL,40.218524,25.000000,UP,TRANSIENT,51.370000,51.100000,25.020000,25.020000,60,0.016667
48.000000,49,DY-SIN-004,DYNAMIC_SINUSOIDAL,40.489435,25.000000,UP,TRANSIENT,51.020000,50.900000,25.000000,25.000000,60,0.016667
49.000000,50,DY-SIN-004,DYNAMIC_SINUSOIDAL,40.864545,25.000000,UP,TRANSIENT,50.770000,51.300000,24.981000,24.981000,60,0.016667
50.000000,51,DY-SIN-004,DYNAMIC_SINUSOIDAL,41.339746,25.000000,UP,TRANSIENT,50.460000,51.000000,25.007000,25.007000,60,0.016667
51.000000,52,DY-SIN-004,DYNAMIC_SINUSOIDAL,41.909830,25.000000,UP,TRANSIENT,50.210000,51.000000,24.985000,24.985000,60,0.016667
52.000000,53,DY-SIN-004,DYNAMIC_SINUSOIDAL,42.568552,25.000000,UP,TRANSIENT,49.850000,50.700000,25.031000,25.031000,60,0.016667
53.000000,54,DY-SIN-004,DYNAMIC_SINUSOIDAL,43.308694,25.000000,UP,TRANSIENT,49.610000,50.500000,25.021000,25.021000,60,0.016667
54.000000,55,DY-SIN-004,DYNAMIC_SINUSOIDAL,44.122147,25.000000,UP,TRANSIENT,49.380000,50.600000,25.017000,25.017000,60,0.016667
55.000000,56,DY-SIN-004,DYNAMIC_SINUSOIDAL,45.000000,25.000000,UP,TRANSIENT,49.110000,50.900000,24.973000,24.973000,60,0.016667
56.000000,57,DY-SIN-004,DYNAMIC_SINUSOIDAL,45.932634,25.000000,UP,TRANSIENT,48.920000,50.700000,25.005000,25.005000,60,0.016667
57.000000,58,DY-SIN-004,DYNAMIC_SINUSOIDAL,46.909830,25.000000,UP,TRANSIENT,48.720000,50.000000,25.025000,25.025000,60,0.016667
58.000000,59,DY-SIN-004,DYNAMIC_SINUSOIDAL,47.920883,25.000000,UP,TRANSIENT,48.520000,50.000000,25.043000,25.043000,60,0.016667
59.000000,60,DY-SIN-004,DYNAMIC_SINUSOIDAL,48.954715,25.000000,UP,TRANSIENT,48.420000,49.900000,25.022000,25.022000,60,0.016667
60.000000,61,DY-SIN-004,DYNAMIC_SINUSOIDAL,50.000000,25.000000,UP,TRANSIENT,48.230000,50.400000,25.033000,25.033000,60,0.016667
61.000000,62,DY-SIN-004,DYNAMIC_SINUSOIDAL,51.045285,25.000000,UP,TRANSIENT,48.130000,49.800000,25.030000,25.030000,60,0.016667
62.000000,63,DY-SIN-004,DYNAMIC_SINUSOIDAL,52.079117,25.000000,UP,TRANSIENT,48.120000,49.600000,25.023000,25.023000,60,0.016667
63.000000,64,DY-SIN-004,DYNAMIC_SINUSOIDAL,53.090170,25.000000,UP,TRANSIENT,48.110000,49.700000,25.017000,25.017000,60,0.016667
64.000000,65,DY-SIN-004,DYNAMIC_SINUSOIDAL,54.067366,25.000000,UP,TRANSIENT,48.010000,49.700000,25.044000,25.044000,60,0.016667
65.000000,66,DY-SIN-004,DYNAMIC_SINUSOIDAL,55.000000,25.000000,UP,TRANSIENT,48.030000,49.200000,25.000000,25.000000,60,0.016667
66.000000,67,DY-SIN-004,DYNAMIC_SINUSOIDAL,55.877853,25.000000,UP,TRANSIENT,48.050000,49.300000,25.019000,25.019000,60,0.016667
67.000000,68,DY-SIN-004,DYNAMIC_SINUSOIDAL,56.691306,25.000000,UP,TRANSIENT,48.110000,48.900000,25.013000,25.013000,60,0.016667
68.000000,69,DY-SIN-004,DYNAMIC_SINUSOIDAL,57.431448,25.000000,UP,TRANSIENT,48.220000,49.100000,25.049000,25.049000,60,0.016667
69.000000,70,DY-SIN-004,DYNAMIC_SINUSOIDAL,58.090170,25.000000,UP,TRANSIENT,48.380000,49.300000,25.030000,25.030000,60,0.016667
70.000000,71,DY-SIN-004,DYNAMIC_SINUSOIDAL,58.660254,25.000000,UP,TRANSIENT,48.500000,48.800000,25.040000,25.040000,60,0.016667
71.000000,72,DY-SIN-004,DYNAMIC_SINUSOIDAL,59.135455,25.000000,UP,TRANSIENT,48.710000,49.000000,24.956000,24.956000,60,0.016667
72.000000,73,DY-SIN-004,DYNAMIC_SINUSOIDAL,59.510565,25.000000,UP,TRANSIENT,48.920000,48.700000,25.087000,25.087000,60,0.016667
73.000000,74,DY-SIN-004,DYNAMIC_SINUSOIDAL,59.781476,25.000000,UP,TRANSIENT,49.050000,48.900000,24.972000,24.972000,60,0.016667
74.000000,75,DY-SIN-004,DYNAMIC_SINUSOIDAL,59.945219,25.000000,UP,TRANSIENT,49.310000,48.800000,25.073000,25.073000,60,0.016667
75.000000,76,DY-SIN-004,DYNAMIC_SINUSOIDAL,60.000000,25.000000,UP,TRANSIENT,49.510000,48.900000,24.945000,24.945000,60,0.016667
76.000000,77,DY-SIN-004,DYNAMIC_SINUSOIDAL,59.945219,25.000000,DOWN,TRANSIENT,49.800000,49.900000,25.011000,25.011000,60,0.016667
77.000000,78,DY-SIN-004,DYNAMIC_SINUSOIDAL,59.781476,25.000000,DOWN,TRANSIENT,50.080000,49.900000,25.023000,25.023000,60,0.016667
78.000000,79,DY-SIN-004,DYNAMIC_SINUSOIDAL,59.510565,25.000000,DOWN,TRANSIENT,50.240000,49.700000,25.085000,25.085000,60,0.016667
79.000000,80,DY-SIN-004,DYNAMIC_SINUSOIDAL,59.135455,25.000000,DOWN,TRANSIENT,50.580000,49.500000,25.025000,25.025000,60,0.016667
80.000000,81,DY-SIN-004,DYNAMIC_SINUSOIDAL,58.660254,25.000000,DOWN,TRANSIENT,50.800000,49.200000,25.051000,25.051000,60,0.016667
81.000000,82,DY-SIN-004,DYNAMIC_SINUSOIDAL,58.090170,25.000000,DOWN,TRANSIENT,51.070000,49.600000,24.973000,24.973000,60,0.016667
82.000000,83,DY-SIN-004,DYNAMIC_SINUSOIDAL,57.431448,25.000000,DOWN,TRANSIENT,51.370000,49.300000,25.049000,25.049000,60,0.016667
83.000000,84,DY-SIN-004,DYNAMIC_SINUSOIDAL,56.691306,25.000000,DOWN,TRANSIENT,51.640000,49.800000,24.995000,24.995000,60,0.016667
84.000000,85,DY-SIN-004,DYNAMIC_SINUSOIDAL,55.877853,25.000000,DOWN,TRANSIENT,51.980000,49.700000,25.068000,25.068000,60,0.016667
85.000000,86,DY-SIN-004,DYNAMIC_SINUSOIDAL,55.000000,25.000000,DOWN,TRANSIENT,52.200000,50.100000,25.008000,25.008000,60,0.016667
86.000000,87,DY-SIN-004,DYNAMIC_SINUSOIDAL,54.067366,25.000000,DOWN,TRANSIENT,52.380000,50.400000,25.027000,25.027000,60,0.016667
87.000000,88,DY-SIN-004,DYNAMIC_SINUSOIDAL,53.090170,25.000000,DOWN,TRANSIENT,52.590000,50.300000,25.045000,25.045000,60,0.016667
88.000000,89,DY-SIN-004,DYNAMIC_SINUSOIDAL,52.079117,25.000000,DOWN,TRANSIENT,52.720000,50.300000,24.991000,24.991000,60,0.016667
89.000000,90,DY-SIN-004,DYNAMIC_SINUSOIDAL,51.045285,25.000000,DOWN,TRANSIENT,52.840000,50.500000,25.019000,25.019000,60,0.016667
90.000000,91,DY-SIN-004,DYNAMIC_SINUSOIDAL,50.000000,25.000000,DOWN,TRANSIENT,52.980000,50.700000,25.040000,25.040000,60,0.016667
91.000000,92,DY-SIN-004,DYNAMIC_SINUSOIDAL,48.954715,25.000000,DOWN,TRANSIENT,53.090000,50.600000,25.036000,25.036000,60,0.016667
92.000000,93,DY-SIN-004,DYNAMIC_SINUSOIDAL,47.920883,25.000000,DOWN,TRANSIENT,53.090000,50.700000,24.982000,24.982000,60,0.016667
93.000000,94,DY-SIN-004,DYNAMIC_SINUSOIDAL,46.909830,25.000000,DOWN,TRANSIENT,53.130000,51.000000,25.043000,25.043000,60,0.016667
94.000000,95,DY-SIN-004,DYNAMIC_SINUSOIDAL,45.932634,25.000000,DOWN,TRANSIENT,53.110000,51.000000,25.037000,25.037000,60,0.016667
95.000000,96,DY-SIN-004,DYNAMIC_SINUSOIDAL,45.000000,25.000000,DOWN,TRANSIENT,53.090000,51.100000,25.060000,25.060000,60,0.016667
96.000000,97,DY-SIN-004,DYNAMIC_SINUSOIDAL,44.122147,25.000000,DOWN,TRANSIENT,53.030000,50.600000,25.030000,25.030000,60,0.016667
97.000000,98,DY-SIN-004,DYNAMIC_SINUSOIDAL,43.308694,25.000000,DOWN,TRANSIENT,52.920000,51.500000,25.074000,25.074000,60,0.016667
98.000000,99,DY-SIN-004,DYNAMIC_SINUSOIDAL,42.568552,25.000000,DOWN,TRANSIENT,52.810000,51.300000,25.020000,25.020000,60,0.016667
99.000000,100,DY-SIN-004,DYNAMIC_SINUSOIDAL,41.909830,25.000000,DOWN,TRANSIENT,52.640000,51.400000,24.984000,24.984000,60,0.016667
100.000000,101,DY-SIN-004,DYNAMIC_SINUSOIDAL,41.339746,25.000000,DOWN,TRANSIENT,52.520000,51.400000,24.991000,24.991000,60,0.016667
101.000000,102,DY-SIN-004,DYNAMIC_SINUSOIDAL,40.864545,25.000000,DOWN,TRANSIENT,52.290000,51.500000,25.001000,25.001000,60,0.016667
102.000000,103,DY-SIN-004,DYNAMIC_SINUSOIDAL,40.489435,25.000000,DOWN,TRANSIENT,52.080000,51.400000,25.074000,25.074000,60,0.016667
103.000000,104,DY-SIN-004,DYNAMIC_SINUSOIDAL,40.218524,25.000000,DOWN,TRANSIENT,51.860000,51.300000,25.036000,25.036000,60,0.016667
104.000000,105,DY-SIN-004,DYNAMIC_SINUSOIDAL,40.054781,25.000000,DOWN,TRANSIENT,51.540000,51.200000,25.009000,25.009000,60,0.016667
105.000000,106,DY-SIN-004,DYNAMIC_SINUSOIDAL,40.000000,25.000000,DOWN,TRANSIENT,51.270000,51.100000,24.954000,24.954000,60,0.016667
106.000000,107,DY-SIN-004,DYNAMIC_SINUSOIDAL,40.054781,25.000000,UP,TRANSIENT,50.940000,50.300000,25.005000,25.005000,60,0.016667
107.000000,108,DY-SIN-004,DYNAMIC_SINUSOIDAL,40.218524,25.000000,UP,TRANSIENT,50.740000,50.700000,25.013000,25.013000,60,0.016667
108.000000,109,DY-SIN-004,DYNAMIC_SINUSOIDAL,40.489435,25.000000,UP,TRANSIENT,50.400000,50.500000,24.992000,24.992000,60,0.016667
109.000000,110,DY-SIN-004,DYNAMIC_SINUSOIDAL,40.864545,25.000000,UP,TRANSIENT,50.200000,50.200000,24.982000,24.982000,60,0.016667
110.000000,111,DY-SIN-004,DYNAMIC_SINUSOIDAL,41.339746,25.000000,UP,TRANSIENT,49.890000,50.300000,25.004000,25.004000,60,0.016667
111.000000,112,DY-SIN-004,DYNAMIC_SINUSOIDAL,41.909830,25.000000,UP,TRANSIENT,49.550000,50.400000,25.025000,25.025000,60,0.016667
112.000000,113,DY-SIN-004,DYNAMIC_SINUSOIDAL,42.568552,25.000000,UP,TRANSIENT,49.310000,49.900000,25.029000,25.029000,60,0.016667
113.000000,114,DY-SIN-004,DYNAMIC_SINUSOIDAL,43.308694,25.000000,UP,TRANSIENT,49.050000,50.300000,25.040000,25.040000,60,0.016667
114.000000,115,DY-SIN-004,DYNAMIC_SINUSOIDAL,44.122147,25.000000,UP,TRANSIENT,48.800000,50.100000,25.053000,25.053000,60,0.016667
115.000000,116,DY-SIN-004,DYNAMIC_SINUSOIDAL,45.000000,25.000000,UP,TRANSIENT,48.600000,49.600000,24.963000,24.963000,60,0.016667
116.000000,117,DY-SIN-004,DYNAMIC_SINUSOIDAL,45.932634,25.000000,UP,TRANSIENT,48.430000,50.100000,25.015000,25.015000,60,0.016667
117.000000,118,DY-SIN-004,DYNAMIC_SINUSOIDAL,46.909830,25.000000,UP,TRANSIENT,48.180000,50.300000,25.077000,25.077000,60,0.016667
118.000000,119,DY-SIN-004,DYNAMIC_SINUSOIDAL,47.920883,25.000000,UP,TRANSIENT,48.000000,49.500000,25.068000,25.068000,60,0.016667
119.000000,120,DY-SIN-004,DYNAMIC_SINUSOIDAL,48.954715,25.000000,UP,TRANSIENT,47.950000,49.200000,25.021000,25.021000,60,0.016667
120.000000,121,DY-SIN-004,DYNAMIC_SINUSOIDAL,50.000000,25.000000,UP,TRANSIENT,47.790000,49.700000,25.051000,25.051000,60,0.016667
121.000000,122,DY-SIN-004,DYNAMIC_SINUSOIDAL,51.045285,25.000000,UP,TRANSIENT,47.680000,49.600000,25.044000,25.044000,60,0.016667
122.000000,123,DY-SIN-004,DYNAMIC_SINUSOIDAL,52.079117,25.000000,UP,TRANSIENT,47.650000,49.000000,25.008000,25.008000,60,0.016667
123.000000,124,DY-SIN-004,DYNAMIC_SINUSOIDAL,53.090170,25.000000,UP,TRANSIENT,47.580000,49.500000,25.049000,25.049000,60,0.016667
124.000000,125,DY-SIN-004,DYNAMIC_SINUSOIDAL,54.067366,25.000000,UP,TRANSIENT,47.640000,48.600000,25.046000,25.046000,60,0.016667
125.000000,126,DY-SIN-004,DYNAMIC_SINUSOIDAL,55.000000,25.000000,UP,TRANSIENT,47.690000,48.600000,24.968000,24.968000,60,0.016667
126.000000,127,DY-SIN-004,DYNAMIC_SINUSOIDAL,55.877853,25.000000,UP,TRANSIENT,47.720000,49.000000,25.004000,25.004000,60,0.016667
127.000000,128,DY-SIN-004,DYNAMIC_SINUSOIDAL,56.691306,25.000000,UP,TRANSIENT,47.820000,48.800000,25.002000,25.002000,60,0.016667
128.000000,129,DY-SIN-004,DYNAMIC_SINUSOIDAL,57.431448,25.000000,UP,TRANSIENT,47.940000,48.100000,25.062000,25.062000,60,0.016667
129.000000,130,DY-SIN-004,DYNAMIC_SINUSOIDAL,58.090170,25.000000,UP,TRANSIENT,48.020000,48.800000,25.003000,25.003000,60,0.016667
130.000000,131,DY-SIN-004,DYNAMIC_SINUSOIDAL,58.660254,25.000000,UP,TRANSIENT,48.210000,48.200000,24.994000,24.994000,60,0.016667
131.000000,132,DY-SIN-004,DYNAMIC_SINUSOIDAL,59.135455,25.000000,UP,TRANSIENT,48.380000,48.700000,25.003000,25.003000,60,0.016667
132.000000,133,DY-SIN-004,DYNAMIC_SINUSOIDAL,59.510565,25.000000,UP,TRANSIENT,48.630000,49.000000,25.011000,25.011000,60,0.016667
133.000000,134,DY-SIN-004,DYNAMIC_SINUSOIDAL,59.781476,25.000000,UP,TRANSIENT,48.790000,48.200000,24.983000,24.983000,60,0.016667
134.000000,135,DY-SIN-004,DYNAMIC_SINUSOIDAL,59.945219,25.000000,UP,TRANSIENT,49.000000,48.000000,25.019000,25.019000,60,0.016667
135.000000,136,DY-SIN-004,DYNAMIC_SINUSOIDAL,60.000000,25.000000,UP,TRANSIENT,49.270000,48.300000,25.028000,25.028000,60,0.016667
136.000000,137,DY-SIN-004,DYNAMIC_SINUSOIDAL,59.945219,25.000000,DOWN,TRANSIENT,49.520000,49.400000,25.013000,25.013000,60,0.016667
137.000000,138,DY-SIN-004,DYNAMIC_SINUSOIDAL,59.781476,25.000000,DOWN,TRANSIENT,49.850000,48.900000,25.039000,25.039000,60,0.016667
138.000000,139,DY-SIN-004,DYNAMIC_SINUSOIDAL,59.510565,25.000000,DOWN,TRANSIENT,50.040000,49.400000,24.979000,24.979000,60,0.016667
139.000000,140,DY-SIN-004,DYNAMIC_SINUSOIDAL,59.135455,25.000000,DOWN,TRANSIENT,50.330000,48.800000,25.010000,25.010000,60,0.016667
140.000000,141,DY-SIN-004,DYNAMIC_SINUSOIDAL,58.660254,25.000000,DOWN,TRANSIENT,50.670000,49.300000,24.977000,24.977000,60,0.016667
141.000000,142,DY-SIN-004,DYNAMIC_SINUSOIDAL,58.090170,25.000000,DOWN,TRANSIENT,50.980000,49.700000,25.019000,25.019000,60,0.016667
142.000000,143,DY-SIN-004,DYNAMIC_SINUSOIDAL,57.431448,25.000000,DOWN,TRANSIENT,51.270000,49.500000,25.058000,25.058000,60,0.016667
143.000000,144,DY-SIN-004,DYNAMIC_SINUSOIDAL,56.691306,25.000000,DOWN,TRANSIENT,51.480000,49.700000,25.046000,25.046000,60,0.016667
144.000000,145,DY-SIN-004,DYNAMIC_SINUSOIDAL,55.877853,25.000000,DOWN,TRANSIENT,51.690000,49.600000,24.990000,24.990000,60,0.016667
145.000000,146,DY-SIN-004,DYNAMIC_SINUSOIDAL,55.000000,25.000000,DOWN,TRANSIENT,51.950000,50.300000,25.000000,25.000000,60,0.016667
146.000000,147,DY-SIN-004,DYNAMIC_SINUSOIDAL,54.067366,25.000000,DOWN,TRANSIENT,52.180000,49.600000,25.010000,25.010000,60,0.016667
147.000000,148,DY-SIN-004,DYNAMIC_SINUSOIDAL,53.090170,25.000000,DOWN,TRANSIENT,52.340000,49.900000,25.070000,25.070000,60,0.016667
148.000000,149,DY-SIN-004,DYNAMIC_SINUSOIDAL,52.079117,25.000000,DOWN,TRANSIENT,52.540000,50.400000,25.057000,25.057000,60,0.016667
149.000000,150,DY-SIN-004,DYNAMIC_SINUSOIDAL,51.045285,25.000000,DOWN,TRANSIENT,52.650000,50.300000,25.037000,25.037000,60,0.016667
150.000000,151,DY-SIN-004,DYNAMIC_SINUSOIDAL,50.000000,25.000000,DOWN,TRANSIENT,52.760000,50.400000,24.994000,24.994000,60,0.016667
151.000000,152,DY-SIN-004,DYNAMIC_SINUSOIDAL,48.954715,25.000000,DOWN,TRANSIENT,52.840000,50.200000,24.996000,24.996000,60,0.016667
152.000000,153,DY-SIN-004,DYNAMIC_SINUSOIDAL,47.920883,25.000000,DOWN,TRANSIENT,52.990000,50.300000,25.079000,25.079000,60,0.016667
153.000000,154,DY-SIN-004,DYNAMIC_SINUSOIDAL,46.909830,25.000000,DOWN,TRANSIENT,52.940000,50.600000,24.940000,24.940000,60,0.016667
154.000000,155,DY-SIN-004,DYNAMIC_SINUSOIDAL,45.932634,25.000000,DOWN,TRANSIENT,53.000000,50.600000,24.964000,24.964000,60,0.016667
155.000000,156,DY-SIN-004,DYNAMIC_SINUSOIDAL,45.000000,25.000000,DOWN,TRANSIENT,52.960000,50.900000,25.072000,25.072000,60,0.016667
156.000000,157,DY-SIN-004,DYNAMIC_SINUSOIDAL,44.122147,25.000000,DOWN,TRANSIENT,52.810000,50.800000,24.986000,24.986000,60,0.016667
157.000000,158,DY-SIN-004,DYNAMIC_SINUSOIDAL,43.308694,25.000000,DOWN,TRANSIENT,52.840000,51.100000,25.030000,25.030000,60,0.016667
158.000000,159,DY-SIN-004,DYNAMIC_SINUSOIDAL,42.568552,25.000000,DOWN,TRANSIENT,52.710000,51.000000,24.978000,24.978000,60,0.016667
159.000000,160,DY-SIN-004,DYNAMIC_SINUSOIDAL,41.909830,25.000000,DOWN,TRANSIENT,52.530000,51.000000,25.030000,25.030000,60,0.016667
160.000000,161,DY-SIN-004,DYNAMIC_SINUSOIDAL,41.339746,25.000000,DOWN,TRANSIENT,52.340000,51.200000,25.066000,25.066000,60,0.016667
161.000000,162,DY-SIN-004,DYNAMIC_SINUSOIDAL,40.864545,25.000000,DOWN,TRANSIENT,52.110000,50.900000,25.097000,25.097000,60,0.016667
162.000000,163,DY-SIN-004,DYNAMIC_SINUSOIDAL,40.489435,25.000000,DOWN,TRANSIENT,51.980000,51.000000,25.017000,25.017000,60,0.016667
163.000000,164,DY-SIN-004,DYNAMIC_SINUSOIDAL,40.218524,25.000000,DOWN,TRANSIENT,51.760000,50.900000,25.025000,25.025000,60,0.016667
164.000000,165,DY-SIN-004,DYNAMIC_SINUSOIDAL,40.054781,25.000000,DOWN,TRANSIENT,51.430000,51.200000,24.943000,24.943000,60,0.016667
165.000000,166,DY-SIN-004,DYNAMIC_SINUSOIDAL,40.000000,25.000000,DOWN,TRANSIENT,51.170000,51.400000,25.041000,25.041000,60,0.016667
166.000000,167,DY-SIN-004,DYNAMIC_SINUSOIDAL,40.054781,25.000000,UP,TRANSIENT,50.890000,50.100000,24.990000,24.990000,60,0.016667
167.000000,168,DY-SIN-004,DYNAMIC_SINUSOIDAL,40.218524,25.000000,UP,TRANSIENT,50.630000,50.700000,25.011000,25.011000,60,0.016667
168.000000,169,DY-SIN-004,DYNAMIC_SINUSOIDAL,40.489435,25.000000,UP,TRANSIENT,50.360000,50.300000,25.013000,25.013000,60,0.016667
169.000000,170,DY-SIN-004,DYNAMIC_SINUSOIDAL,40.864545,25.000000,UP,TRANSIENT,50.010000,50.300000,25.000000,25.000000,60,0.016667
170.000000,171,DY-SIN-004,DYNAMIC_SINUSOIDAL,41.339746,25.000000,UP,TRANSIENT,49.790000,50.100000,25.004000,25.004000,60,0.016667
171.000000,172,DY-SIN-004,DYNAMIC_SINUSOIDAL,41.909830,25.000000,UP,TRANSIENT,49.480000,50.000000,25.043000,25.043000,60,0.016667
172.000000,173,DY-SIN-004,DYNAMIC_SINUSOIDAL,42.568552,25.000000,UP,TRANSIENT,49.200000,49.500000,25.060000,25.060000,60,0.016667
173.000000,174,DY-SIN-004,DYNAMIC_SINUSOIDAL,43.308694,25.000000,UP,TRANSIENT,49.030000,49.800000,24.997000,24.997000,60,0.016667
174.000000,175,DY-SIN-004,DYNAMIC_SINUSOIDAL,44.122147,25.000000,UP,TRANSIENT,48.740000,50.000000,25.050000,25.050000,60,0.016667
175.000000,176,DY-SIN-004,DYNAMIC_SINUSOIDAL,45.000000,25.000000,UP,TRANSIENT,48.560000,49.500000,25.003000,25.003000,60,0.016667
176.000000,177,DY-SIN-004,DYNAMIC_SINUSOIDAL,45.932634,25.000000,UP,TRANSIENT,48.360000,49.800000,24.966000,24.966000,60,0.016667
177.000000,178,DY-SIN-004,DYNAMIC_SINUSOIDAL,46.909830,25.000000,UP,TRANSIENT,48.140000,49.500000,25.044000,25.044000,60,0.016667
178.000000,179,DY-SIN-004,DYNAMIC_SINUSOIDAL,47.920883,25.000000,UP,TRANSIENT,47.930000,49.500000,25.062000,25.062000,60,0.016667
179.000000,180,DY-SIN-004,DYNAMIC_SINUSOIDAL,48.954715,25.000000,UP,TRANSIENT,47.830000,49.100000,24.982000,24.982000,60,0.016667
180.000000,181,DY-SIN-004,DYNAMIC_SINUSOIDAL,50.000000,25.000000,UP,TRANSIENT,47.700000,49.500000,24.984000,24.984000,60,0.016667
181.000000,182,DY-SIN-004,DYNAMIC_SINUSOIDAL,51.045285,25.000000,UP,TRANSIENT,47.690000,48.800000,25.061000,25.061000,60,0.016667
182.000000,183,DY-SIN-004,DYNAMIC_SINUSOIDAL,52.079117,25.000000,UP,TRANSIENT,47.570000,48.900000,25.044000,25.044000,60,0.016667
183.000000,184,DY-SIN-004,DYNAMIC_SINUSOIDAL,53.090170,25.000000,UP,TRANSIENT,47.590000,48.500000,25.014000,25.014000,60,0.016667
184.000000,185,DY-SIN-004,DYNAMIC_SINUSOIDAL,54.067366,25.000000,UP,TRANSIENT,47.600000,48.900000,25.049000,25.049000,60,0.016667
185.000000,186,DY-SIN-004,DYNAMIC_SINUSOIDAL,55.000000,25.000000,UP,TRANSIENT,47.620000,49.200000,25.008000,25.008000,60,0.016667
186.000000,187,DY-SIN-004,DYNAMIC_SINUSOIDAL,55.877853,25.000000,UP,TRANSIENT,47.670000,48.300000,25.001000,25.001000,60,0.016667
187.000000,188,DY-SIN-004,DYNAMIC_SINUSOIDAL,56.691306,25.000000,UP,TRANSIENT,47.750000,47.800000,25.056000,25.056000,60,0.016667
188.000000,189,DY-SIN-004,DYNAMIC_SINUSOIDAL,57.431448,25.000000,UP,TRANSIENT,47.820000,48.700000,25.078000,25.078000,60,0.016667
189.000000,190,DY-SIN-004,DYNAMIC_SINUSOIDAL,58.090170,25.000000,UP,TRANSIENT,47.930000,48.200000,25.015000,25.015000,60,0.016667
190.000000,191,DY-SIN-004,DYNAMIC_SINUSOIDAL,58.660254,25.000000,UP,TRANSIENT,48.040000,48.600000,25.051000,25.051000,60,0.016667
191.000000,192,DY-SIN-004,DYNAMIC_SINUSOIDAL,59.135455,25.000000,UP,TRANSIENT,48.340000,48.300000,24.985000,24.985000,60,0.016667
192.000000,193,DY-SIN-004,DYNAMIC_SINUSOIDAL,59.510565,25.000000,UP,TRANSIENT,48.470000,48.200000,25.046000,25.046000,60,0.016667
193.000000,194,DY-SIN-004,DYNAMIC_SINUSOIDAL,59.781476,25.000000,UP,TRANSIENT,48.790000,47.800000,25.031000,25.031000,60,0.016667
194.000000,195,DY-SIN-004,DYNAMIC_SINUSOIDAL,59.945219,25.000000,UP,TRANSIENT,48.900000,48.300000,25.093000,25.093000,60,0.016667
195.000000,196,DY-SIN-004,DYNAMIC_SINUSOIDAL,60.000000,25.000000,UP,TRANSIENT,49.190000,48.100000,25.012000,25.012000,60,0.016667
196.000000,197,DY-SIN-004,DYNAMIC_SINUSOIDAL,59.945219,25.000000,DOWN,TRANSIENT,49.390000,48.900000,25.010000,25.010000,60,0.016667
197.000000,198,DY-SIN-004,DYNAMIC_SINUSOIDAL,59.781476,25.000000,DOWN,TRANSIENT,49.750000,49.000000,25.006000,25.006000,60,0.016667
198.000000,199,DY-SIN-004,DYNAMIC_SINUSOIDAL,59.510565,25.000000,DOWN,TRANSIENT,49.900000,49.300000,25.051000,25.051000,60,0.016667
199.000000,200,DY-SIN-004,DYNAMIC_SINUSOIDAL,59.135455,25.000000,DOWN,TRANSIENT,50.220000,49.200000,24.992000,24.992000,60,0.016667
200.000000,201,DY-SIN-004,DYNAMIC_SINUSOIDAL,58.660254,25.000000,DOWN,TRANSIENT,50.540000,49.300000,25.014000,25.014000,60,0.016667
201.000000,202,DY-SIN-004,DYNAMIC_SINUSOIDAL,58.090170,25.000000,DOWN,TRANSIENT,50.790000,49.000000,25.033000,25.033000,60,0.016667
202.000000,203,DY-SIN-004,DYNAMIC_SINUSOIDAL,57.431448,25.000000,DOWN,TRANSIENT,51.090000,49.100000,25.089000,25.089000,60,0.016667
203.000000,204,DY-SIN-004,DYNAMIC_SINUSOIDAL,56.691306,25.000000,DOWN,TRANSIENT,51.430000,49.600000,25.030000,25.030000,60,0.016667
204.000000,205,DY-SIN-004,DYNAMIC_SINUSOIDAL,55.877853,25.000000,DOWN,TRANSIENT,51.620000,49.200000,25.047000,25.047000,60,0.016667
205.000000,206,DY-SIN-004,DYNAMIC_SINUSOIDAL,55.000000,25.000000,DOWN,TRANSIENT,51.910000,49.800000,25.032000,25.032000,60,0.016667
206.000000,207,DY-SIN-004,DYNAMIC_SINUSOIDAL,54.067366,25.000000,DOWN,TRANSIENT,52.090000,49.400000,25.060000,25.060000,60,0.016667
207.000000,208,DY-SIN-004,DYNAMIC_SINUSOIDAL,53.090170,25.000000,DOWN,TRANSIENT,52.270000,49.500000,25.006000,25.006000,60,0.016667
208.000000,209,DY-SIN-004,DYNAMIC_SINUSOIDAL,52.079117,25.000000,DOWN,TRANSIENT,52.420000,49.800000,25.000000,25.000000,60,0.016667
209.000000,210,DY-SIN-004,DYNAMIC_SINUSOIDAL,51.045285,25.000000,DOWN,TRANSIENT,52.610000,50.200000,25.022000,25.022000,60,0.016667
210.000000,211,DY-SIN-004,DYNAMIC_SINUSOIDAL,50.000000,25.000000,DOWN,TRANSIENT,52.730000,50.100000,25.022000,25.022000,60,0.016667
211.000000,212,DY-SIN-004,DYNAMIC_SINUSOIDAL,48.954715,25.000000,DOWN,TRANSIENT,52.800000,50.300000,24.976000,24.976000,60,0.016667
212.000000,213,DY-SIN-004,DYNAMIC_SINUSOIDAL,47.920883,25.000000,DOWN,TRANSIENT,52.790000,50.000000,25.070000,25.070000,60,0.016667
213.000000,214,DY-SIN-004,DYNAMIC_SINUSOIDAL,46.909830,25.000000,DOWN,TRANSIENT,52.910000,50.500000,25.055000,25.055000,60,0.016667
214.000000,215,DY-SIN-004,DYNAMIC_SINUSOIDAL,45.932634,25.000000,DOWN,TRANSIENT,52.900000,50.700000,25.058000,25.058000,60,0.016667
215.000000,216,DY-SIN-004,DYNAMIC_SINUSOIDAL,45.000000,25.000000,DOWN,TRANSIENT,52.810000,50.200000,25.020000,25.020000,60,0.016667
216.000000,217,DY-SIN-004,DYNAMIC_SINUSOIDAL,44.122147,25.000000,DOWN,TRANSIENT,52.780000,50.700000,25.038000,25.038000,60,0.016667
217.000000,218,DY-SIN-004,DYNAMIC_SINUSOIDAL,43.308694,25.000000,DOWN,TRANSIENT,52.660000,51.100000,25.010000,25.010000,60,0.016667
218.000000,219,DY-SIN-004,DYNAMIC_SINUSOIDAL,42.568552,25.000000,DOWN,TRANSIENT,52.520000,50.600000,25.019000,25.019000,60,0.016667
219.000000,220,DY-SIN-004,DYNAMIC_SINUSOIDAL,41.909830,25.000000,DOWN,TRANSIENT,52.430000,50.900000,24.920000,24.920000,60,0.016667
220.000000,221,DY-SIN-004,DYNAMIC_SINUSOIDAL,41.339746,25.000000,DOWN,TRANSIENT,52.280000,51.100000,25.001000,25.001000,60,0.016667
221.000000,222,DY-SIN-004,DYNAMIC_SINUSOIDAL,40.864545,25.000000,DOWN,TRANSIENT,52.090000,51.000000,25.094000,25.094000,60,0.016667
222.000000,223,DY-SIN-004,DYNAMIC_SINUSOIDAL,40.489435,25.000000,DOWN,TRANSIENT,52.010000,51.100000,25.101000,25.101000,60,0.016667
223.000000,224,DY-SIN-004,DYNAMIC_SINUSOIDAL,40.218524,25.000000,DOWN,TRANSIENT,51.650000,50.800000,24.996000,24.996000,60,0.016667
224.000000,225,DY-SIN-004,DYNAMIC_SINUSOIDAL,40.054781,25.000000,DOWN,TRANSIENT,51.420000,51.200000,25.039000,25.039000,60,0.016667
225.000000,226,DY-SIN-004,DYNAMIC_SINUSOIDAL,40.000000,25.000000,DOWN,TRANSIENT,51.190000,50.900000,25.037000,25.037000,60,0.016667
226.000000,227,DY-SIN-004,DYNAMIC_SINUSOIDAL,40.054781,25.000000,UP,TRANSIENT,50.880000,50.500000,24.997000,24.997000,60,0.016667
227.000000,228,DY-SIN-004,DYNAMIC_SINUSOIDAL,40.218524,25.000000,UP,TRANSIENT,50.610000,49.900000,25.008000,25.008000,60,0.016667
228.000000,229,DY-SIN-004,DYNAMIC_SINUSOIDAL,40.489435,25.000000,UP,TRANSIENT,50.360000,49.800000,25.004000,25.004000,60,0.016667
229.000000,230,DY-SIN-004,DYNAMIC_SINUSOIDAL,40.864545,25.000000,UP,TRANSIENT,50.150000,50.200000,25.049000,25.049000,60,0.016667
230.000000,231,DY-SIN-004,DYNAMIC_SINUSOIDAL,41.339746,25.000000,UP,TRANSIENT,49.790000,49.900000,25.022000,25.022000,60,0.016667
231.000000,232,DY-SIN-004,DYNAMIC_SINUSOIDAL,41.909830,25.000000,UP,TRANSIENT,49.520000,50.000000,24.984000,24.984000,60,0.016667
232.000000,233,DY-SIN-004,DYNAMIC_SINUSOIDAL,42.568552,25.000000,UP,TRANSIENT,49.260000,49.900000,25.021000,25.021000,60,0.016667
233.000000,234,DY-SIN-004,DYNAMIC_SINUSOIDAL,43.308694,25.000000,UP,TRANSIENT,49.030000,50.100000,25.027000,25.027000,60,0.016667
234.000000,235,DY-SIN-004,DYNAMIC_SINUSOIDAL,44.122147,25.000000,UP,TRANSIENT,48.770000,49.800000,24.984000,24.984000,60,0.016667
235.000000,236,DY-SIN-004,DYNAMIC_SINUSOIDAL,45.000000,25.000000,UP,TRANSIENT,48.610000,48.300000,25.013000,25.013000,60,0.016667
236.000000,237,DY-SIN-004,DYNAMIC_SINUSOIDAL,45.932634,25.000000,UP,TRANSIENT,48.370000,49.600000,24.944000,24.944000,60,0.016667
237.000000,238,DY-SIN-004,DYNAMIC_SINUSOIDAL,46.909830,25.000000,UP,TRANSIENT,48.200000,49.100000,25.016000,25.016000,60,0.016667
238.000000,239,DY-SIN-004,DYNAMIC_SINUSOIDAL,47.920883,25.000000,UP,TRANSIENT,48.020000,49.400000,24.968000,24.968000,60,0.016667
239.000000,240,DY-SIN-004,DYNAMIC_SINUSOIDAL,48.954715,25.000000,UP,TRANSIENT,47.890000,49.400000,25.052000,25.052000,60,0.016667
240.000000,241,DY-SIN-004,DYNAMIC_SINUSOIDAL,50.000000,25.000000,UP,TRANSIENT,47.780000,49.100000,25.003000,25.003000,60,0.016667
241.000000,242,DY-SIN-004,DYNAMIC_SINUSOIDAL,51.045285,25.000000,UP,TRANSIENT,47.740000,49.300000,24.999000,24.999000,60,0.016667
242.000000,243,DY-SIN-004,DYNAMIC_SINUSOIDAL,52.079117,25.000000,UP,TRANSIENT,47.680000,48.700000,24.998000,24.998000,60,0.016667
243.000000,244,DY-SIN-004,DYNAMIC_SINUSOIDAL,53.090170,25.000000,UP,TRANSIENT,47.620000,48.800000,25.015000,25.015000,60,0.016667
244.000000,245,DY-SIN-004,DYNAMIC_SINUSOIDAL,54.067366,25.000000,UP,TRANSIENT,47.680000,48.900000,25.038000,25.038000,60,0.016667
245.000000,246,DY-SIN-004,DYNAMIC_SINUSOIDAL,55.000000,25.000000,UP,TRANSIENT,47.660000,48.600000,25.005000,25.005000,60,0.016667
246.000000,247,DY-SIN-004,DYNAMIC_SINUSOIDAL,55.877853,25.000000,UP,TRANSIENT,47.690000,48.400000,25.061000,25.061000,60,0.016667
247.000000,248,DY-SIN-004,DYNAMIC_SINUSOIDAL,56.691306,25.000000,UP,TRANSIENT,47.820000,48.500000,25.016000,25.016000,60,0.016667
248.000000,249,DY-SIN-004,DYNAMIC_SINUSOIDAL,57.431448,25.000000,UP,TRANSIENT,47.820000,48.400000,24.975000,24.975000,60,0.016667
249.000000,250,DY-SIN-004,DYNAMIC_SINUSOIDAL,58.090170,25.000000,UP,TRANSIENT,48.040000,48.200000,25.004000,25.004000,60,0.016667
250.000000,251,DY-SIN-004,DYNAMIC_SINUSOIDAL,58.660254,25.000000,UP,TRANSIENT,48.280000,48.100000,25.040000,25.040000,60,0.016667
251.000000,252,DY-SIN-004,DYNAMIC_SINUSOIDAL,59.135455,25.000000,UP,TRANSIENT,48.270000,48.300000,24.950000,24.950000,60,0.016667
252.000000,253,DY-SIN-004,DYNAMIC_SINUSOIDAL,59.510565,25.000000,UP,TRANSIENT,48.490000,48.300000,24.974000,24.974000,60,0.016667
253.000000,254,DY-SIN-004,DYNAMIC_SINUSOIDAL,59.781476,25.000000,UP,TRANSIENT,48.770000,48.300000,25.010000,25.010000,60,0.016667
254.000000,255,DY-SIN-004,DYNAMIC_SINUSOIDAL,59.945219,25.000000,UP,TRANSIENT,48.980000,48.200000,25.056000,25.056000,60,0.016667
255.000000,256,DY-SIN-004,DYNAMIC_SINUSOIDAL,60.000000,25.000000,UP,TRANSIENT,49.260000,47.900000,25.068000,25.068000,60,0.016667
256.000000,257,DY-SIN-004,DYNAMIC_SINUSOIDAL,59.945219,25.000000,DOWN,TRANSIENT,49.430000,48.900000,24.970000,24.970000,60,0.016667
257.000000,258,DY-SIN-004,DYNAMIC_SINUSOIDAL,59.781476,25.000000,DOWN,TRANSIENT,49.710000,49.000000,25.027000,25.027000,60,0.016667
258.000000,259,DY-SIN-004,DYNAMIC_SINUSOIDAL,59.510565,25.000000,DOWN,TRANSIENT,50.020000,49.000000,25.038000,25.038000,60,0.016667
259.000000,260,DY-SIN-004,DYNAMIC_SINUSOIDAL,59.135455,25.000000,DOWN,TRANSIENT,50.250000,49.500000,24.987000,24.987000,60,0.016667
260.000000,261,DY-SIN-004,DYNAMIC_SINUSOIDAL,58.660254,25.000000,DOWN,TRANSIENT,50.530000,48.600000,25.017000,25.017000,60,0.016667
261.000000,262,DY-SIN-004,DYNAMIC_SINUSOIDAL,58.090170,25.000000,DOWN,TRANSIENT,50.800000,49.300000,25.026000,25.026000,60,0.016667
262.000000,263,DY-SIN-004,DYNAMIC_SINUSOIDAL,57.431448,25.000000,DOWN,TRANSIENT,51.150000,49.400000,25.026000,25.026000,60,0.016667
263.000000,264,DY-SIN-004,DYNAMIC_SINUSOIDAL,56.691306,25.000000,DOWN,TRANSIENT,51.350000,49.300000,25.043000,25.043000,60,0.016667
264.000000,265,DY-SIN-004,DYNAMIC_SINUSOIDAL,55.877853,25.000000,DOWN,TRANSIENT,51.680000,49.400000,24.933000,24.933000,60,0.016667
265.000000,266,DY-SIN-004,DYNAMIC_SINUSOIDAL,55.000000,25.000000,DOWN,TRANSIENT,51.960000,49.000000,25.034000,25.034000,60,0.016667
266.000000,267,DY-SIN-004,DYNAMIC_SINUSOIDAL,54.067366,25.000000,DOWN,TRANSIENT,52.090000,49.400000,24.980000,24.980000,60,0.016667
267.000000,268,DY-SIN-004,DYNAMIC_SINUSOIDAL,53.090170,25.000000,DOWN,TRANSIENT,52.270000,49.900000,25.013000,25.013000,60,0.016667
268.000000,269,DY-SIN-004,DYNAMIC_SINUSOIDAL,52.079117,25.000000,DOWN,TRANSIENT,52.380000,49.700000,25.013000,25.013000,60,0.016667
269.000000,270,DY-SIN-004,DYNAMIC_SINUSOIDAL,51.045285,25.000000,DOWN,TRANSIENT,52.560000,49.700000,24.979000,24.979000,60,0.016667
270.000000,271,DY-SIN-004,DYNAMIC_SINUSOIDAL,50.000000,25.000000,DOWN,TRANSIENT,52.740000,49.600000,25.056000,25.056000,60,0.016667
271.000000,272,DY-SIN-004,DYNAMIC_SINUSOIDAL,48.954715,25.000000,DOWN,TRANSIENT,52.830000,49.800000,24.985000,24.985000,60,0.016667
272.000000,273,DY-SIN-004,DYNAMIC_SINUSOIDAL,47.920883,25.000000,DOWN,TRANSIENT,52.890000,50.600000,25.046000,25.046000,60,0.016667
273.000000,274,DY-SIN-004,DYNAMIC_SINUSOIDAL,46.909830,25.000000,DOWN,TRANSIENT,52.850000,50.600000,25.034000,25.034000,60,0.016667
274.000000,275,DY-SIN-004,DYNAMIC_SINUSOIDAL,45.932634,25.000000,DOWN,TRANSIENT,52.850000,50.700000,24.984000,24.984000,60,0.016667
275.000000,276,DY-SIN-004,DYNAMIC_SINUSOIDAL,45.000000,25.000000,DOWN,TRANSIENT,52.900000,50.600000,24.989000,24.989000,60,0.016667
276.000000,277,DY-SIN-004,DYNAMIC_SINUSOIDAL,44.122147,25.000000,DOWN,TRANSIENT,52.780000,50.500000,25.011000,25.011000,60,0.016667
277.000000,278,DY-SIN-004,DYNAMIC_SINUSOIDAL,43.308694,25.000000,DOWN,TRANSIENT,52.690000,50.300000,25.004000,25.004000,60,0.016667
278.000000,279,DY-SIN-004,DYNAMIC_SINUSOIDAL,42.568552,25.000000,DOWN,TRANSIENT,52.650000,51.200000,25.039000,25.039000,60,0.016667
279.000000,280,DY-SIN-004,DYNAMIC_SINUSOIDAL,41.909830,25.000000,DOWN,TRANSIENT,52.490000,51.200000,25.015000,25.015000,60,0.016667
280.000000,281,DY-SIN-004,DYNAMIC_SINUSOIDAL,41.339746,25.000000,DOWN,TRANSIENT,52.270000,50.800000,25.054000,25.054000,60,0.016667
281.000000,282,DY-SIN-004,DYNAMIC_SINUSOIDAL,40.864545,25.000000,DOWN,TRANSIENT,52.090000,51.100000,25.034000,25.034000,60,0.016667
282.000000,283,DY-SIN-004,DYNAMIC_SINUSOIDAL,40.489435,25.000000,DOWN,TRANSIENT,51.830000,51.200000,25.049000,25.049000,60,0.016667
283.000000,284,DY-SIN-004,DYNAMIC_SINUSOIDAL,40.218524,25.000000,DOWN,TRANSIENT,51.670000,51.100000,24.959000,24.959000,60,0.016667
284.000000,285,DY-SIN-004,DYNAMIC_SINUSOIDAL,40.054781,25.000000,DOWN,TRANSIENT,51.380000,51.700000,25.021000,25.021000,60,0.016667
285.000000,286,DY-SIN-004,DYNAMIC_SINUSOIDAL,40.000000,25.000000,DOWN,TRANSIENT,51.150000,51.300000,24.969000,24.969000,60,0.016667
286.000000,287,DY-SIN-004,DYNAMIC_SINUSOIDAL,40.054781,25.000000,UP,TRANSIENT,50.880000,49.800000,25.060000,25.060000,60,0.016667
287.000000,288,DY-SIN-004,DYNAMIC_SINUSOIDAL,40.218524,25.000000,UP,TRANSIENT,50.500000,50.300000,25.018000,25.018000,60,0.016667
288.000000,289,DY-SIN-004,DYNAMIC_SINUSOIDAL,40.489435,25.000000,UP,TRANSIENT,50.260000,50.000000,24.981000,24.981000,60,0.016667
289.000000,290,DY-SIN-004,DYNAMIC_SINUSOIDAL,40.864545,25.000000,UP,TRANSIENT,49.970000,49.900000,24.982000,24.982000,60,0.016667
290.000000,291,DY-SIN-004,DYNAMIC_SINUSOIDAL,41.339746,25.000000,UP,TRANSIENT,49.680000,49.700000,25.000000,25.000000,60,0.016667
291.000000,292,DY-SIN-004,DYNAMIC_SINUSOIDAL,41.909830,25.000000,UP,TRANSIENT,49.440000,50.600000,25.002000,25.002000,60,0.016667
292.000000,293,DY-SIN-004,DYNAMIC_SINUSOIDAL,42.568552,25.000000,UP,TRANSIENT,49.140000,49.800000,24.976000,24.976000,60,0.016667
293.000000,294,DY-SIN-004,DYNAMIC_SINUSOIDAL,43.308694,25.000000,UP,TRANSIENT,48.920000,49.800000,25.005000,25.005000,60,0.016667
294.000000,295,DY-SIN-004,DYNAMIC_SINUSOIDAL,44.122147,25.000000,UP,TRANSIENT,48.670000,49.600000,25.007000,25.007000,60,0.016667
295.000000,296,DY-SIN-004,DYNAMIC_SINUSOIDAL,45.000000,25.000000,UP,TRANSIENT,48.480000,49.700000,24.982000,24.982000,60,0.016667
296.000000,297,DY-SIN-004,DYNAMIC_SINUSOIDAL,45.932634,25.000000,UP,TRANSIENT,48.230000,49.700000,24.996000,24.996000,60,0.016667
297.000000,298,DY-SIN-004,DYNAMIC_SINUSOIDAL,46.909830,25.000000,UP,TRANSIENT,48.050000,49.500000,24.998000,24.998000,60,0.016667
298.000000,299,DY-SIN-004,DYNAMIC_SINUSOIDAL,47.920883,25.000000,UP,TRANSIENT,47.970000,48.900000,24.978000,24.978000,60,0.016667
299.000000,300,DY-SIN-004,DYNAMIC_SINUSOIDAL,48.954715,25.000000,UP,TRANSIENT,47.800000,49.400000,25.026000,25.026000,60,0.016667
300.000000,301,DY-SIN-004,DYNAMIC_SINUSOIDAL,50.000000,25.000000,UP,TRANSIENT,47.690000,49.100000,25.030000,25.030000,60,0.016667
