Elapsed_s,Sample_ID,Test_ID,Test_Family,Schedule_Type,Aging_Day,RH_Setpoint,Temperature_Setpoint_C,Direction,Chamber_State,RH_Reference,RH_DUT,Temperature_Reference_C,Temperature_DUT_C
0.000000,1,STAB-001,STABILITY,WEEKLY_CENTER_CHECK,0,50.000000,25.000000,UP,STABLE,50.150000,48.400000,25.070000,25.070000
1.000000,2,STAB-001,STABILITY,WEEKLY_CENTER_CHECK,0,50.000000,25.000000,UP,STABLE,50.190000,48.900000,25.049000,25.049000
2.000000,3,STAB-001,STABILITY,WEEKLY_CENTER_CHECK,0,50.000000,25.000000,UP,STABLE,50.250000,49.100000,25.062000,25.062000
3.000000,4,STAB-001,STABILITY,WEEKLY_CENTER_CHECK,0,50.000000,25.000000,UP,STABLE,50.260000,48.900000,24.968000,24.968000
4.000000,5,STAB-001,STABILITY,WEEKLY_CENTER_CHECK,0,50.000000,25.000000,UP,STABLE,50.390000,48.600000,25.048000,25.048000
5.000000,6,STAB-001,STABILITY,WEEKLY_CENTER_CHECK,0,50.000000,25.000000,UP,STABLE,50.340000,48.900000,25.033000,25.033000
6.000000,7,STAB-001,STABILITY,WEEKLY_CENTER_CHECK,0,50.000000,25.000000,UP,STABLE,50.250000,48.700000,24.947000,24.947000
7.000000,8,STAB-001,STABILITY,WEEKLY_CENTER_CHECK,0,50.000000,25.000000,UP,STABLE,50.130000,48.300000,25.020000,25.020000
8.000000,9,STAB-001,STABILITY,WEEKLY_CENTER_CHECK,0,50.000000,25.000000,UP,STABLE,50.400000,49.100000,24.990000,24.990000
9.000000,10,STAB-001,STABILITY,WEEKLY_CENTER_CHECK,0,50.000000,25.000000,UP,STABLE,50.190000,49.100000,25.051000,25.051000
10.000000,11,STAB-001,STABILITY,WEEKLY_CENTER_CHECK,0,50.000000,25.000000,UP,STABLE,50.320000,48.700000,25.067000,25.067000
11.000000,12,STAB-001,STABILITY,WEEKLY_CENTER_CHECK,0,50.000000,25.000000,UP,STABLE,50.280000,48.700000,24.998000,24.998000
12.000000,13,STAB-001,STABILITY,WEEKLY_CENTER_CHECK,0,50.000000,25.000000,UP,STABLE,50.300000,49.200000,25.007000,25.007000
13.000000,14,STAB-001,STABILITY,WEEKLY_CENTER_CHECK,0,50.000000,25.000000,UP,STABLE,50.260000,49.100000,24.989000,24.989000
14.000000,15,STAB-001,STABILITY,WEEKLY_CENTER_CHECK,0,50.000000,25.000000,UP,STABLE,50.360000,48.800000,25.051000,25.051000
15.000000,16,STAB-001,STABILITY,WEEKLY_CENTER_CHECK,0,50.000000,25.000000,UP,STABLE,50.190000,48.600000,25.051000,25.051000
16.000000,17,STAB-001,STABILITY,WEEKLY_CENTER_CHECK,0,50.000000,25.000000,UP,STABLE,50.360000,48.900000,24.988000,24.988000
17.000000,18,STAB-001,STABILITY,WEEKLY_CENTER_CHECK,0,50.000000,25.000000,UP,STABLE,50.110000,48.500000,25.103000,25.103000
18.000000,19,STAB-001,STABILITY,WEEKLY_CENTER_CHECK,0,50.000000,25.000000,UP,STABLE,50.150000,48.300000,25.061000,25.061000
19.000000,20,STAB-001,STABILITY,WEEKLY_CENTER_CHECK,0,50.000000,25.000000,UP,STABLE,50.240000,48.600000,25.068000,25.068000
20.000000,21,STAB-001,STABILITY,WEEKLY_CENTER_CHECK,0,50.000000,25.000000,UP,STABLE,50.390000,49.000000,24.993000,24.993000
21.000000,22,STAB-001,STABILITY,WEEKLY_CENTER_CHECK,0,50.000000,25.000000,UP,STABLE,50.270000,48.600000,25.055000,25.055000
22.000000,23,STAB-001,STABILITY,WEEKLY_CENTER_CHECK,0,50.000000,25.000000,UP,STABLE,50.190000,48.600000,24.992000,24.992000
23.000000,24,STAB-001,STABILITY,WEEKLY_CENTER_CHECK,0,50.000000,25.000000,UP,STABLE,50.260000,48.600000,24.987000,24.987000
24.000000,25,STAB-001,STABILITY,WEEKLY_CENTER_CHECK,0,50.000000,25.000000,UP,STABLE,50.000000,48.800000,25.004000,25.004000
25.000000,26,STAB-001,STABILITY,WEEKLY_CENTER_CHECK,0,50.000000,25.000000,UP,STABLE,50.460000,49.300000,25.022000,25.022000
26.000000,27,STAB-001,STABILITY,WEEKLY_CENTER_CHECK,0,50.000000,25.000000,UP,STABLE,50.400000,48.900000,24.984000,24.984000
27.000000,28,STAB-001,STABILITY,WEEKLY_CENTER_CHECK,0,50.000000,25.000000,UP,STABLE,50.240000,48.700000,24.986000,24.986000
28.000000,29,STAB-001,STABILITY,WEEKLY_CENTER_CHECK,0,50.000000,25.000000,UP,STABLE,50.310000,48.600000,25.045000,25.045000
29.000000,30,STAB-001,STABILITY,WEEKLY_CENTER_CHECK,0,50.000000,25.000000,UP,STABLE,50.270000,48.600000,24.992000,24.992000
30.000000,31,STAB-001,STABILITY,WEEKLY_CENTER_CHECK,0,50.000000,25.000000,UP,STABLE,50.220000,48.300000,25.020000,25.020000
31.000000,32,STAB-001,STABILITY,WEEKLY_CENTER_CHECK,0,50.000000,25.000000,UP,STABLE,50.280000,48.700000,24.962000,24.962000
32.000000,33,STAB-001,STABILITY,WEEKLY_CENTER_CHECK,0,50.000000,25.000000,UP,STABLE,50.300000,48.600000,24.989000,24.989000
33.000000,34,STAB-001,STABILITY,WEEKLY_CENTER_CHECK,0,50.000000,25.000000,UP,STABLE,50.180000,49.000000,24.993000,24.993000
34.000000,35,STAB-001,STABILITY,WEEKLY_CENTER_CHECK,0,50.000000,25.000000,UP,STABLE,50.400000,48.900000,25.063000,25.063000
35.000000,36,STAB-001,STABILITY,WEEKLY_CENTER_CHECK,0,50.000000,25.000000,UP,STABLE,50.220000,48.900000,25.023000,25.023000
36.000000,37,STAB-001,STABILITY,WEEKLY_CENTER_CHECK,0,50.000000,25.000000,UP,STABLE,50.160000,48.200000,25.032000,25.032000
37.000000,38,STAB-001,STABILITY,WEEKLY_CENTER_CHECK,0,50.000000,25.000000,UP,STABLE,50.300000,48.500000,25.027000,25.027000
38.000000,39,STAB-001,STABILITY,WEEKLY_CENTER_CHECK,0,50.000000,25.000000,UP,STABLE,50.200000,48.400000,25.044000,25.044000
39.000000,40,STAB-001,STABILITY,WEEKLY_CENTER_CHECK,0,50.000000,25.000000,UP,STABLE,50.280000,48.800000,24.954000,24.954000
40.000000,41,STAB-001,STABILITY,WEEKLY_CENTER_CHECK,0,50.000000,25.000000,UP,STABLE,50.190000,48.300000,25.041000,25.041000
41.000000,42,STAB-001,STABILITY,WEEKLY_CENTER_CHECK,0,50.000000,25.000000,UP,STABLE,50.250000,49.000000,25.023000,25.023000
42.000000,43,STAB-001,STABILITY,WEEKLY_CENTER_CHECK,0,50.000000,25.000000,UP,STABLE,50.250000,48.800000,25.019000,25.019000
43.000000,44,STAB-001,STABILITY,WEEKLY_CENTER_CHECK,0,50.000000,25.000000,UP,STABLE,50.190000,48.900000,24.963000,24.963000
44.000000,45,STAB-001,STABILITY,WEEKLY_CENTER_CHECK,0,50.000000,25.000000,UP,STABLE,50.090000,48.700000,25.058000,25.058000
45.000000,46,STAB-001,STABILITY,WEEKLY_CENTER_CHECK,0,50.000000,25.000000,UP,STABLE,50.340000,49.100000,25.012000,25.012000
46.000000,47,STAB-001,STABILITY,WEEKLY_CENTER_CHECK,0,50.000000,25.000000,UP,STABLE,50.340000,49.000000,24.977000,24.977000
47.000000,48,STAB-001,STABILITY,WEEKLY_CENTER_CHECK,0,50.000000,25.000000,UP,STABLE,50.270000,48.700000,25.061000,25.061000
48.000000,49,STAB-001,STABILITY,WEEKLY_CENTER_CHECK,0,50.000000,25.000000,UP,STABLE,50.200000,48.900000,25.017000,25.017000
49.000000,50,STAB-001,STABILITY,WEEKLY_CENTER_CHECK,0,50.000000,25.000000,UP,STABLE,50.300000,48.900000,25.026000,25.026000
50.000000,51,STAB-001,STABILITY,WEEKLY_CENTER_CHECK,0,50.000000,25.000000,UP,STABLE,50.290000,48.700000,24.974000,24.974000
51.000000,52,STAB-001,STABILITY,WEEKLY_CENTER_CHECK,0,50.000000,25.000000,UP,STABLE,50.290000,49.200000,25.002000,25.002000
52.000000,53,STAB-001,STABILITY,WEEKLY_CENTER_CHECK,0,50.000000,25.000000,UP,STABLE,50.290000,48.800000,25.008000,25.008000
53.000000,54,STAB-001,STABILITY,WEEKLY_CENTER_CHECK,0,50.000000,25.000000,UP,STABLE,50.270000,48.200000,25.092000,25.092000
54.000000,55,STAB-001,STABILITY,WEEKLY_CENTER_CHECK,0,50.000000,25.000000,UP,STABLE,50.230000,48.500000,25.013000,25.013000
55.000000,56,STAB-001,STABILITY,WEEKLY_CENTER_CHECK,0,50.000000,25.000000,UP,STABLE,50.450000,48.700000,25.023000,25.023000
56.000000,57,STAB-001,STABILITY,WEEKLY_CENTER_CHECK,0,50.000000,25.000000,UP,STABLE,50.200000,48.500000,25.038000,25.038000
57.000000,58,STAB-001,STABILITY,WEEKLY_CENTER_CHECK,0,50.000000,25.000000,UP,STABLE,50.390000,49.300000,25.024000,25.024000
58.000000,59,STAB-001,STABILITY,WEEKLY_CENTER_CHECK,0,50.000000,25.000000,UP,STABLE,50.330000,48.400000,25.054000,25.054000
59.000000,60,STAB-001,STABILITY,WEEKLY_CENTER_CHECK,0,50.000000,25.000000,UP,STABLE,50.370000,49.300000,24.945000,24.945000
0.000000,1,STAB-002,STABILITY,WEEKLY_CENTER_CHECK,7,50.000000,25.000000,UP,STABLE,50.380000,48.900000,25.032000,25.032000
1.000000,2,STAB-002,STABILITY,WEEKLY_CENTER_CHECK,7,50.000000,25.000000,UP,STABLE,50.190000,49.000000,24.989000,24.989000
2.000000,3,STAB-002,STABILITY,WEEKLY_CENTER_CHECK,7,50.000000,25.000000,UP,STABLE,50.410000,48.600000,24.996000,24.996000
3.000000,4,STAB-002,STABILITY,WEEKLY_CENTER_CHECK,7,50.000000,25.000000,UP,STABLE,50.110000,49.000000,25.046000,25.046000
4.000000,5,STAB-002,STABILITY,WEEKLY_CENTER_CHECK,7,50.000000,25.000000,UP,STABLE,50.300000,48.800000,25.020000,25.020000
5.000000,6,STAB-002,STABILITY,WEEKLY_CENTER_CHECK,7,50.000000,25.000000,UP,STABLE,50.090000,48.500000,25.065000,25.065000
6.000000,7,STAB-002,STABILITY,WEEKLY_CENTER_CHECK,7,50.000000,25.000000,UP,STABLE,50.350000,48.700000,25.014000,25.014000
7.000000,8,STAB-002,STABILITY,WEEKLY_CENTER_CHECK,7,50.000000,25.000000,UP,STABLE,50.250000,48.500000,24.989000,24.989000
8.000000,9,STAB-002,STABILITY,WEEKLY_CENTER_CHECK,7,50.000000,25.000000,UP,STABLE,50.270000,48.900000,25.046000,25.046000
9.000000,10,STAB-002,STABILITY,WEEKLY_CENTER_CHECK,7,50.000000,25.000000,UP,STABLE,50.280000,48.700000,24.975000,24.975000
10.000000,11,STAB-002,STABILITY,WEEKLY_CENTER_CHECK,7,50.000000,25.000000,UP,STABLE,50.390000,48.800000,25.025000,25.025000
11.000000,12,STAB-002,STABILITY,WEEKLY_CENTER_CHECK,7,50.000000,25.000000,UP,STABLE,50.230000,48.900000,25.011000,25.011000
12.000000,13,STAB-002,STABILITY,WEEKLY_CENTER_CHECK,7,50.000000,25.000000,UP,STABLE,50.220000,48.500000,25.025000,25.025000
13.000000,14,STAB-002,STABILITY,WEEKLY_CENTER_CHECK,7,50.000000,25.000000,UP,STABLE,50.290000,48.600000,24.963000,24.963000
14.000000,15,STAB-002,STABILITY,WEEKLY_CENTER_CHECK,7,50.000000,25.000000,UP,STABLE,50.100000,48.300000,25.019000,25.019000
15.000000,16,STAB-002,STABILITY,WEEKLY_CENTER_CHECK,7,50.000000,25.000000,UP,STABLE,50.220000,48.900000,25.077000,25.077000
16.000000,17,STAB-002,STABILITY,WEEKLY_CENTER_CHECK,7,50.000000,25.000000,UP,STABLE,50.270000,48.800000,25.036000,25.036000
17.000000,18,STAB-002,STABILITY,WEEKLY_CENTER_CHECK,7,50.000000,25.000000,UP,STABLE,50.260000,49.000000,25.064000,25.064000
18.000000,19,STAB-002,STABILITY,WEEKLY_CENTER_CHECK,7,50.000000,25.000000,UP,STABLE,50.210000,48.700000,25.020000,25.020000
19.000000,20,STAB-002,STABILITY,WEEKLY_CENTER_CHECK,7,50.000000,25.000000,UP,STABLE,50.260000,48.600000,24.958000,24.958000
20.000000,21,STAB-002,STABILITY,WEEKLY_CENTER_CHECK,7,50.000000,25.000000,UP,STABLE,50.330000,48.900000,25.029000,25.029000
21.000000,22,STAB-002,STABILITY,WEEKLY_CENTER_CHECK,7,50.000000,25.000000,UP,STABLE,50.240000,48.700000,25.042000,25.042000
22.000000,23,STAB-002,STABILITY,WEEKLY_CENTER_CHECK,7,50.000000,25.000000,UP,STABLE,50.320000,48.900000,25.084000,25.084000
23.000000,24,STAB-002,STABILITY,WEEKLY_CENTER_CHECK,7,50.000000,25.000000,UP,STABLE,50.200000,48.900000,24.980000,24.980000
24.000000,25,STAB-002,STABILITY,WEEKLY_CENTER_CHECK,7,50.000000,25.000000,UP,STABLE,50.400000,49.000000,24.972000,24.972000
25.000000,26,STAB-002,STABILITY,WEEKLY_CENTER_CHECK,7,50.000000,25.000000,UP,STABLE,50.340000,48.500000,25.012000,25.012000
26.000000,27,STAB-002,STABILITY,WEEKLY_CENTER_CHECK,7,50.000000,25.000000,UP,STABLE,50.510000,48.800000,25.080000,25.080000
27.000000,28,STAB-002,STABILITY,WEEKLY_CENTER_CHECK,7,50.000000,25.000000,UP,STABLE,50.280000,48.800000,25.025000,25.025000
28.000000,29,STAB-002,STABILITY,WEEKLY_CENTER_CHECK,7,50.000000,25.000000,UP,STABLE,50.400000,49.200000,25.049000,25.049000
29.000000,30,STAB-002,STABILITY,WEEKLY_CENTER_CHECK,7,50.000000,25.000000,UP,STABLE,50.350000,48.300000,25.025000,25.025000
30.000000,31,STAB-002,STABILITY,WEEKLY_CENTER_CHECK,7,50.000000,25.000000,UP,STABLE,50.310000,49.100000,24.988000,24.988000
31.000000,32,STAB-002,STABILITY,WEEKLY_CENTER_CHECK,7,50.000000,25.000000,UP,STABLE,50.420000,48.700000,24.994000,24.994000
32.000000,33,STAB-002,STABILITY,WEEKLY_CENTER_CHECK,7,50.000000,25.000000,UP,STABLE,50.250000,48.700000,25.013000,25.013000
33.000000,34,STAB-002,STABILITY,WEEKLY_CENTER_CHECK,7,50.000000,25.000000,UP,STABLE,50.300000,49.000000,25.011000,25.011000
34.000000,35,STAB-002,STABILITY,WEEKLY_CENTER_CHECK,7,50.000000,25.000000,UP,STABLE,50.300000,48.700000,25.009000,25.009000
35.000000,36,STAB-002,STABILITY,WEEKLY_CENTER_CHECK,7,50.000000,25.000000,UP,STABLE,50.340000,48.800000,25.018000,25.018000
36.000000,37,STAB-002,STABILITY,WEEKLY_CENTER_CHECK,7,50.000000,25.000000,UP,STABLE,50.440000,48.900000,25.033000,25.033000
37.000000,38,STAB-002,STABILITY,WEEKLY_CENTER_CHECK,7,50.000000,25.000000,UP,STABLE,50.130000,48.800000,24.989000,24.989000
38.000000,39,STAB-002,STABILITY,WEEKLY_CENTER_CHECK,7,50.000000,25.000000,UP,STABLE,50.110000,48.000000,25.035000,25.035000
39.000000,40,STAB-002,STABILITY,WEEKLY_CENTER_CHECK,7,50.000000,25.000000,UP,STABLE,50.270000,48.900000,24.939000,24.939000
40.000000,41,STAB-002,STABILITY,WEEKLY_CENTER_CHECK,7,50.000000,25.000000,UP,STABLE,50.390000,49.000000,25.044000,25.044000
41.000000,42,STAB-002,STABILITY,WEEKLY_CENTER_CHECK,7,50.000000,25.000000,UP,STABLE,50.160000,49.300000,24.988000,24.988000
42.000000,43,STAB-002,STABILITY,WEEKLY_CENTER_CHECK,7,50.000000,25.000000,UP,STABLE,50.200000,48.800000,25.048000,25.048000
43.000000,44,STAB-002,STABILITY,WEEKLY_CENTER_CHECK,7,50.000000,25.000000,UP,STABLE,50.300000,48.600000,24.990000,24.990000
44.000000,45,STAB-002,STABILITY,WEEKLY_CENTER_CHECK,7,50.000000,25.000000,UP,STABLE,50.400000,48.600000,24.988000,24.988000
45.000000,46,STAB-002,STABILITY,WEEKLY_CENTER_CHECK,7,50.000000,25.000000,UP,STABLE,50.210000,49.000000,25.103000,25.103000
46.000000,47,STAB-002,STABILITY,WEEKLY_CENTER_CHECK,7,50.000000,25.000000,UP,STABLE,50.150000,48.500000,25.043000,25.043000
47.000000,48,STAB-002,STABILITY,WEEKLY_CENTER_CHECK,7,50.000000,25.000000,UP,STABLE,50.250000,48.800000,25.007000,25.007000
48.000000,49,STAB-002,STABILITY,WEEKLY_CENTER_CHECK,7,50.000000,25.000000,UP,STABLE,50.210000,48.500000,24.986000,24.986000
49.000000,50,STAB-002,STABILITY,WEEKLY_CENTER_CHECK,7,50.000000,25.000000,UP,STABLE,50.340000,49.100000,25.016000,25.016000
50.000000,51,STAB-002,STABILITY,WEEKLY_CENTER_CHECK,7,50.000000,25.000000,UP,STABLE,50.260000,48.500000,25.058000,25.058000
51.000000,52,STAB-002,STABILITY,WEEKLY_CENTER_CHECK,7,50.000000,25.000000,UP,STABLE,50.050000,48.500000,25.007000,25.007000
52.000000,53,STAB-002,STABILITY,WEEKLY_CENTER_CHECK,7,50.000000,25.000000,UP,STABLE,50.280000,49.000000,25.011000,25.011000
53.000000,54,STAB-002,STABILITY,WEEKLY_CENTER_CHECK,7,50.000000,25.000000,UP,STABLE,50.430000,48.700000,25.034000,25.034000
54.000000,55,STAB-002,STABILITY,WEEKLY_CENTER_CHECK,7,50.000000,25.000000,UP,STABLE,50.190000,48.400000,25.020000,25.020000
55.000000,56,STAB-002,STABILITY,WEEKLY_CENTER_CHECK,7,50.000000,25.000000,UP,STABLE,50.210000,48.700000,25.027000,25.027000
56.000000,57,STAB-002,STABILITY,WEEKLY_CENTER_CHECK,7,50.000000,25.000000,UP,STABLE,50.170000,48.600000,25.013000,25.013000
57.000000,58,STAB-002,STABILITY,WEEKLY_CENTER_CHECK,7,50.000000,25.000000,UP,STABLE,50.240000,48.700000,24.994000,24.994000
58.000000,59,STAB-002,STABILITY,WEEKLY_CENTER_CHECK,7,50.000000,25.000000,UP,STABLE,50.200000,48.600000,24.970000,24.970000
59.000000,60,STAB-002,STABILITY,WEEKLY_CENTER_CHECK,7,50.000000,25.000000,UP,STABLE,50.110000,48.400000,25.018000,25.018000
0.000000,1,STAB-003,STABILITY,WEEKLY_CENTER_CHECK,14,50.000000,25.000000,UP,STABLE,50.450000,49.200000,24.995000,24.995000
1.000000,2,STAB-003,STABILITY,WEEKLY_CENTER_CHECK,14,50.000000,25.000000,UP,STABLE,50.260000,48.800000,25.002000,25.002000
2.000000,3,STAB-003,STABILITY,WEEKLY_CENTER_CHECK,14,50.000000,25.000000,UP,STABLE,50.350000,48.600000,24.977000,24.977000
3.000000,4,STAB-003,STABILITY,WEEKLY_CENTER_CHECK,14,50.000000,25.000000,UP,STABLE,50.210000,48.600000,25.006000,25.006000
4.000000,5,STAB-003,STABILITY,WEEKLY_CENTER_CHECK,14,50.000000,25.000000,UP,STABLE,50.030000,48.900000,24.988000,24.988000
5.000000,6,STAB-003,STABILITY,WEEKLY_CENTER_CHECK,14,50.000000,25.000000,UP,STABLE,50.300000,49.100000,25.030000,25.030000
6.000000,7,STAB-003,STABILITY,WEEKLY_CENTER_CHECK,14,50.000000,25.000000,UP,STABLE,50.190000,48.700000,25.049000,25.049000
7.000000,8,STAB-003,STABILITY,WEEKLY_CENTER_CHECK,14,50.000000,25.000000,UP,STABLE,50.100000,48.800000,24.961000,24.961000
8.000000,9,STAB-003,STABILITY,WEEKLY_CENTER_CHECK,14,50.000000,25.000000,UP,STABLE,50.360000,48.800000,24.960000,24.960000
9.000000,10,STAB-003,STABILITY,WEEKLY_CENTER_CHECK,14,50.000000,25.000000,UP,STABLE,50.160000,48.400000,24.968000,24.968000
10.000000,11,STAB-003,STABILITY,WEEKLY_CENTER_CHECK,14,50.000000,25.000000,UP,STABLE,50.180000,48.400000,25.008000,25.008000
11.000000,12,STAB-003,STABILITY,WEEKLY_CENTER_CHECK,14,50.000000,25.000000,UP,STABLE,50.250000,48.600000,25.017000,25.017000
12.000000,13,STAB-003,STABILITY,WEEKLY_CENTER_CHECK,14,50.000000,25.000000,UP,STABLE,50.310000,49.000000,25.007000,25.007000
13.000000,14,STAB-003,STABILITY,WEEKLY_CENTER_CHECK,14,50.000000,25.000000,UP,STABLE,50.370000,49.100000,24.992000,24.992000
14.000000,15,STAB-003,STABILITY,WEEKLY_CENTER_CHECK,14,50.000000,25.000000,UP,STABLE,50.140000,48.400000,25.029000,25.029000
15.000000,16,STAB-003,STABILITY,WEEKLY_CENTER_CHECK,14,50.000000,25.000000,UP,STABLE,50.310000,48.400000,25.017000,25.017000
16.000000,17,STAB-003,STABILITY,WEEKLY_CENTER_CHECK,14,50.000000,25.000000,UP,STABLE,50.270000,48.100000,25.016000,25.016000
17.000000,18,STAB-003,STABILITY,WEEKLY_CENTER_CHECK,14,50.000000,25.000000,UP,STABLE,50.380000,48.900000,24.965000,24.965000
18.000000,19,STAB-003,STABILITY,WEEKLY_CENTER_CHECK,14,50.000000,25.000000,UP,STABLE,50.230000,48.500000,25.019000,25.019000
19.000000,20,STAB-003,STABILITY,WEEKLY_CENTER_CHECK,14,50.000000,25.000000,UP,STABLE,50.400000,48.700000,24.995000,24.995000
20.000000,21,STAB-003,STABILITY,WEEKLY_CENTER_CHECK,14,50.000000,25.000000,UP,STABLE,50.300000,48.700000,24.979000,24.979000
21.000000,22,STAB-003,STABILITY,WEEKLY_CENTER_CHECK,14,50.000000,25.000000,UP,STABLE,50.370000,48.800000,25.087000,25.087000
22.000000,23,STAB-003,STABILITY,WEEKLY_CENTER_CHECK,14,50.000000,25.000000,UP,STABLE,50.270000,49.100000,25.001000,25.001000
23.000000,24,STAB-003,STABILITY,WEEKLY_CENTER_CHECK,14,50.000000,25.000000,UP,STABLE,50.340000,48.700000,25.050000,25.050000
24.000000,25,STAB-003,STABILITY,WEEKLY_CENTER_CHECK,14,50.000000,25.000000,UP,STABLE,50.260000,48.200000,25.030000,25.030000
25.000000,26,STAB-003,STABILITY,WEEKLY_CENTER_CHECK,14,50.000000,25.000000,UP,STABLE,50.200000,48.700000,25.060000,25.060000
26.000000,27,STAB-003,STABILITY,WEEKLY_CENTER_CHECK,14,50.000000,25.000000,UP,STABLE,50.220000,48.300000,25.027000,25.027000
27.000000,28,STAB-003,STABILITY,WEEKLY_CENTER_CHECK,14,50.000000,25.000000,UP,STABLE,50.300000,48.800000,24.992000,24.992000
28.000000,29,STAB-003,STABILITY,WEEKLY_CENTER_CHECK,14,50.000000,25.000000,UP,STABLE,50.300000,48.600000,25.012000,25.012000
29.000000,30,STAB-003,STABILITY,WEEKLY_CENTER_CHECK,14,50.000000,25.000000,UP,STABLE,50.280000,48.600000,24.977000,24.977000
30.000000,31,STAB-003,STABILITY,WEEKLY_CENTER_CHECK,14,50.000000,25.000000,UP,STABLE,50.330000,48.600000,25.022000,25.022000
31.000000,32,STAB-003,STABILITY,WEEKLY_CENTER_CHECK,14,50.000000,25.000000,UP,STABLE,50.450000,48.900000,24.961000,24.961000
32.000000,33,STAB-003,STABILITY,WEEKLY_CENTER_CHECK,14,50.000000,25.000000,UP,STABLE,50.330000,48.800000,25.002000,25.002000
33.000000,34,STAB-003,STABILITY,WEEKLY_CENTER_CHECK,14,50.000000,25.000000,UP,STABLE,50.490000,48.900000,24.997000,24.997000
34.000000,35,STAB-003,STABILITY,WEEKLY_CENTER_CHECK,14,50.000000,25.000000,UP,STABLE,50.220000,48.800000,25.036000,25.036000
35.000000,36,STAB-003,STABILITY,WEEKLY_CENTER_CHECK,14,50.000000,25.000000,UP,STABLE,50.250000,48.900000,25.064000,25.064000
36.000000,37,STAB-003,STABILITY,WEEKLY_CENTER_CHECK,14,50.000000,25.000000,UP,STABLE,50.240000,48.400000,25.054000,25.054000
37.000000,38,STAB-003,STABILITY,WEEKLY_CENTER_CHECK,14,50.000000,25.000000,UP,STABLE,50.410000,48.900000,25.006000,25.006000
38.000000,39,STAB-003,STABILITY,WEEKLY_CENTER_CHECK,14,50.000000,25.000000,UP,STABLE,50.380000,48.600000,24.987000,24.987000
39.000000,40,STAB-003,STABILITY,WEEKLY_CENTER_CHECK,14,50.000000,25.000000,UP,STABLE,50.350000,49.000000,25.009000,25.009000
40.000000,41,STAB-003,STABILITY,WEEKLY_CENTER_CHECK,14,50.000000,25.000000,UP,STABLE,50.550000,48.800000,25.055000,25.055000
41.000000,42,STAB-003,STABILITY,WEEKLY_CENTER_CHECK,14,50.000000,25.000000,UP,STABLE,50.370000,48.900000,25.008000,25.008000
42.000000,43,STAB-003,STABILITY,WEEKLY_CENTER_CHECK,14,50.000000,25.000000,UP,STABLE,50.160000,49.000000,25.022000,25.022000
43.000000,44,STAB-003,STABILITY,WEEKLY_CENTER_CHECK,14,50.000000,25.000000,UP,STABLE,50.220000,48.800000,24.983000,24.983000
44.000000,45,STAB-003,STABILITY,WEEKLY_CENTER_CHECK,14,50.000000,25.000000,UP,STABLE,50.190000,48.800000,24.985000,24.985000
45.000000,46,STAB-003,STABILITY,WEEKLY_CENTER_CHECK,14,50.000000,25.000000,UP,STABLE,50.360000,48.800000,25.013000,25.013000
46.000000,47,STAB-003,STABILITY,WEEKLY_CENTER_CHECK,14,50.000000,25.000000,UP,STABLE,50.230000,48.600000,25.040000,25.040000
47.000000,48,STAB-003,STABILITY,WEEKLY_CENTER_CHECK,14,50.000000,25.000000,UP,STABLE,50.330000,48.400000,25.014000,25.014000
48.000000,49,STAB-003,STABILITY,WEEKLY_CENTER_CHECK,14,50.000000,25.000000,UP,STABLE,50.230000,48.200000,24.976000,24.976000
49.000000,50,STAB-003,STABILITY,WEEKLY_CENTER_CHECK,14,50.000000,25.000000,UP,STABLE,50.440000,49.500000,25.015000,25.015000
50.000000,51,STAB-003,STABILITY,WEEKLY_CENTER_CHECK,14,50.000000,25.000000,UP,STABLE,50.430000,49.100000,25.036000,25.036000
51.000000,52,STAB-003,STABILITY,WEEKLY_CENTER_CHECK,14,50.000000,25.000000,UP,STABLE,50.250000,48.900000,25.010000,25.010000
52.000000,53,STAB-003,STABILITY,WEEKLY_CENTER_CHECK,14,50.000000,25.000000,UP,STABLE,50.490000,49.000000,25.013000,25.013000
53.000000,54,STAB-003,STABILITY,WEEKLY_CENTER_CHECK,14,50.000000,25.000000,UP,STABLE,50.260000,49.300000,24.975000,24.975000
54.000000,55,STAB-003,STABILITY,WEEKLY_CENTER_CHECK,14,50.000000,25.000000,UP,STABLE,50.260000,48.500000,25.016000,25.016000
55.000000,56,STAB-003,STABILITY,WEEKLY_CENTER_CHECK,14,50.000000,25.000000,UP,STABLE,50.130000,48.900000,25.018000,25.018000
56.000000,57,STAB-003,STABILITY,WEEKLY_CENTER_CHECK,14,50.000000,25.000000,UP,STABLE,50.240000,48.600000,25.004000,25.004000
57.000000,58,STAB-003,STABILITY,WEEKLY_CENTER_CHECK,14,50.000000,25.000000,UP,STABLE,50.020000,48.600000,25.046000,25.046000
58.000000,59,STAB-003,STABILITY,WEEKLY_CENTER_CHECK,14,50.000000,25.000000,UP,STABLE,50.380000,48.600000,25.072000,25.072000
59.000000,60,STAB-003,STABILITY,WEEKLY_CENTER_CHECK,14,50.000000,25.000000,UP,STABLE,50.290000,48.900000,25.044000,25.044000
0.000000,1,STAB-004,STABILITY,WEEKLY_CENTER_CHECK,21,50.000000,25.000000,UP,STABLE,50.250000,49.000000,25.068000,25.068000
1.000000,2,STAB-004,STABILITY,WEEKLY_CENTER_CHECK,21,50.000000,25.000000,UP,STABLE,50.290000,49.200000,25.064000,25.064000
2.000000,3,STAB-004,STABILITY,WEEKLY_CENTER_CHECK,21,50.000000,25.000000,UP,STABLE,50.280000,48.900000,25.022000,25.022000
3.000000,4,STAB-004,STABILITY,WEEKLY_CENTER_CHECK,21,50.000000,25.000000,UP,STABLE,50.350000,48.800000,24.991000,24.991000
4.000000,5,STAB-004,STABILITY,WEEKLY_CENTER_CHECK,21,50.000000,25.000000,UP,STABLE,50.490000,48.800000,24.975000,24.975000
5.000000,6,STAB-004,STABILITY,WEEKLY_CENTER_CHECK,21,50.000000,25.000000,UP,STABLE,50.140000,48.200000,25.027000,25.027000
6.000000,7,STAB-004,STABILITY,WEEKLY_CENTER_CHECK,21,50.000000,25.000000,UP,STABLE,50.210000,48.400000,25.026000,25.026000
7.000000,8,STAB-004,STABILITY,WEEKLY_CENTER_CHECK,21,50.000000,25.000000,UP,STABLE,50.140000,49.000000,24.982000,24.982000
8.000000,9,STAB-004,STABILITY,WEEKLY_CENTER_CHECK,21,50.000000,25.000000,UP,STABLE,50.180000,48.900000,25.015000,25.015000
9.000000,10,STAB-004,STABILITY,WEEKLY_CENTER_CHECK,21,50.000000,25.000000,UP,STABLE,50.290000,48.900000,24.997000,24.997000
10.000000,11,STAB-004,STABILITY,WEEKLY_CENTER_CHECK,21,50.000000,25.000000,UP,STABLE,50.340000,48.600000,25.019000,25.019000
11.000000,12,STAB-004,STABILITY,WEEKLY_CENTER_CHECK,21,50.000000,25.000000,UP,STABLE,50.130000,48.500000,25.090000,25.090000
12.000000,13,STAB-004,STABILITY,WEEKLY_CENTER_CHECK,21,50.000000,25.000000,UP,STABLE,50.270000,48.500000,25.018000,25.018000
13.000000,14,STAB-004,STABILITY,WEEKLY_CENTER_CHECK,21,50.000000,25.000000,UP,STABLE,50.360000,48.700000,25.029000,25.029000
14.000000,15,STAB-004,STABILITY,WEEKLY_CENTER_CHECK,21,50.000000,25.000000,UP,STABLE,50.280000,49.100000,25.052000,25.052000
15.000000,16,STAB-004,STABILITY,WEEKLY_CENTER_CHECK,21,50.000000,25.000000,UP,STABLE,50.240000,48.800000,24.949000,24.949000
16.000000,17,STAB-004,STABILITY,WEEKLY_CENTER_CHECK,21,50.000000,25.000000,UP,STABLE,50.410000,48.700000,24.994000,24.994000
17.000000,18,STAB-004,STABILITY,WEEKLY_CENTER_CHECK,21,50.000000,25.000000,UP,STABLE,50.100000,48.800000,25.027000,25.027000
18.000000,19,STAB-004,STABILITY,WEEKLY_CENTER_CHECK,21,50.000000,25.000000,UP,STABLE,50.350000,48.700000,25.029000,25.029000
19.000000,20,STAB-004,STABILITY,WEEKLY_CENTER_CHECK,21,50.000000,25.000000,UP,STABLE,50.260000,48.600000,25.040000,25.040000
20.000000,21,STAB-004,STABILITY,WEEKLY_CENTER_CHECK,21,50.000000,25.000000,UP,STABLE,50.270000,48.500000,25.040000,25.040000
21.000000,22,STAB-004,STABILITY,WEEKLY_CENTER_CHECK,21,50.000000,25.000000,UP,STABLE,50.120000,48.600000,24.996000,24.996000
22.000000,23,STAB-004,STABILITY,WEEKLY_CENTER_CHECK,21,50.000000,25.000000,UP,STABLE,50.210000,48.800000,25.020000,25.020000
23.000000,24,STAB-004,STABILITY,WEEKLY_CENTER_CHECK,21,50.000000,25.000000,UP,STABLE,50.230000,49.300000,25.034000,25.034000
24.000000,25,STAB-004,STABILITY,WEEKLY_CENTER_CHECK,21,50.000000,25.000000,UP,STABLE,50.240000,48.800000,25.009000,25.009000
25.000000,26,STAB-004,STABILITY,WEEKLY_CENTER_CHECK,21,50.000000,25.000000,UP,STABLE,50.220000,48.700000,25.030000,25.030000
26.000000,27,STAB-004,STABILITY,WEEKLY_CENTER_CHECK,21,50.000000,25.000000,UP,STABLE,50.310000,49.200000,24.999000,24.999000
27.000000,28,STAB-004,STABILITY,WEEKLY_CENTER_CHECK,21,50.000000,25.000000,UP,STABLE,50.200000,49.000000,25.010000,25.010000
28.000000,29,STAB-004,STABILITY,WEEKLY_CENTER_CHECK,21,50.000000,25.000000,UP,STABLE,50.270000,49.400000,25.022000,25.022000
29.000000,30,STAB-004,STABILITY,WEEKLY_CENTER_CHECK,21,50.000000,25.000000,UP,STABLE,50.240000,48.600000,24.939000,24.939000
30.000000,31,STAB-004,STABILITY,WEEKLY_CENTER_CHECK,21,50.000000,25.000000,UP,STABLE,50.460000,48.900000,25.061000,25.061000
31.000000,32,STAB-004,STABILITY,WEEKLY_CENTER_CHECK,21,50.000000,25.000000,UP,STABLE,50.170000,48.800000,25.040000,25.040000
32.000000,33,STAB-004,STABILITY,WEEKLY_CENTER_CHECK,21,50.000000,25.000000,UP,STABLE,50.300000,48.600000,24.970000,24.970000
33.000000,34,STAB-004,STABILITY,WEEKLY_CENTER_CHECK,21,50.000000,25.000000,UP,STABLE,50.320000,48.700000,24.995000,24.995000
34.000000,35,STAB-004,STABILITY,WEEKLY_CENTER_CHECK,21,50.000000,25.000000,UP,STABLE,50.110000,48.800000,25.043000,25.043000
35.000000,36,STAB-004,STABILITY,WEEKLY_CENTER_CHECK,21,50.000000,25.000000,UP,STABLE,50.090000,49.100000,25.058000,25.058000
36.000000,37,STAB-004,STABILITY,WEEKLY_CENTER_CHECK,21,50.000000,25.000000,UP,STABLE,50.420000,49.100000,24.994000,24.994000
37.000000,38,STAB-004,STABILITY,WEEKLY_CENTER_CHECK,21,50.000000,25.000000,UP,STABLE,50.410000,48.900000,25.050000,25.050000
38.000000,39,STAB-004,STABILITY,WEEKLY_CENTER_CHECK,21,50.000000,25.000000,UP,STABLE,50.060000,48.300000,25.038000,25.038000
39.000000,40,STAB-004,STABILITY,WEEKLY_CENTER_CHECK,21,50.000000,25.000000,UP,STABLE,50.200000,49.200000,24.995000,24.995000
40.000000,41,STAB-004,STABILITY,WEEKLY_CENTER_CHECK,21,50.000000,25.000000,UP,STABLE,50.180000,48.900000,25.041000,25.041000
41.000000,42,STAB-004,STABILITY,WEEKLY_CENTER_CHECK,21,50.000000,25.000000,UP,STABLE,50.430000,48.700000,24.952000,24.952000
42.000000,43,STAB-004,STABILITY,WEEKLY_CENTER_CHECK,21,50.000000,25.000000,UP,STABLE,50.350000,49.200000,24.974000,24.974000
43.000000,44,STAB-004,STABILITY,WEEKLY_CENTER_CHECK,21,50.000000,25.000000,UP,STABLE,50.200000,48.300000,25.063000,25.063000
44.000000,45,STAB-004,STABILITY,WEEKLY_CENTER_CHECK,21,50.000000,25.000000,UP,STABLE,50.430000,48.800000,25.017000,25.017000
45.000000,46,STAB-004,STABILITY,WEEKLY_CENTER_CHECK,21,50.000000,25.000000,UP,STABLE,50.290000,48.800000,25.064000,25.064000
46.000000,47,STAB-004,STABILITY,WEEKLY_CENTER_CHECK,21,50.000000,25.000000,UP,STABLE,50.240000,48.600000,25.051000,25.051000
47.000000,48,STAB-004,STABILITY,WEEKLY_CENTER_CHECK,21,50.000000,25.000000,UP,STABLE,50.370000,48.800000,25.097000,25.097000
48.000000,49,STAB-004,STABILITY,WEEKLY_CENTER_CHECK,21,50.000000,25.000000,UP,STABLE,50.280000,48.600000,25.005000,25.005000
49.000000,50,STAB-004,STABILITY,WEEKLY_CENTER_CHECK,21,50.000000,25.000000,UP,STABLE,50.430000,48.700000,25.048000,25.048000
50.000000,51,STAB-004,STABILITY,WEEKLY_CENTER_CHECK,21,50.000000,25.000000,UP,STABLE,50.250000,48.800000,25.010000,25.010000
51.000000,52,STAB-004,STABILITY,WEEKLY_CENTER_CHECK,21,50.000000,25.000000,UP,STABLE,50.210000,49.000000,24.974000,24.974000
52.000000,53,STAB-004,STABILITY,WEEKLY_CENTER_CHECK,21,50.000000,25.000000,UP,STABLE,50.130000,48.600000,25.049000,25.049000
53.000000,54,STAB-004,STABILITY,WEEKLY_CENTER_CHECK,21,50.000000,25.000000,UP,STABLE,50.350000,48.800000,25.047000,25.047000
54.000000,55,STAB-004,STABILITY,WEEKLY_CENTER_CHECK,21,50.000000,25.000000,UP,STABLE,50.390000,48.600000,25.046000,25.046000
55.000000,56,STAB-004,STABILITY,WEEKLY_CENTER_CHECK,21,50.000000,25.000000,UP,STABLE,50.250000,49.200000,24.996000,24.996000
56.000000,57,STAB-004,STABILITY,WEEKLY_CENTER_CHECK,21,50.000000,25.000000,UP,STABLE,50.340000,48.700000,25.013000,25.013000
57.000000,58,STAB-004,STABILITY,WEEKLY_CENTER_CHECK,21,50.000000,25.000000,UP,STABLE,50.320000,48.400000,25.039000,25.039000
58.000000,59,STAB-004,STABILITY,WEEKLY_CENTER_CHECK,21,50.000000,25.000000,UP,STABLE,50.180000,48.500000,25.048000,25.048000
59.000000,60,STAB-004,STABILITY,WEEKLY_CENTER_CHECK,21,50.000000,25.000000,UP,STABLE,50.270000,48.500000,25.049000,25.049000
0.000000,1,STAB-005,STABILITY,WEEKLY_CENTER_CHECK,28,50.000000,25.000000,UP,STABLE,50.370000,49.200000,25.029000,25.029000
1.000000,2,STAB-005,STABILITY,WEEKLY_CENTER_CHECK,28,50.000000,25.000000,UP,STABLE,50.320000,49.200000,25.051000,25.051000
2.000000,3,STAB-005,STABILITY,WEEKLY_CENTER_CHECK,28,50.000000,25.000000,UP,STABLE,50.190000,48.300000,25.034000,25.034000
3.000000,4,STAB-005,STABILITY,WEEKLY_CENTER_CHECK,28,50.000000,25.000000,UP,STABLE,50.380000,49.000000,25.055000,25.055000
4.000000,5,STAB-005,STABILITY,WEEKLY_CENTER_CHECK,28,50.000000,25.000000,UP,STABLE,50.280000,49.000000,25.033000,25.033000
5.000000,6,STAB-005,STABILITY,WEEKLY_CENTER_CHECK,28,50.000000,25.000000,UP,STABLE,50.310000,48.400000,25.039000,25.039000
6.000000,7,STAB-005,STABILITY,WEEKLY_CENTER_CHECK,28,50.000000,25.000000,UP,STABLE,50.400000,49.300000,25.017000,25.017000
7.000000,8,STAB-005,STABILITY,WEEKLY_CENTER_CHECK,28,50.000000,25.000000,UP,STABLE,50.220000,48.800000,25.019000,25.019000
8.000000,9,STAB-005,STABILITY,WEEKLY_CENTER_CHECK,28,50.000000,25.000000,UP,STABLE,50.200000,48.600000,25.091000,25.091000
9.000000,10,STAB-005,STABILITY,WEEKLY_CENTER_CHECK,28,50.000000,25.000000,UP,STABLE,50.230000,49.100000,25.071000,25.071000
10.000000,11,STAB-005,STABILITY,WEEKLY_CENTER_CHECK,28,50.000000,25.000000,UP,STABLE,50.160000,49.000000,24.985000,24.985000
11.000000,12,STAB-005,STABILITY,WEEKLY_CENTER_CHECK,28,50.000000,25.000000,UP,STABLE,50.470000,49.100000,25.012000,25.012000
12.000000,13,STAB-005,STABILITY,WEEKLY_CENTER_CHECK,28,50.000000,25.000000,UP,STABLE,50.260000,48.500000,25.045000,25.045000
13.000000,14,STAB-005,STABILITY,WEEKLY_CENTER_CHECK,28,50.000000,25.000000,UP,STABLE,50.390000,48.900000,25.012000,25.012000
14.000000,15,STAB-005,STABILITY,WEEKLY_CENTER_CHECK,28,50.000000,25.000000,UP,STABLE,50.430000,48.900000,25.034000,25.034000
15.000000,16,STAB-005,STABILITY,WEEKLY_CENTER_CHECK,28,50.000000,25.000000,UP,STABLE,50.220000,48.300000,25.052000,25.052000
16.000000,17,STAB-005,STABILITY,WEEKLY_CENTER_CHECK,28,50.000000,25.000000,UP,STABLE,50.070000,48.500000,25.008000,25.008000
17.000000,18,STAB-005,STABILITY,WEEKLY_CENTER_CHECK,28,50.000000,25.000000,UP,STABLE,50.220000,49.000000,24.988000,24.988000
18.000000,19,STAB-005,STABILITY,WEEKLY_CENTER_CHECK,28,50.000000,25.000000,UP,STABLE,50.360000,48.900000,25.035000,25.035000
19.000000,20,STAB-005,STABILITY,WEEKLY_CENTER_CHECK,28,50.000000,25.000000,UP,STABLE,50.200000,48.500000,25.051000,25.051000
20.000000,21,STAB-005,STABILITY,WEEKLY_CENTER_CHECK,28,50.000000,25.000000,UP,STABLE,50.050000,48.200000,24.998000,24.998000
21.000000,22,STAB-005,STABILITY,WEEKLY_CENTER_CHECK,28,50.000000,25.000000,UP,STABLE,50.080000,49.100000,25.017000,25.017000
22.000000,23,STAB-005,STABILITY,WEEKLY_CENTER_CHECK,28,50.000000,25.000000,UP,STABLE,50.340000,48.900000,24.982000,24.982000
23.000000,24,STAB-005,STABILITY,WEEKLY_CENTER_CHECK,28,50.000000,25.000000,UP,STABLE,50.350000,49.200000,25.036000,25.036000
24.000000,25,STAB-005,STABILITY,WEEKLY_CENTER_CHECK,28,50.000000,25.000000,UP,STABLE,50.250000,49.200000,24.993000,24.993000
25.000000,26,STAB-005,STABILITY,WEEKLY_CENTER_CHECK,28,50.000000,25.000000,UP,STABLE,50.340000,48.900000,25.056000,25.056000
26.000000,27,STAB-005,STABILITY,WEEKLY_CENTER_CHECK,28,50.000000,25.000000,UP,STABLE,50.230000,49.300000,25.007000,25.007000
27.000000,28,STAB-005,STABILITY,WEEKLY_CENTER_CHECK,28,50.000000,25.000000,UP,STABLE,50.420000,49.100000,25.011000,25.011000
28.000000,29,STAB-005,STABILITY,WEEKLY_CENTER_CHECK,28,50.000000,25.000000,UP,STABLE,50.260000,48.600000,25.004000,25.004000
29.000000,30,STAB-005,STABILITY,WEEKLY_CENTER_CHECK,28,50.000000,25.000000,UP,STABLE,50.340000,48.300000,25.024000,25.024000
30.000000,31,STAB-005,STABILITY,WEEKLY_CENTER_CHECK,28,50.000000,25.000000,UP,STABLE,50.270000,48.600000,25.038000,25.038000
31.000000,32,STAB-005,STABILITY,WEEKLY_CENTER_CHECK,28,50.000000,25.000000,UP,STABLE,50.420000,49.200000,24.999000,24.999000
32.000000,33,STAB-005,STABILITY,WEEKLY_CENTER_CHECK,28,50.000000,25.000000,UP,STABLE,50.160000,48.800000,24.986000,24.986000
33.000000,34,STAB-005,STABILITY,WEEKLY_CENTER_CHECK,28,50.000000,25.000000,UP,STABLE,50.230000,49.100000,24.972000,24.972000
34.000000,35,STAB-005,STABILITY,WEEKLY_CENTER_CHECK,28,50.000000,25.000000,UP,STABLE,50.210000,48.800000,24.978000,24.978000
35.000000,36,STAB-005,STABILITY,WEEKLY_CENTER_CHECK,28,50.000000,25.000000,UP,STABLE,50.390000,48.300000,25.030000,25.030000
36.000000,37,STAB-005,STABILITY,WEEKLY_CENTER_CHECK,28,50.000000,25.000000,UP,STABLE,50.250000,49.100000,24.976000,24.976000
37.000000,38,STAB-005,STABILITY,WEEKLY_CENTER_CHECK,28,50.000000,25.000000,UP,STABLE,50.370000,48.500000,25.099000,25.099000
38.000000,39,STAB-005,STABILITY,WEEKLY_CENTER_CHECK,28,50.000000,25.000000,UP,STABLE,50.370000,49.100000,25.008000,25.008000
39.000000,40,STAB-005,STABILITY,WEEKLY_CENTER_CHECK,28,50.000000,25.000000,UP,STABLE,50.260000,48.700000,25.037000,25.037000
40.000000,41,STAB-005,STABILITY,WEEKLY_CENTER_CHECK,28,50.000000,25.000000,UP,STABLE,50.320000,49.400000,24.977000,24.977000
41.000000,42,STAB-005,STABILITY,WEEKLY_CENTER_CHECK,28,50.000000,25.000000,UP,STABLE,50.250000,48.700000,24.954000,24.954000
42.000000,43,STAB-005,STABILITY,WEEKLY_CENTER_CHECK,28,50.000000,25.000000,UP,STABLE,50.100000,48.800000,25.043000,25.043000
43.000000,44,STAB-005,STABILITY,WEEKLY_CENTER_CHECK,28,50.000000,25.000000,UP,STABLE,50.360000,48.800000,25.000000,25.000000
44.000000,45,STAB-005,STABILITY,WEEKLY_CENTER_CHECK,28,50.000000,25.000000,UP,STABLE,50.150000,48.600000,25.056000,25.056000
45.000000,46,STAB-005,STABILITY,WEEKLY_CENTER_CHECK,28,50.000000,25.000000,UP,STABLE,50.190000,48.900000,24.987000,24.987000
46.000000,47,STAB-005,STABILITY,WEEKLY_CENTER_CHECK,28,50.000000,25.000000,UP,STABLE,50.200000,48.600000,25.033000,25.033000
47.000000,48,STAB-005,STABILITY,WEEKLY_CENTER_CHECK,28,50.000000,25.000000,UP,STABLE,50.300000,48.500000,24.999000,24.999000
48.000000,49,STAB-005,STABILITY,WEEKLY_CENTER_CHECK,28,50.000000,25.000000,UP,STABLE,50.250000,49.000000,25.037000,25.037000
49.000000,50,STAB-005,STABILITY,WEEKLY_CENTER_CHECK,28,50.000000,25.000000,UP,STABLE,50.270000,48.700000,25.027000,25.027000
50.000000,51,STAB-005,STABILITY,WEEKLY_CENTER_CHECK,28,50.000000,25.000000,UP,STABLE,50.430000,49.000000,25.038000,25.038000
51.000000,52,STAB-005,STABILITY,WEEKLY_CENTER_CHECK,28,50.000000,25.000000,UP,STABLE,50.220000,48.700000,25.006000,25.006000
52.000000,53,STAB-005,STABILITY,WEEKLY_CENTER_CHECK,28,50.000000,25.000000,UP,STABLE,50.320000,48.900000,25.034000,25.034000
53.000000,54,STAB-005,STABILITY,WEEKLY_CENTER_CHECK,28,50.000000,25.000000,UP,STABLE,50.030000,49.000000,25.035000,25.035000
54.000000,55,STAB-005,STABILITY,WEEKLY_CENTER_CHECK,28,50.000000,25.000000,UP,STABLE,50.130000,49.200000,25.047000,25.047000
55.000000,56,STAB-005,STABILITY,WEEKLY_CENTER_CHECK,28,50.000000,25.000000,UP,STABLE,50.110000,49.100000,25.086000,25.086000
56.000000,57,STAB-005,STABILITY,WEEKLY_CENTER_CHECK,28,50.000000,25.000000,UP,STABLE,50.080000,49.500000,25.052000,25.052000
57.000000,58,STAB-005,STABILITY,WEEKLY_CENTER_CHECK,28,50.000000,25.000000,UP,STABLE,50.260000,48.600000,25.029000,25.029000
58.000000,59,STAB-005,STABILITY,WEEKLY_CENTER_CHECK,28,50.000000,25.000000,UP,STABLE,50.360000,49.200000,25.008000,25.008000
59.000000,60,STAB-005,STABILITY,WEEKLY_CENTER_CHECK,28,50.000000,25.000000,UP,STABLE,50.330000,49.400000,25.088000,25.088000
0.000000,1,STAB-006,STABILITY,WEEKLY_CENTER_CHECK,35,50.000000,25.000000,UP,STABLE,50.280000,49.300000,25.016000,25.016000
1.000000,2,STAB-006,STABILITY,WEEKLY_CENTER_CHECK,35,50.000000,25.000000,UP,STABLE,50.270000,48.700000,25.047000,25.047000
2.000000,3,STAB-006,STABILITY,WEEKLY_CENTER_CHECK,35,50.000000,25.000000,UP,STABLE,50.330000,49.000000,25.028000,25.028000
3.000000,4,STAB-006,STABILITY,WEEKLY_CENTER_CHECK,35,50.000000,25.000000,UP,STABLE,50.290000,49.300000,25.033000,25.033000
4.000000,5,STAB-006,STABILITY,WEEKLY_CENTER_CHECK,35,50.000000,25.000000,UP,STABLE,50.520000,49.400000,24.992000,24.992000
5.000000,6,STAB-006,STABILITY,WEEKLY_CENTER_CHECK,35,50.000000,25.000000,UP,STABLE,50.300000,48.500000,25.046000,25.046000
6.000000,7,STAB-006,STABILITY,WEEKLY_CENTER_CHECK,35,50.000000,25.000000,UP,STABLE,50.280000,49.100000,24.980000,24.980000
7.000000,8,STAB-006,STABILITY,WEEKLY_CENTER_CHECK,35,50.000000,25.000000,UP,STABLE,50.240000,49.100000,24.967000,24.967000
8.000000,9,STAB-006,STABILITY,WEEKLY_CENTER_CHECK,35,50.000000,25.000000,UP,STABLE,50.450000,48.800000,25.063000,25.063000
9.000000,10,STAB-006,STABILITY,WEEKLY_CENTER_CHECK,35,50.000000,25.000000,UP,STABLE,50.340000,49.000000,24.989000,24.989000
10.000000,11,STAB-006,STABILITY,WEEKLY_CENTER_CHECK,35,50.000000,25.000000,UP,STABLE,50.120000,48.600000,25.073000,25.073000
11.000000,12,STAB-006,STABILITY,WEEKLY_CENTER_CHECK,35,50.000000,25.000000,UP,STABLE,50.360000,49.300000,25.044000,25.044000
12.000000,13,STAB-006,STABILITY,WEEKLY_CENTER_CHECK,35,50.000000,25.000000,UP,STABLE,50.250000,49.200000,25.056000,25.056000
13.000000,14,STAB-006,STABILITY,WEEKLY_CENTER_CHECK,35,50.000000,25.000000,UP,STABLE,50.430000,49.100000,25.017000,25.017000
14.000000,15,STAB-006,STABILITY,WEEKLY_CENTER_CHECK,35,50.000000,25.000000,UP,STABLE,50.280000,49.100000,25.015000,25.015000
15.000000,16,STAB-006,STABILITY,WEEKLY_CENTER_CHECK,35,50.000000,25.000000,UP,STABLE,50.110000,49.200000,25.071000,25.071000
16.000000,17,STAB-006,STABILITY,WEEKLY_CENTER_CHECK,35,50.000000,25.000000,UP,STABLE,50.210000,49.300000,25.089000,25.089000
17.000000,18,STAB-006,STABILITY,WEEKLY_CENTER_CHECK,35,50.000000,25.000000,UP,STABLE,50.270000,49.000000,25.025000,25.025000
18.000000,19,STAB-006,STABILITY,WEEKLY_CENTER_CHECK,35,50.000000,25.000000,UP,STABLE,50.420000,49.200000,24.963000,24.963000
19.000000,20,STAB-006,STABILITY,WEEKLY_CENTER_CHECK,35,50.000000,25.000000,UP,STABLE,50.260000,49.200000,24.973000,24.973000
20.000000,21,STAB-006,STABILITY,WEEKLY_CENTER_CHECK,35,50.000000,25.000000,UP,STABLE,50.120000,48.700000,25.047000,25.047000
21.000000,22,STAB-006,STABILITY,WEEKLY_CENTER_CHECK,35,50.000000,25.000000,UP,STABLE,50.230000,48.800000,24.977000,24.977000
22.000000,23,STAB-006,STABILITY,WEEKLY_CENTER_CHECK,35,50.000000,25.000000,UP,STABLE,50.090000,48.500000,25.035000,25.035000
23.000000,24,STAB-006,STABILITY,WEEKLY_CENTER_CHECK,35,50.000000,25.000000,UP,STABLE,50.350000,48.700000,25.057000,25.057000
24.000000,25,STAB-006,STABILITY,WEEKLY_CENTER_CHECK,35,50.000000,25.000000,UP,STABLE,50.340000,48.700000,24.941000,24.941000
25.000000,26,STAB-006,STABILITY,WEEKLY_CENTER_CHECK,35,50.000000,25.000000,UP,STABLE,50.290000,49.300000,25.015000,25.015000
26.000000,27,STAB-006,STABILITY,WEEKLY_CENTER_CHECK,35,50.000000,25.000000,UP,STABLE,50.260000,49.100000,24.990000,24.990000
27.000000,28,STAB-006,STABILITY,WEEKLY_CENTER_CHECK,35,50.000000,25.000000,UP,STABLE,50.340000,48.600000,24.990000,24.990000
28.000000,29,STAB-006,STABILITY,WEEKLY_CENTER_CHECK,35,50.000000,25.000000,UP,STABLE,50.210000,49.200000,25.029000,25.029000
29.000000,30,STAB-006,STABILITY,WEEKLY_CENTER_CHECK,35,50.000000,25.000000,UP,STABLE,50.460000,49.400000,25.059000,25.059000
30.000000,31,STAB-006,STABILITY,WEEKLY_CENTER_CHECK,35,50.000000,25.000000,UP,STABLE,50.380000,49.100000,25.072000,25.072000
31.000000,32,STAB-006,STABILITY,WEEKLY_CENTER_CHECK,35,50.000000,25.000000,UP,STABLE,50.200000,48.800000,25.045000,25.045000
32.000000,33,STAB-006,STABILITY,WEEKLY_CENTER_CHECK,35,50.000000,25.000000,UP,STABLE,50.310000,48.600000,25.013000,25.013000
33.000000,34,STAB-006,STABILITY,WEEKLY_CENTER_CHECK,35,50.000000,25.000000,UP,STABLE,50.310000,49.300000,25.054000,25.054000
34.000000,35,STAB-006,STABILITY,WEEKLY_CENTER_CHECK,35,50.000000,25.000000,UP,STABLE,50.230000,48.900000,25.000000,25.000000
35.000000,36,STAB-006,STABILITY,WEEKLY_CENTER_CHECK,35,50.000000,25.000000,UP,STABLE,50.330000,49.100000,25.032000,25.032000
36.000000,37,STAB-006,STABILITY,WEEKLY_CENTER_CHECK,35,50.000000,25.000000,UP,STABLE,50.340000,49.100000,24.976000,24.976000
37.000000,38,STAB-006,STABILITY,WEEKLY_CENTER_CHECK,35,50.000000,25.000000,UP,STABLE,50.290000,48.600000,25.021000,25.021000
38.000000,39,STAB-006,STABILITY,WEEKLY_CENTER_CHECK,35,50.000000,25.000000,UP,STABLE,50.290000,49.000000,25.028000,25.028000
39.000000,40,STAB-006,STABILITY,WEEKLY_CENTER_CHECK,35,50.000000,25.000000,UP,STABLE,50.190000,48.800000,25.026000,25.026000
40.000000,41,STAB-006,STABILITY,WEEKLY_CENTER_CHECK,35,50.000000,25.000000,UP,STABLE,50.340000,48.900000,25.016000,25.016000
41.000000,42,STAB-006,STABILITY,WEEKLY_CENTER_CHECK,35,50.000000,25.000000,UP,STABLE,50.410000,48.700000,25.012000,25.012000
42.000000,43,STAB-006,STABILITY,WEEKLY_CENTER_CHECK,35,50.000000,25.000000,UP,STABLE,50.410000,49.100000,25.073000,25.073000
43.000000,44,STAB-006,STABILITY,WEEKLY_CENTER_CHECK,35,50.000000,25.000000,UP,STABLE,50.170000,49.100000,25.051000,25.051000
44.000000,45,STAB-006,STABILITY,WEEKLY_CENTER_CHECK,35,50.000000,25.000000,UP,STABLE,50.430000,48.400000,25.020000,25.020000
45.000000,46,STAB-006,STABILITY,WEEKLY_CENTER_CHECK,35,50.000000,25.000000,UP,STABLE,50.320000,48.800000,25.058000,25.058000
46.000000,47,STAB-006,STABILITY,WEEKLY_CENTER_CHECK,35,50.000000,25.000000,UP,STABLE,50.130000,48.700000,25.033000,25.033000
47.000000,48,STAB-006,STABILITY,WEEKLY_CENTER_CHECK,35,50.000000,25.000000,UP,STABLE,50.200000,48.900000,24.981000,24.981000
48.000000,49,STAB-006,STABILITY,WEEKLY_CENTER_CHECK,35,50.000000,25.000000,UP,STABLE,50.390000,48.900000,25.026000,25.026000
49.000000,50,STAB-006,STABILITY,WEEKLY_CENTER_CHECK,35,50.000000,25.000000,UP,STABLE,50.150000,48.800000,24.941000,24.941000
50.000000,51,STAB-006,STABILITY,WEEKLY_CENTER_CHECK,35,50.000000,25.000000,UP,STABLE,50.080000,48.600000,25.019000,25.019000
51.000000,52,STAB-006,STABILITY,WEEKLY_CENTER_CHECK,35,50.000000,25.000000,UP,STABLE,50.200000,49.000000,25.032000,25.032000
52.000000,53,STAB-006,STABILITY,WEEKLY_CENTER_CHECK,35,50.000000,25.000000,UP,STABLE,50.260000,48.900000,25.055000,25.055000
53.000000,54,STAB-006,STABILITY,WEEKLY_CENTER_CHECK,35,50.000000,25.000000,UP,STABLE,50.140000,48.900000,25.045000,25.045000
54.000000,55,STAB-006,STABILITY,WEEKLY_CENTER_CHECK,35,50.000000,25.000000,UP,STABLE,50.350000,49.200000,24.997000,24.997000
55.000000,56,STAB-006,STABILITY,WEEKLY_CENTER_CHECK,35,50.000000,25.000000,UP,STABLE,50.290000,49.000000,25.006000,25.006000
56.000000,57,STAB-006,STABILITY,WEEKLY_CENTER_CHECK,35,50.000000,25.000000,UP,STABLE,50.220000,48.600000,25.001000,25.001000
57.000000,58,STAB-006,STABILITY,WEEKLY_CENTER_CHECK,35,50.000000,25.000000,UP,STABLE,50.320000,48.600000,25.056000,25.056000
58.000000,59,STAB-006,STABILITY,WEEKLY_CENTER_CHECK,35,50.000000,25.000000,UP,STABLE,50.190000,49.200000,25.038000,25.038000
59.000000,60,STAB-006,STABILITY,WEEKLY_CENTER_CHECK,35,50.000000,25.000000,UP,STABLE,50.170000,48.600000,25.027000,25.027000
0.000000,1,STAB-007,STABILITY,WEEKLY_CENTER_CHECK,42,50.000000,25.000000,UP,STABLE,50.050000,49.100000,24.996000,24.996000
1.000000,2,STAB-007,STABILITY,WEEKLY_CENTER_CHECK,42,50.000000,25.000000,UP,STABLE,50.180000,48.900000,25.058000,25.058000
2.000000,3,STAB-007,STABILITY,WEEKLY_CENTER_CHECK,42,50.000000,25.000000,UP,STABLE,50.190000,48.900000,25.019000,25.019000
3.000000,4,STAB-007,STABILITY,WEEKLY_CENTER_CHECK,42,50.000000,25.000000,UP,STABLE,50.220000,49.000000,24.945000,24.945000
4.000000,5,STAB-007,STABILITY,WEEKLY_CENTER_CHECK,42,50.000000,25.000000,UP,STABLE,50.360000,48.900000,25.017000,25.017000
5.000000,6,STAB-007,STABILITY,WEEKLY_CENTER_CHECK,42,50.000000,25.000000,UP,STABLE,50.440000,48.900000,24.981000,24.981000
6.000000,7,STAB-007,STABILITY,WEEKLY_CENTER_CHECK,42,50.000000,25.000000,UP,STABLE,50.390000,49.100000,25.079000,25.079000
7.000000,8,STAB-007,STABILITY,WEEKLY_CENTER_CHECK,42,50.000000,25.000000,UP,STABLE,50.260000,49.000000,25.041000,25.041000
8.000000,9,STAB-007,STABILITY,WEEKLY_CENTER_CHECK,42,50.000000,25.000000,UP,STABLE,50.420000,49.200000,25.061000,25.061000
9.000000,10,STAB-007,STABILITY,WEEKLY_CENTER_CHECK,42,50.000000,25.000000,UP,STABLE,50.120000,48.900000,25.026000,25.026000
10.000000,11,STAB-007,STABILITY,WEEKLY_CENTER_CHECK,42,50.000000,25.000000,UP,STABLE,50.290000,48.800000,25.039000,25.039000
11.000000,12,STAB-007,STABILITY,WEEKLY_CENTER_CHECK,42,50.000000,25.000000,UP,STABLE,50.340000,48.600000,25.050000,25.050000
12.000000,13,STAB-007,STABILITY,WEEKLY_CENTER_CHECK,42,50.000000,25.000000,UP,STABLE,50.450000,48.500000,25.037000,25.037000
13.000000,14,STAB-007,STABILITY,WEEKLY_CENTER_CHECK,42,50.000000,25.000000,UP,STABLE,50.250000,48.800000,25.001000,25.001000
14.000000,15,STAB-007,STABILITY,WEEKLY_CENTER_CHECK,42,50.000000,25.000000,UP,STABLE,50.440000,48.700000,25.001000,25.001000
15.000000,16,STAB-007,STABILITY,WEEKLY_CENTER_CHECK,42,50.000000,25.000000,UP,STABLE,50.230000,48.300000,25.042000,25.042000
16.000000,17,STAB-007,STABILITY,WEEKLY_CENTER_CHECK,42,50.000000,25.000000,UP,STABLE,50.230000,48.900000,25.060000,25.060000
17.000000,18,STAB-007,STABILITY,WEEKLY_CENTER_CHECK,42,50.000000,25.000000,UP,STABLE,50.180000,49.000000,24.990000,24.990000
18.000000,19,STAB-007,STABILITY,WEEKLY_CENTER_CHECK,42,50.000000,25.000000,UP,STABLE,50.390000,49.100000,24.961000,24.961000
19.000000,20,STAB-007,STABILITY,WEEKLY_CENTER_CHECK,42,50.000000,25.000000,UP,STABLE,50.300000,48.900000,25.008000,25.008000
20.000000,21,STAB-007,STABILITY,WEEKLY_CENTER_CHECK,42,50.000000,25.000000,UP,STABLE,50.190000,48.700000,24.982000,24.982000
21.000000,22,STAB-007,STABILITY,WEEKLY_CENTER_CHECK,42,50.000000,25.000000,UP,STABLE,50.190000,49.100000,25.023000,25.023000
22.000000,23,STAB-007,STABILITY,WEEKLY_CENTER_CHECK,42,50.000000,25.000000,UP,STABLE,50.150000,49.000000,25.030000,25.030000
23.000000,24,STAB-007,STABILITY,WEEKLY_CENTER_CHECK,42,50.000000,25.000000,UP,STABLE,50.490000,49.300000,25.094000,25.094000
24.000000,25,STAB-007,STABILITY,WEEKLY_CENTER_CHECK,42,50.000000,25.000000,UP,STABLE,50.180000,49.000000,25.080000,25.080000
25.000000,26,STAB-007,STABILITY,WEEKLY_CENTER_CHECK,42,50.000000,25.000000,UP,STABLE,50.050000,48.600000,25.008000,25.008000
26.000000,27,STAB-007,STABILITY,WEEKLY_CENTER_CHECK,42,50.000000,25.000000,UP,STABLE,50.350000,48.900000,25.035000,25.035000
27.000000,28,STAB-007,STABILITY,WEEKLY_CENTER_CHECK,42,50.000000,25.000000,UP,STABLE,50.320000,49.200000,25.002000,25.002000
28.000000,29,STAB-007,STABILITY,WEEKLY_CENTER_CHECK,42,50.000000,25.000000,UP,STABLE,50.260000,48.400000,24.979000,24.979000
29.000000,30,STAB-007,STABILITY,WEEKLY_CENTER_CHECK,42,50.000000,25.000000,UP,STABLE,50.190000,48.800000,25.063000,25.063000
30.000000,31,STAB-007,STABILITY,WEEKLY_CENTER_CHECK,42,50.000000,25.000000,UP,STABLE,50.330000,49.100000,25.037000,25.037000
31.000000,32,STAB-007,STABILITY,WEEKLY_CENTER_CHECK,42,50.000000,25.000000,UP,STABLE,50.190000,48.900000,25.040000,25.040000
32.000000,33,STAB-007,STABILITY,WEEKLY_CENTER_CHECK,42,50.000000,25.000000,UP,STABLE,50.230000,48.400000,25.023000,25.023000
33.000000,34,STAB-007,STABILITY,WEEKLY_CENTER_CHECK,42,50.000000,25.000000,UP,STABLE,50.100000,48.200000,24.998000,24.998000
34.000000,35,STAB-007,STABILITY,WEEKLY_CENTER_CHECK,42,50.000000,25.000000,UP,STABLE,50.150000,48.800000,25.043000,25.043000
35.000000,36,STAB-007,STABILITY,WEEKLY_CENTER_CHECK,42,50.000000,25.000000,UP,STABLE,50.260000,48.800000,25.006000,25.006000
36.000000,37,STAB-007,STABILITY,WEEKLY_CENTER_CHECK,42,50.000000,25.000000,UP,STABLE,50.190000,48.500000,25.016000,25.016000
37.000000,38,STAB-007,STABILITY,WEEKLY_CENTER_CHECK,42,50.000000,25.000000,UP,STABLE,50.340000,48.800000,25.007000,25.007000
38.000000,39,STAB-007,STABILITY,WEEKLY_CENTER_CHECK,42,50.000000,25.000000,UP,STABLE,50.430000,48.700000,24.993000,24.993000
39.000000,40,STAB-007,STABILITY,WEEKLY_CENTER_CHECK,42,50.000000,25.000000,UP,STABLE,50.310000,49.400000,24.984000,24.984000
40.000000,41,STAB-007,STABILITY,WEEKLY_CENTER_CHECK,42,50.000000,25.000000,UP,STABLE,50.320000,49.000000,24.983000,24.983000
41.000000,42,STAB-007,STABILITY,WEEKLY_CENTER_CHECK,42,50.000000,25.000000,UP,STABLE,50.300000,49.300000,25.071000,25.071000
42.000000,43,STAB-007,STABILITY,WEEKLY_CENTER_CHECK,42,50.000000,25.000000,UP,STABLE,50.370000,48.700000,25.021000,25.021000
43.000000,44,STAB-007,STABILITY,WEEKLY_CENTER_CHECK,42,50.000000,25.000000,UP,STABLE,50.380000,48.900000,25.003000,25.003000
44.000000,45,STAB-007,STABILITY,WEEKLY_CENTER_CHECK,42,50.000000,25.000000,UP,STABLE,50.300000,48.600000,25.018000,25.018000
45.000000,46,STAB-007,STABILITY,WEEKLY_CENTER_CHECK,42,50.000000,25.000000,UP,STABLE,50.330000,49.200000,25.025000,25.025000
46.000000,47,STAB-007,STABILITY,WEEKLY_CENTER_CHECK,42,50.000000,25.000000,UP,STABLE,50.250000,49.100000,24.980000,24.980000
47.000000,48,STAB-007,STABILITY,WEEKLY_CENTER_CHECK,42,50.000000,25.000000,UP,STABLE,50.280000,49.200000,24.954000,24.954000
48.000000,49,STAB-007,STABILITY,WEEKLY_CENTER_CHECK,42,50.000000,25.000000,UP,STABLE,50.150000,48.900000,25.017000,25.017000
49.000000,50,STAB-007,STABILITY,WEEKLY_CENTER_CHECK,42,50.000000,25.000000,UP,STABLE,50.230000,48.600000,25.020000,25.020000
50.000000,51,STAB-007,STABILITY,WEEKLY_CENTER_CHECK,42,50.000000,25.000000,UP,STABLE,50.450000,48.900000,25.005000,25.005000
51.000000,52,STAB-007,STABILITY,WEEKLY_CENTER_CHECK,42,50.000000,25.000000,UP,STABLE,50.110000,48.600000,24.996000,24.996000
52.000000,53,STAB-007,STABILITY,WEEKLY_CENTER_CHECK,42,50.000000,25.000000,UP,STABLE,50.370000,48.500000,25.000000,25.000000
53.000000,54,STAB-007,STABILITY,WEEKLY_CENTER_CHECK,42,50.000000,25.000000,UP,STABLE,50.120000,48.600000,25.068000,25.068000
54.000000,55,STAB-007,STABILITY,WEEKLY_CENTER_CHECK,42,50.000000,25.000000,UP,STABLE,50.230000,48.700000,25.019000,25.019000
55.000000,56,STAB-007,STABILITY,WEEKLY_CENTER_CHECK,42,50.000000,25.000000,UP,STABLE,50.150000,49.100000,25.053000,25.053000
56.000000,57,STAB-007,STABILITY,WEEKLY_CENTER_CHECK,42,50.000000,25.000000,UP,STABLE,50.100000,48.700000,25.045000,25.045000
57.000000,58,STAB-007,STABILITY,WEEKLY_CENTER_CHECK,42,50.000000,25.000000,UP,STABLE,50.260000,48.900000,25.040000,25.040000
58.000000,59,STAB-007,STABILITY,WEEKLY_CENTER_CHECK,42,50.000000,25.000000,UP,STABLE,50.390000,49.000000,25.087000,25.087000
59.000000,60,STAB-007,STABILITY,WEEKLY_CENTER_CHECK,42,50.000000,25.000000,UP,STABLE,50.280000,48.900000,24.994000,24.994000
0.000000,1,STAB-008,STABILITY,WEEKLY_CENTER_CHECK,49,50.000000,25.000000,UP,STABLE,50.130000,48.300000,24.995000,24.995000
1.000000,2,STAB-008,STABILITY,WEEKLY_CENTER_CHECK,49,50.000000,25.000000,UP,STABLE,50.430000,49.300000,25.014000,25.014000
2.000000,3,STAB-008,STABILITY,WEEKLY_CENTER_CHECK,49,50.000000,25.000000,UP,STABLE,50.360000,49.000000,25.062000,25.062000
3.000000,4,STAB-008,STABILITY,WEEKLY_CENTER_CHECK,49,50.000000,25.000000,UP,STABLE,50.090000,48.700000,25.001000,25.001000
4.000000,5,STAB-008,STABILITY,WEEKLY_CENTER_CHECK,49,50.000000,25.000000,UP,STABLE,50.160000,48.900000,25.046000,25.046000
5.000000,6,STAB-008,STABILITY,WEEKLY_CENTER_CHECK,49,50.000000,25.000000,UP,STABLE,50.210000,49.000000,25.053000,25.053000
6.000000,7,STAB-008,STABILITY,WEEKLY_CENTER_CHECK,49,50.000000,25.000000,UP,STABLE,50.180000,48.500000,25.031000,25.031000
7.000000,8,STAB-008,STABILITY,WEEKLY_CENTER_CHECK,49,50.000000,25.000000,UP,STABLE,50.230000,48.800000,24.992000,24.992000
8.000000,9,STAB-008,STABILITY,WEEKLY_CENTER_CHECK,49,50.000000,25.000000,UP,STABLE,50.350000,48.800000,25.051000,25.051000
9.000000,10,STAB-008,STABILITY,WEEKLY_CENTER_CHECK,49,50.000000,25.000000,UP,STABLE,50.420000,48.900000,25.021000,25.021000
10.000000,11,STAB-008,STABILITY,WEEKLY_CENTER_CHECK,49,50.000000,25.000000,UP,STABLE,50.280000,48.300000,25.050000,25.050000
11.000000,12,STAB-008,STABILITY,WEEKLY_CENTER_CHECK,49,50.000000,25.000000,UP,STABLE,50.200000,48.200000,25.003000,25.003000
12.000000,13,STAB-008,STABILITY,WEEKLY_CENTER_CHECK,49,50.000000,25.000000,UP,STABLE,50.240000,49.000000,25.017000,25.017000
13.000000,14,STAB-008,STABILITY,WEEKLY_CENTER_CHECK,49,50.000000,25.000000,UP,STABLE,50.380000,48.900000,25.058000,25.058000
14.000000,15,STAB-008,STABILITY,WEEKLY_CENTER_CHECK,49,50.000000,25.000000,UP,STABLE,50.360000,48.600000,24.972000,24.972000
15.000000,16,STAB-008,STABILITY,WEEKLY_CENTER_CHECK,49,50.000000,25.000000,UP,STABLE,50.300000,49.200000,25.031000,25.031000
16.000000,17,STAB-008,STABILITY,WEEKLY_CENTER_CHECK,49,50.000000,25.000000,UP,STABLE,50.230000,48.400000,25.079000,25.079000
17.000000,18,STAB-008,STABILITY,WEEKLY_CENTER_CHECK,49,50.000000,25.000000,UP,STABLE,50.200000,48.400000,25.044000,25.044000
18.000000,19,STAB-008,STABILITY,WEEKLY_CENTER_CHECK,49,50.000000,25.000000,UP,STABLE,50.300000,48.600000,25.008000,25.008000
19.000000,20,STAB-008,STABILITY,WEEKLY_CENTER_CHECK,49,50.000000,25.000000,UP,STABLE,50.380000,48.900000,24.939000,24.939000
20.000000,21,STAB-008,STABILITY,WEEKLY_CENTER_CHECK,49,50.000000,25.000000,UP,STABLE,50.340000,48.700000,25.003000,25.003000
21.000000,22,STAB-008,STABILITY,WEEKLY_CENTER_CHECK,49,50.000000,25.000000,UP,STABLE,50.340000,48.900000,24.975000,24.975000
22.000000,23,STAB-008,STABILITY,WEEKLY_CENTER_CHECK,49,50.000000,25.000000,UP,STABLE,50.280000,49.200000,25.039000,25.039000
23.000000,24,STAB-008,STABILITY,WEEKLY_CENTER_CHECK,49,50.000000,25.000000,UP,STABLE,50.240000,48.900000,24.995000,24.995000
24.000000,25,STAB-008,STABILITY,WEEKLY_CENTER_CHECK,49,50.000000,25.000000,UP,STABLE,50.190000,48.900000,24.992000,24.992000
25.000000,26,STAB-008,STABILITY,WEEKLY_CENTER_CHECK,49,50.000000,25.000000,UP,STABLE,50.090000,48.800000,25.006000,25.006000
26.000000,27,STAB-008,STABILITY,WEEKLY_CENTER_CHECK,49,50.000000,25.000000,UP,STABLE,50.220000,48.300000,24.971000,24.971000
27.000000,28,STAB-008,STABILITY,WEEKLY_CENTER_CHECK,49,50.000000,25.000000,UP,STABLE,50.260000,48.300000,24.989000,24.989000
28.000000,29,STAB-008,STABILITY,WEEKLY_CENTER_CHECK,49,50.000000,25.000000,UP,STABLE,50.470000,49.400000,25.022000,25.022000
29.000000,30,STAB-008,STABILITY,WEEKLY_CENTER_CHECK,49,50.000000,25.000000,UP,STABLE,50.350000,48.500000,25.014000,25.014000
30.000000,31,STAB-008,STABILITY,WEEKLY_CENTER_CHECK,49,50.000000,25.000000,UP,STABLE,50.030000,48.500000,25.054000,25.054000
31.000000,32,STAB-008,STABILITY,WEEKLY_CENTER_CHECK,49,50.000000,25.000000,UP,STABLE,50.260000,49.000000,25.005000,25.005000
32.000000,33,STAB-008,STABILITY,WEEKLY_CENTER_CHECK,49,50.000000,25.000000,UP,STABLE,50.330000,48.600000,25.028000,25.028000
33.000000,34,STAB-008,STABILITY,WEEKLY_CENTER_CHECK,49,50.000000,25.000000,UP,STABLE,50.190000,48.600000,25.022000,25.022000
34.000000,35,STAB-008,STABILITY,WEEKLY_CENTER_CHECK,49,50.000000,25.000000,UP,STABLE,50.220000,48.500000,24.984000,24.984000
35.000000,36,STAB-008,STABILITY,WEEKLY_CENTER_CHECK,49,50.000000,25.000000,UP,STABLE,50.300000,48.900000,25.005000,25.005000
36.000000,37,STAB-008,STABILITY,WEEKLY_CENTER_CHECK,49,50.000000,25.000000,UP,STABLE,50.130000,48.800000,25.002000,25.002000
37.000000,38,STAB-008,STABILITY,WEEKLY_CENTER_CHECK,49,50.000000,25.000000,UP,STABLE,50.150000,49.000000,25.000000,25.000000
38.000000,39,STAB-008,STABILITY,WEEKLY_CENTER_CHECK,49,50.000000,25.000000,UP,STABLE,50.250000,48.600000,24.969000,24.969000
39.000000,40,STAB-008,STABILITY,WEEKLY_CENTER_CHECK,49,50.000000,25.000000,UP,STABLE,50.220000,48.900000,24.967000,24.967000
40.000000,41,STAB-008,STABILITY,WEEKLY_CENTER_CHECK,49,50.000000,25.000000,UP,STABLE,50.440000,48.800000,25.045000,25.045000
41.000000,42,STAB-008,STABILITY,WEEKLY_CENTER_CHECK,49,50.000000,25.000000,UP,STABLE,50.320000,48.900000,25.025000,25.025000
42.000000,43,STAB-008,STABILITY,WEEKLY_CENTER_CHECK,49,50.000000,25.000000,UP,STABLE,50.180000,48.400000,25.056000,25.056000
43.000000,44,STAB-008,STABILITY,WEEKLY_CENTER_CHECK,49,50.000000,25.000000,UP,STABLE,50.390000,48.800000,25.020000,25.020000
44.000000,45,STAB-008,STABILITY,WEEKLY_CENTER_CHECK,49,50.000000,25.000000,UP,STABLE,50.180000,48.700000,24.996000,24.996000
45.000000,46,STAB-008,STABILITY,WEEKLY_CENTER_CHECK,49,50.000000,25.000000,UP,STABLE,50.280000,48.700000,25.040000,25.040000
46.000000,47,STAB-008,STABILITY,WEEKLY_CENTER_CHECK,49,50.000000,25.000000,UP,STABLE,50.340000,48.900000,25.009000,25.009000
47.000000,48,STAB-008,STABILITY,WEEKLY_CENTER_CHECK,49,50.000000,25.000000,UP,STABLE,50.250000,49.100000,24.993000,24.993000
48.000000,49,STAB-008,STABILITY,WEEKLY_CENTER_CHECK,49,50.000000,25.000000,UP,STABLE,50.320000,48.700000,25.069000,25.069000
49.000000,50,STAB-008,STABILITY,WEEKLY_CENTER_CHECK,49,50.000000,25.000000,UP,STABLE,50.120000,48.200000,25.063000,25.063000
50.000000,51,STAB-008,STABILITY,WEEKLY_CENTER_CHECK,49,50.000000,25.000000,UP,STABLE,50.240000,48.700000,25.039000,25.039000
51.000000,52,STAB-008,STABILITY,WEEKLY_CENTER_CHECK,49,50.000000,25.000000,UP,STABLE,50.210000,48.600000,24.980000,24.980000
52.000000,53,STAB-008,STABILITY,WEEKLY_CENTER_CHECK,49,50.000000,25.000000,UP,STABLE,50.220000,49.000000,25.020000,25.020000
53.000000,54,STAB-008,STABILITY,WEEKLY_CENTER_CHECK,49,50.000000,25.000000,UP,STABLE,50.290000,48.700000,25.047000,25.047000
54.000000,55,STAB-008,STABILITY,WEEKLY_CENTER_CHECK,49,50.000000,25.000000,UP,STABLE,50.310000,48.300000,25.006000,25.006000
55.000000,56,STAB-008,STABILITY,WEEKLY_CENTER_CHECK,49,50.000000,25.000000,UP,STABLE,50.290000,48.800000,24.981000,24.981000
56.000000,57,STAB-008,STABILITY,WEEKLY_CENTER_CHECK,49,50.000000,25.000000,UP,STABLE,50.180000,48.700000,25.042000,25.042000
57.000000,58,STAB-008,STABILITY,WEEKLY_CENTER_CHECK,49,50.000000,25.000000,UP,STABLE,50.360000,48.900000,24.969000,24.969000
58.000000,59,STAB-008,STABILITY,WEEKLY_CENTER_CHECK,49,50.000000,25.000000,UP,STABLE,50.220000,48.900000,25.017000,25.017000
59.000000,60,STAB-008,STABILITY,WEEKLY_CENTER_CHECK,49,50.000000,25.000000,UP,STABLE,50.430000,48.800000,25.030000,25.030000
0.000000,1,STAB-009,STABILITY,WEEKLY_CENTER_CHECK,56,50.000000,25.000000,UP,STABLE,50.470000,49.100000,25.006000,25.006000
1.000000,2,STAB-009,STABILITY,WEEKLY_CENTER_CHECK,56,50.000000,25.000000,UP,STABLE,50.240000,48.500000,25.035000,25.035000
2.000000,3,STAB-009,STABILITY,WEEKLY_CENTER_CHECK,56,50.000000,25.000000,UP,STABLE,50.360000,49.000000,25.047000,25.047000
3.000000,4,STAB-009,STABILITY,WEEKLY_CENTER_CHECK,56,50.000000,25.000000,UP,STABLE,50.300000,48.700000,25.005000,25.005000
4.000000,5,STAB-009,STABILITY,WEEKLY_CENTER_CHECK,56,50.000000,25.000000,UP,STABLE,50.190000,48.800000,25.054000,25.054000
5.000000,6,STAB-009,STABILITY,WEEKLY_CENTER_CHECK,56,50.000000,25.000000,UP,STABLE,50.370000,49.300000,25.021000,25.021000
6.000000,7,STAB-009,STABILITY,WEEKLY_CENTER_CHECK,56,50.000000,25.000000,UP,STABLE,50.150000,48.700000,24.985000,24.985000
7.000000,8,STAB-009,STABILITY,WEEKLY_CENTER_CHECK,56,50.000000,25.000000,UP,STABLE,50.330000,49.200000,24.997000,24.997000
8.000000,9,STAB-009,STABILITY,WEEKLY_CENTER_CHECK,56,50.000000,25.000000,UP,STABLE,50.310000,49.200000,25.006000,25.006000
9.000000,10,STAB-009,STABILITY,WEEKLY_CENTER_CHECK,56,50.000000,25.000000,UP,STABLE,50.360000,49.300000,25.001000,25.001000
10.000000,11,STAB-009,STABILITY,WEEKLY_CENTER_CHECK,56,50.000000,25.000000,UP,STABLE,50.450000,49.200000,25.046000,25.046000
11.000000,12,STAB-009,STABILITY,WEEKLY_CENTER_CHECK,56,50.000000,25.000000,UP,STABLE,50.380000,49.300000,25.033000,25.033000
12.000000,13,STAB-009,STABILITY,WEEKLY_CENTER_CHECK,56,50.000000,25.000000,UP,STABLE,50.430000,48.800000,25.046000,25.046000
13.000000,14,STAB-009,STABILITY,WEEKLY_CENTER_CHECK,56,50.000000,25.000000,UP,STABLE,50.390000,48.900000,25.002000,25.002000
14.000000,15,STAB-009,STABILITY,WEEKLY_CENTER_CHECK,56,50.000000,25.000000,UP,STABLE,50.240000,48.900000,24.999000,24.999000
15.000000,16,STAB-009,STABILITY,WEEKLY_CENTER_CHECK,56,50.000000,25.000000,UP,STABLE,50.440000,49.300000,24.994000,24.994000
16.000000,17,STAB-009,STABILITY,WEEKLY_CENTER_CHECK,56,50.000000,25.000000,UP,STABLE,50.400000,48.600000,25.007000,25.007000
17.000000,18,STAB-009,STABILITY,WEEKLY_CENTER_CHECK,56,50.000000,25.000000,UP,STABLE,50.220000,49.000000,25.029000,25.029000
18.000000,19,STAB-009,STABILITY,WEEKLY_CENTER_CHECK,56,50.000000,25.000000,UP,STABLE,50.280000,49.100000,25.025000,25.025000
19.000000,20,STAB-009,STABILITY,WEEKLY_CENTER_CHECK,56,50.000000,25.000000,UP,STABLE,50.100000,48.800000,24.979000,24.979000
20.000000,21,STAB-009,STABILITY,WEEKLY_CENTER_CHECK,56,50.000000,25.000000,UP,STABLE,50.230000,48.800000,25.039000,25.039000
21.000000,22,STAB-009,STABILITY,WEEKLY_CENTER_CHECK,56,50.000000,25.000000,UP,STABLE,49.960000,48.500000,25.031000,25.031000
22.000000,23,STAB-009,STABILITY,WEEKLY_CENTER_CHECK,56,50.000000,25.000000,UP,STABLE,50.050000,48.700000,25.022000,25.022000
23.000000,24,STAB-009,STABILITY,WEEKLY_CENTER_CHECK,56,50.000000,25.000000,UP,STABLE,50.330000,49.400000,25.055000,25.055000
24.000000,25,STAB-009,STABILITY,WEEKLY_CENTER_CHECK,56,50.000000,25.000000,UP,STABLE,50.280000,48.900000,25.123000,25.123000
25.000000,26,STAB-009,STABILITY,WEEKLY_CENTER_CHECK,56,50.000000,25.000000,UP,STABLE,50.340000,49.400000,25.014000,25.014000
26.000000,27,STAB-009,STABILITY,WEEKLY_CENTER_CHECK,56,50.000000,25.000000,UP,STABLE,50.250000,48.800000,24.999000,24.999000
27.000000,28,STAB-009,STABILITY,WEEKLY_CENTER_CHECK,56,50.000000,25.000000,UP,STABLE,50.370000,48.700000,25.006000,25.006000
28.000000,29,STAB-009,STABILITY,WEEKLY_CENTER_CHECK,56,50.000000,25.000000,UP,STABLE,50.100000,48.700000,25.057000,25.057000
29.000000,30,STAB-009,STABILITY,WEEKLY_CENTER_CHECK,56,50.000000,25.000000,UP,STABLE,50.360000,49.300000,24.978000,24.978000
30.000000,31,STAB-009,STABILITY,WEEKLY_CENTER_CHECK,56,50.000000,25.000000,UP,STABLE,50.250000,49.300000,24.996000,24.996000
31.000000,32,STAB-009,STABILITY,WEEKLY_CENTER_CHECK,56,50.000000,25.000000,UP,STABLE,50.340000,49.300000,25.044000,25.044000
32.000000,33,STAB-009,STABILITY,WEEKLY_CENTER_CHECK,56,50.000000,25.000000,UP,STABLE,50.240000,48.300000,25.041000,25.041000
33.000000,34,STAB-009,STABILITY,WEEKLY_CENTER_CHECK,56,50.000000,25.000000,UP,STABLE,50.260000,48.800000,25.003000,25.003000
34.000000,35,STAB-009,STABILITY,WEEKLY_CENTER_CHECK,56,50.000000,25.000000,UP,STABLE,50.240000,48.800000,24.969000,24.969000
35.000000,36,STAB-009,STABILITY,WEEKLY_CENTER_CHECK,56,50.000000,25.000000,UP,STABLE,50.280000,48.600000,25.046000,25.046000
36.000000,37,STAB-009,STABILITY,WEEKLY_CENTER_CHECK,56,50.000000,25.000000,UP,STABLE,50.150000,48.800000,24.998000,24.998000
37.000000,38,STAB-009,STABILITY,WEEKLY_CENTER_CHECK,56,50.000000,25.000000,UP,STABLE,50.250000,48.700000,25.004000,25.004000
38.000000,39,STAB-009,STABILITY,WEEKLY_CENTER_CHECK,56,50.000000,25.000000,UP,STABLE,50.130000,49.200000,25.041000,25.041000
39.000000,40,STAB-009,STABILITY,WEEKLY_CENTER_CHECK,56,50.000000,25.000000,UP,STABLE,50.370000,49.500000,24.984000,24.984000
40.000000,41,STAB-009,STABILITY,WEEKLY_CENTER_CHECK,56,50.000000,25.000000,UP,STABLE,50.470000,49.300000,25.039000,25.039000
41.000000,42,STAB-009,STABILITY,WEEKLY_CENTER_CHECK,56,50.000000,25.000000,UP,STABLE,50.420000,49.300000,25.024000,25.024000
42.000000,43,STAB-009,STABILITY,WEEKLY_CENTER_CHECK,56,50.000000,25.000000,UP,STABLE,50.250000,48.400000,24.979000,24.979000
43.000000,44,STAB-009,STABILITY,WEEKLY_CENTER_CHECK,56,50.000000,25.000000,UP,STABLE,50.420000,48.900000,25.040000,25.040000
44.000000,45,STAB-009,STABILITY,WEEKLY_CENTER_CHECK,56,50.000000,25.000000,UP,STABLE,50.170000,48.700000,25.068000,25.068000
45.000000,46,STAB-009,STABILITY,WEEKLY_CENTER_CHECK,56,50.000000,25.000000,UP,STABLE,50.220000,49.400000,25.006000,25.006000
46.000000,47,STAB-009,STABILITY,WEEKLY_CENTER_CHECK,56,50.000000,25.000000,UP,STABLE,50.360000,49.000000,25.008000,25.008000
47.000000,48,STAB-009,STABILITY,WEEKLY_CENTER_CHECK,56,50.000000,25.000000,UP,STABLE,50.270000,48.600000,25.014000,25.014000
48.000000,49,STAB-009,STABILITY,WEEKLY_CENTER_CHECK,56,50.000000,25.000000,UP,STABLE,50.160000,48.700000,25.053000,25.053000
49.000000,50,STAB-009,STABILITY,WEEKLY_CENTER_CHECK,56,50.000000,25.000000,UP,STABLE,50.330000,48.400000,25.080000,25.080000
50.000000,51,STAB-009,STABILITY,WEEKLY_CENTER_CHECK,56,50.000000,25.000000,UP,STABLE,50.280000,48.800000,24.977000,24.977000
51.000000,52,STAB-009,STABILITY,WEEKLY_CENTER_CHECK,56,50.000000,25.000000,UP,STABLE,50.330000,49.000000,25.033000,25.033000
52.000000,53,STAB-009,STABILITY,WEEKLY_CENTER_CHECK,56,50.000000,25.000000,UP,STABLE,50.210000,49.000000,25.053000,25.053000
53.000000,54,STAB-009,STABILITY,WEEKLY_CENTER_CHECK,56,50.000000,25.000000,UP,STABLE,50.210000,48.600000,25.002000,25.002000
54.000000,55,STAB-009,STABILITY,WEEKLY_CENTER_CHECK,56,50.000000,25.000000,UP,STABLE,50.140000,49.100000,25.034000,25.034000
55.000000,56,STAB-009,STABILITY,WEEKLY_CENTER_CHECK,56,50.000000,25.000000,UP,STABLE,50.300000,48.800000,25.069000,25.069000
56.000000,57,STAB-009,STABILITY,WEEKLY_CENTER_CHECK,56,50.000000,25.000000,UP,STABLE,50.350000,49.400000,24.973000,24.973000
57.000000,58,STAB-009,STABILITY,WEEKLY_CENTER_CHECK,56,50.000000,25.000000,UP,STABLE,50.370000,49.100000,25.020000,25.020000
58.000000,59,STAB-009,STABILITY,WEEKLY_CENTER_CHECK,56,50.000000,25.000000,UP,STABLE,50.270000,48.400000,25.046000,25.046000
59.000000,60,STAB-009,STABILITY,WEEKLY_CENTER_CHECK,56,50.000000,25.000000,UP,STABLE,50.370000,48.800000,25.012000,25.012000
0.000000,1,STAB-010,STABILITY,WEEKLY_CENTER_CHECK,63,50.000000,25.000000,UP,STABLE,50.440000,49.100000,25.048000,25.048000
1.000000,2,STAB-010,STABILITY,WEEKLY_CENTER_CHECK,63,50.000000,25.000000,UP,STABLE,50.190000,48.800000,24.986000,24.986000
2.000000,3,STAB-010,STABILITY,WEEKLY_CENTER_CHECK,63,50.000000,25.000000,UP,STABLE,50.250000,49.100000,25.029000,25.029000
3.000000,4,STAB-010,STABILITY,WEEKLY_CENTER_CHECK,63,50.000000,25.000000,UP,STABLE,50.320000,49.600000,25.017000,25.017000
4.000000,5,STAB-010,STABILITY,WEEKLY_CENTER_CHECK,63,50.000000,25.000000,UP,STABLE,50.350000,49.500000,25.023000,25.023000
5.000000,6,STAB-010,STABILITY,WEEKLY_CENTER_CHECK,63,50.000000,25.000000,UP,STABLE,50.350000,49.000000,25.023000,25.023000
6.000000,7,STAB-010,STABILITY,WEEKLY_CENTER_CHECK,63,50.000000,25.000000,UP,STABLE,50.270000,49.000000,25.024000,25.024000
7.000000,8,STAB-010,STABILITY,WEEKLY_CENTER_CHECK,63,50.000000,25.000000,UP,STABLE,50.300000,49.500000,25.021000,25.021000
8.000000,9,STAB-010,STABILITY,WEEKLY_CENTER_CHECK,63,50.000000,25.000000,UP,STABLE,50.180000,49.300000,24.958000,24.958000
9.000000,10,STAB-010,STABILITY,WEEKLY_CENTER_CHECK,63,50.000000,25.000000,UP,STABLE,50.350000,49.200000,25.004000,25.004000
10.000000,11,STAB-010,STABILITY,WEEKLY_CENTER_CHECK,63,50.000000,25.000000,UP,STABLE,50.230000,49.200000,25.007000,25.007000
11.000000,12,STAB-010,STABILITY,WEEKLY_CENTER_CHECK,63,50.000000,25.000000,UP,STABLE,50.310000,49.500000,25.015000,25.015000
12.000000,13,STAB-010,STABILITY,WEEKLY_CENTER_CHECK,63,50.000000,25.000000,UP,STABLE,50.210000,49.500000,25.066000,25.066000
13.000000,14,STAB-010,STABILITY,WEEKLY_CENTER_CHECK,63,50.000000,25.000000,UP,STABLE,50.390000,49.400000,25.005000,25.005000
14.000000,15,STAB-010,STABILITY,WEEKLY_CENTER_CHECK,63,50.000000,25.000000,UP,STABLE,50.300000,49.200000,24.992000,24.992000
15.000000,16,STAB-010,STABILITY,WEEKLY_CENTER_CHECK,63,50.000000,25.000000,UP,STABLE,50.210000,49.300000,25.048000,25.048000
16.000000,17,STAB-010,STABILITY,WEEKLY_CENTER_CHECK,63,50.000000,25.000000,UP,STABLE,50.140000,49.200000,24.968000,24.968000
17.000000,18,STAB-010,STABILITY,WEEKLY_CENTER_CHECK,63,50.000000,25.000000,UP,STABLE,50.290000,49.400000,25.022000,25.022000
18.000000,19,STAB-010,STABILITY,WEEKLY_CENTER_CHECK,63,50.000000,25.000000,UP,STABLE,50.230000,49.500000,25.045000,25.045000
19.000000,20,STAB-010,STABILITY,WEEKLY_CENTER_CHECK,63,50.000000,25.000000,UP,STABLE,50.270000,49.500000,24.972000,24.972000
20.000000,21,STAB-010,STABILITY,WEEKLY_CENTER_CHECK,63,50.000000,25.000000,UP,STABLE,50.270000,49.100000,24.997000,24.997000
21.000000,22,STAB-010,STABILITY,WEEKLY_CENTER_CHECK,63,50.000000,25.000000,UP,STABLE,50.320000,49.400000,25.042000,25.042000
22.000000,23,STAB-010,STABILITY,WEEKLY_CENTER_CHECK,63,50.000000,25.000000,UP,STABLE,50.340000,49.100000,25.054000,25.054000
23.000000,24,STAB-010,STABILITY,WEEKLY_CENTER_CHECK,63,50.000000,25.000000,UP,STABLE,50.480000,49.500000,24.970000,24.970000
24.000000,25,STAB-010,STABILITY,WEEKLY_CENTER_CHECK,63,50.000000,25.000000,UP,STABLE,50.410000,49.700000,25.055000,25.055000
25.000000,26,STAB-010,STABILITY,WEEKLY_CENTER_CHECK,63,50.000000,25.000000,UP,STABLE,50.230000,48.900000,25.065000,25.065000
26.000000,27,STAB-010,STABILITY,WEEKLY_CENTER_CHECK,63,50.000000,25.000000,UP,STABLE,50.290000,49.100000,24.967000,24.967000
27.000000,28,STAB-010,STABILITY,WEEKLY_CENTER_CHECK,63,50.000000,25.000000,UP,STABLE,50.270000,49.400000,25.029000,25.029000
28.000000,29,STAB-010,STABILITY,WEEKLY_CENTER_CHECK,63,50.000000,25.000000,UP,STABLE,50.440000,48.900000,25.001000,25.001000
29.000000,30,STAB-010,STABILITY,WEEKLY_CENTER_CHECK,63,50.000000,25.000000,UP,STABLE,50.160000,49.300000,25.019000,25.019000
30.000000,31,STAB-010,STABILITY,WEEKLY_CENTER_CHECK,63,50.000000,25.000000,UP,STABLE,50.340000,49.200000,24.986000,24.986000
31.000000,32,STAB-010,STABILITY,WEEKLY_CENTER_CHECK,63,50.000000,25.000000,UP,STABLE,50.380000,49.400000,25.033000,25.033000
32.000000,33,STAB-010,STABILITY,WEEKLY_CENTER_CHECK,63,50.000000,25.000000,UP,STABLE,50.050000,48.800000,24.986000,24.986000
33.000000,34,STAB-010,STABILITY,WEEKLY_CENTER_CHECK,63,50.000000,25.000000,UP,STABLE,50.150000,49.300000,25.016000,25.016000
34.000000,35,STAB-010,STABILITY,WEEKLY_CENTER_CHECK,63,50.000000,25.000000,UP,STABLE,50.450000,49.800000,25.088000,25.088000
35.000000,36,STAB-010,STABILITY,WEEKLY_CENTER_CHECK,63,50.000000,25.000000,UP,STABLE,50.220000,49.400000,24.986000,24.986000
36.000000,37,STAB-010,STABILITY,WEEKLY_CENTER_CHECK,63,50.000000,25.000000,UP,STABLE,50.320000,48.900000,25.029000,25.029000
37.000000,38,STAB-010,STABILITY,WEEKLY_CENTER_CHECK,63,50.000000,25.000000,UP,STABLE,50.210000,49.300000,25.044000,25.044000
38.000000,39,STAB-010,STABILITY,WEEKLY_CENTER_CHECK,63,50.000000,25.000000,UP,STABLE,50.340000,49.600000,25.073000,25.073000
39.000000,40,STAB-010,STABILITY,WEEKLY_CENTER_CHECK,63,50.000000,25.000000,UP,STABLE,50.250000,49.300000,25.040000,25.040000
40.000000,41,STAB-010,STABILITY,WEEKLY_CENTER_CHECK,63,50.000000,25.000000,UP,STABLE,50.210000,49.500000,25.018000,25.018000
41.000000,42,STAB-010,STABILITY,WEEKLY_CENTER_CHECK,63,50.000000,25.000000,UP,STABLE,50.240000,49.000000,24.997000,24.997000
42.000000,43,STAB-010,STABILITY,WEEKLY_CENTER_CHECK,63,50.000000,25.000000,UP,STABLE,50.150000,49.300000,25.062000,25.062000
43.000000,44,STAB-010,STABILITY,WEEKLY_CENTER_CHECK,63,50.000000,25.000000,UP,STABLE,50.310000,49.300000,25.061000,25.061000
44.000000,45,STAB-010,STABILITY,WEEKLY_CENTER_CHECK,63,50.000000,25.000000,UP,STABLE,50.170000,49.500000,25.039000,25.039000
45.000000,46,STAB-010,STABILITY,WEEKLY_CENTER_CHECK,63,50.000000,25.000000,UP,STABLE,50.250000,49.200000,25.000000,25.000000
46.000000,47,STAB-010,STABILITY,WEEKLY_CENTER_CHECK,63,50.000000,25.000000,UP,STABLE,50.310000,49.500000,25.000000,25.000000
47.000000,48,STAB-010,STABILITY,WEEKLY_CENTER_CHECK,63,50.000000,25.000000,UP,STABLE,50.370000,49.200000,24.986000,24.986000
48.000000,49,STAB-010,STABILITY,WEEKLY_CENTER_CHECK,63,50.000000,25.000000,UP,STABLE,50.330000,49.000000,24.997000,24.997000
49.000000,50,STAB-010,STABILITY,WEEKLY_CENTER_CHECK,63,50.000000,25.000000,UP,STABLE,50.400000,49.200000,25.006000,25.006000
50.000000,51,STAB-010,STABILITY,WEEKLY_CENTER_CHECK,63,50.000000,25.000000,UP,STABLE,50.340000,49.300000,24.978000,24.978000
51.000000,52,STAB-010,STABILITY,WEEKLY_CENTER_CHECK,63,50.000000,25.000000,UP,STABLE,50.210000,49.200000,25.049000,25.049000
52.000000,53,STAB-010,STABILITY,WEEKLY_CENTER_CHECK,63,50.000000,25.000000,UP,STABLE,50.050000,49.000000,24.996000,24.996000
53.000000,54,STAB-010,STABILITY,WEEKLY_CENTER_CHECK,63,50.000000,25.000000,UP,STABLE,50.310000,49.500000,25.097000,25.097000
54.000000,55,STAB-010,STABILITY,WEEKLY_CENTER_CHECK,63,50.000000,25.000000,UP,STABLE,50.250000,49.400000,24.965000,24.965000
55.000000,56,STAB-010,STABILITY,WEEKLY_CENTER_CHECK,63,50.000000,25.000000,UP,STABLE,50.260000,49.100000,25.010000,25.010000
56.000000,57,STAB-010,STABILITY,WEEKLY_CENTER_CHECK,63,50.000000,25.000000,UP,STABLE,50.450000,49.400000,24.988000,24.988000
57.000000,58,STAB-010,STABILITY,WEEKLY_CENTER_CHECK,63,50.000000,25.000000,UP,STABLE,50.330000,49.100000,25.013000,25.013000
58.000000,59,STAB-010,STABILITY,WEEKLY_CENTER_CHECK,63,50.000000,25.000000,UP,STABLE,50.350000,49.000000,24.966000,24.966000
59.000000,60,STAB-010,STABILITY,WEEKLY_CENTER_CHECK,63,50.000000,25.000000,UP,STABLE,50.390000,49.700000,24.979000,24.979000
0.000000,1,STAB-011,STABILITY,WEEKLY_CENTER_CHECK,70,50.000000,25.000000,UP,STABLE,50.230000,49.300000,25.048000,25.048000
1.000000,2,STAB-011,STABILITY,WEEKLY_CENTER_CHECK,70,50.000000,25.000000,UP,STABLE,50.310000,49.200000,25.067000,25.067000
2.000000,3,STAB-011,STABILITY,WEEKLY_CENTER_CHECK,70,50.000000,25.000000,UP,STABLE,50.430000,49.200000,25.056000,25.056000
3.000000,4,STAB-011,STABILITY,WEEKLY_CENTER_CHECK,70,50.000000,25.000000,UP,STABLE,50.330000,49.500000,25.048000,25.048000
4.000000,5,STAB-011,STABILITY,WEEKLY_CENTER_CHECK,70,50.000000,25.000000,UP,STABLE,50.160000,49.400000,24.980000,24.980000
5.000000,6,STAB-011,STABILITY,WEEKLY_CENTER_CHECK,70,50.000000,25.000000,UP,STABLE,50.490000,49.400000,25.023000,25.023000
6.000000,7,STAB-011,STABILITY,WEEKLY_CENTER_CHECK,70,50.000000,25.000000,UP,STABLE,50.250000,49.300000,25.024000,25.024000
7.000000,8,STAB-011,STABILITY,WEEKLY_CENTER_CHECK,70,50.000000,25.000000,UP,STABLE,50.230000,49.800000,25.010000,25.010000
8.000000,9,STAB-011,STABILITY,WEEKLY_CENTER_CHECK,70,50.000000,25.000000,UP,STABLE,50.080000,49.400000,24.996000,24.996000
9.000000,10,STAB-011,STABILITY,WEEKLY_CENTER_CHECK,70,50.000000,25.000000,UP,STABLE,50.350000,49.300000,25.002000,25.002000
10.000000,11,STAB-011,STABILITY,WEEKLY_CENTER_CHECK,70,50.000000,25.000000,UP,STABLE,50.150000,49.200000,25.057000,25.057000
11.000000,12,STAB-011,STABILITY,WEEKLY_CENTER_CHECK,70,50.000000,25.000000,UP,STABLE,50.240000,49.000000,25.062000,25.062000
12.000000,13,STAB-011,STABILITY,WEEKLY_CENTER_CHECK,70,50.000000,25.000000,UP,STABLE,50.280000,48.900000,25.056000,25.056000
13.000000,14,STAB-011,STABILITY,WEEKLY_CENTER_CHECK,70,50.000000,25.000000,UP,STABLE,50.240000,48.800000,24.999000,24.999000
14.000000,15,STAB-011,STABILITY,WEEKLY_CENTER_CHECK,70,50.000000,25.000000,UP,STABLE,50.280000,49.000000,24.977000,24.977000
15.000000,16,STAB-011,STABILITY,WEEKLY_CENTER_CHECK,70,50.000000,25.000000,UP,STABLE,50.300000,49.500000,25.018000,25.018000
16.000000,17,STAB-011,STABILITY,WEEKLY_CENTER_CHECK,70,50.000000,25.000000,UP,STABLE,50.040000,49.000000,24.956000,24.956000
17.000000,18,STAB-011,STABILITY,WEEKLY_CENTER_CHECK,70,50.000000,25.000000,UP,STABLE,50.340000,49.100000,25.068000,25.068000
18.000000,19,STAB-011,STABILITY,WEEKLY_CENTER_CHECK,70,50.000000,25.000000,UP,STABLE,50.200000,49.100000,25.064000,25.064000
19.000000,20,STAB-011,STABILITY,WEEKLY_CENTER_CHECK,70,50.000000,25.000000,UP,STABLE,50.130000,49.300000,25.047000,25.047000
20.000000,21,STAB-011,STABILITY,WEEKLY_CENTER_CHECK,70,50.000000,25.000000,UP,STABLE,50.430000,49.800000,25.026000,25.026000
21.000000,22,STAB-011,STABILITY,WEEKLY_CENTER_CHECK,70,50.000000,25.000000,UP,STABLE,50.430000,49.600000,25.028000,25.028000
22.000000,23,STAB-011,STABILITY,WEEKLY_CENTER_CHECK,70,50.000000,25.000000,UP,STABLE,50.300000,49.600000,25.003000,25.003000
23.000000,24,STAB-011,STABILITY,WEEKLY_CENTER_CHECK,70,50.000000,25.000000,UP,STABLE,50.380000,48.900000,25.028000,25.028000
24.000000,25,STAB-011,STABILITY,WEEKLY_CENTER_CHECK,70,50.000000,25.000000,UP,STABLE,50.510000,49.300000,25.006000,25.006000
25.000000,26,STAB-011,STABILITY,WEEKLY_CENTER_CHECK,70,50.000000,25.000000,UP,STABLE,50.280000,49.200000,25.013000,25.013000
26.000000,27,STAB-011,STABILITY,WEEKLY_CENTER_CHECK,70,50.000000,25.000000,UP,STABLE,50.150000,49.000000,24.983000,24.983000
27.000000,28,STAB-011,STABILITY,WEEKLY_CENTER_CHECK,70,50.000000,25.000000,UP,STABLE,50.210000,49.200000,24.982000,24.982000
28.000000,29,STAB-011,STABILITY,WEEKLY_CENTER_CHECK,70,50.000000,25.000000,UP,STABLE,50.190000,49.600000,25.044000,25.044000
29.000000,30,STAB-011,STABILITY,WEEKLY_CENTER_CHECK,70,50.000000,25.000000,UP,STABLE,50.220000,49.100000,24.963000,24.963000
30.000000,31,STAB-011,STABILITY,WEEKLY_CENTER_CHECK,70,50.000000,25.000000,UP,STABLE,50.270000,49.100000,25.025000,25.025000
31.000000,32,STAB-011,STABILITY,WEEKLY_CENTER_CHECK,70,50.000000,25.000000,UP,STABLE,50.260000,49.000000,25.022000,25.022000
32.000000,33,STAB-011,STABILITY,WEEKLY_CENTER_CHECK,70,50.000000,25.000000,UP,STABLE,50.300000,49.400000,25.023000,25.023000
33.000000,34,STAB-011,STABILITY,WEEKLY_CENTER_CHECK,70,50.000000,25.000000,UP,STABLE,50.270000,49.600000,25.023000,25.023000
34.000000,35,STAB-011,STABILITY,WEEKLY_CENTER_CHECK,70,50.000000,25.000000,UP,STABLE,50.450000,49.400000,25.044000,25.044000
35.000000,36,STAB-011,STABILITY,WEEKLY_CENTER_CHECK,70,50.000000,25.000000,UP,STABLE,50.210000,49.300000,25.034000,25.034000
36.000000,37,STAB-011,STABILITY,WEEKLY_CENTER_CHECK,70,50.000000,25.000000,UP,STABLE,50.280000,49.000000,25.060000,25.060000
37.000000,38,STAB-011,STABILITY,WEEKLY_CENTER_CHECK,70,50.000000,25.000000,UP,STABLE,50.410000,49.100000,25.004000,25.004000
38.000000,39,STAB-011,STABILITY,WEEKLY_CENTER_CHECK,70,50.000000,25.000000,UP,STABLE,50.400000,49.100000,24.984000,24.984000
39.000000,40,STAB-011,STABILITY,WEEKLY_CENTER_CHECK,70,50.000000,25.000000,UP,STABLE,50.340000,49.100000,25.058000,25.058000
40.000000,41,STAB-011,STABILITY,WEEKLY_CENTER_CHECK,70,50.000000,25.000000,UP,STABLE,50.250000,49.400000,24.992000,24.992000
41.000000,42,STAB-011,STABILITY,WEEKLY_CENTER_CHECK,70,50.000000,25.000000,UP,STABLE,50.160000,49.100000,25.053000,25.053000
42.000000,43,STAB-011,STABILITY,WEEKLY_CENTER_CHECK,70,50.000000,25.000000,UP,STABLE,50.290000,49.600000,25.008000,25.008000
43.000000,44,STAB-011,STABILITY,WEEKLY_CENTER_CHECK,70,50.000000,25.000000,UP,STABLE,50.260000,49.100000,24.989000,24.989000
44.000000,45,STAB-011,STABILITY,WEEKLY_CENTER_CHECK,70,50.000000,25.000000,UP,STABLE,50.360000,49.600000,25.024000,25.024000
45.000000,46,STAB-011,STABILITY,WEEKLY_CENTER_CHECK,70,50.000000,25.000000,UP,STABLE,50.330000,49.100000,25.075000,25.075000
46.000000,47,STAB-011,STABILITY,WEEKLY_CENTER_CHECK,70,50.000000,25.000000,UP,STABLE,50.160000,49.100000,24.994000,24.994000
47.000000,48,STAB-011,STABILITY,WEEKLY_CENTER_CHECK,70,50.000000,25.000000,UP,STABLE,50.280000,49.400000,25.060000,25.060000
48.000000,49,STAB-011,STABILITY,WEEKLY_CENTER_CHECK,70,50.000000,25.000000,UP,STABLE,50.290000,49.500000,24.965000,24.965000
49.000000,50,STAB-011,STABILITY,WEEKLY_CENTER_CHECK,70,50.000000,25.000000,UP,STABLE,50.290000,49.300000,25.058000,25.058000
50.000000,51,STAB-011,STABILITY,WEEKLY_CENTER_CHECK,70,50.000000,25.000000,UP,STABLE,50.130000,49.200000,25.040000,25.040000
51.000000,52,STAB-011,STABILITY,WEEKLY_CENTER_CHECK,70,50.000000,25.000000,UP,STABLE,50.360000,49.700000,25.008000,25.008000
52.000000,53,STAB-011,STABILITY,WEEKLY_CENTER_CHECK,70,50.000000,25.000000,UP,STABLE,50.210000,49.100000,25.016000,25.016000
53.000000,54,STAB-011,STABILITY,WEEKLY_CENTER_CHECK,70,50.000000,25.000000,UP,STABLE,50.290000,49.300000,25.030000,25.030000
54.000000,55,STAB-011,STABILITY,WEEKLY_CENTER_CHECK,70,50.000000,25.000000,UP,STABLE,50.140000,49.200000,24.960000,24.960000
55.000000,56,STAB-011,STABILITY,WEEKLY_CENTER_CHECK,70,50.000000,25.000000,UP,STABLE,50.200000,49.300000,25.006000,25.006000
56.000000,57,STAB-011,STABILITY,WEEKLY_CENTER_CHECK,70,50.000000,25.000000,UP,STABLE,50.190000,49.100000,24.977000,24.977000
57.000000,58,STAB-011,STABILITY,WEEKLY_CENTER_CHECK,70,50.000000,25.000000,UP,STABLE,50.410000,49.400000,24.976000,24.976000
58.000000,59,STAB-011,STABILITY,WEEKLY_CENTER_CHECK,70,50.000000,25.000000,UP,STABLE,50.250000,49.200000,25.017000,25.017000
59.000000,60,STAB-011,STABILITY,WEEKLY_CENTER_CHECK,70,50.000000,25.000000,UP,STABLE,50.230000,49.100000,25.031000,25.031000
0.000000,1,STAB-012,STABILITY,WEEKLY_CENTER_CHECK,77,50.000000,25.000000,UP,STABLE,50.330000,49.100000,24.979000,24.979000
1.000000,2,STAB-012,STABILITY,WEEKLY_CENTER_CHECK,77,50.000000,25.000000,UP,STABLE,50.300000,49.000000,25.036000,25.036000
2.000000,3,STAB-012,STABILITY,WEEKLY_CENTER_CHECK,77,50.000000,25.000000,UP,STABLE,50.420000,49.500000,24.992000,24.992000
3.000000,4,STAB-012,STABILITY,WEEKLY_CENTER_CHECK,77,50.000000,25.000000,UP,STABLE,50.350000,49.000000,25.012000,25.012000
4.000000,5,STAB-012,STABILITY,WEEKLY_CENTER_CHECK,77,50.000000,25.000000,UP,STABLE,50.390000,49.500000,24.976000,24.976000
5.000000,6,STAB-012,STABILITY,WEEKLY_CENTER_CHECK,77,50.000000,25.000000,UP,STABLE,50.460000,49.300000,24.990000,24.990000
6.000000,7,STAB-012,STABILITY,WEEKLY_CENTER_CHECK,77,50.000000,25.000000,UP,STABLE,50.220000,48.900000,25.056000,25.056000
7.000000,8,STAB-012,STABILITY,WEEKLY_CENTER_CHECK,77,50.000000,25.000000,UP,STABLE,50.340000,49.400000,25.047000,25.047000
8.000000,9,STAB-012,STABILITY,WEEKLY_CENTER_CHECK,77,50.000000,25.000000,UP,STABLE,50.250000,49.200000,25.030000,25.030000
9.000000,10,STAB-012,STABILITY,WEEKLY_CENTER_CHECK,77,50.000000,25.000000,UP,STABLE,50.340000,49.200000,25.004000,25.004000
10.000000,11,STAB-012,STABILITY,WEEKLY_CENTER_CHECK,77,50.000000,25.000000,UP,STABLE,50.330000,49.000000,25.103000,25.103000
11.000000,12,STAB-012,STABILITY,WEEKLY_CENTER_CHECK,77,50.000000,25.000000,UP,STABLE,50.200000,48.900000,25.010000,25.010000
12.000000,13,STAB-012,STABILITY,WEEKLY_CENTER_CHECK,77,50.000000,25.000000,UP,STABLE,50.320000,48.600000,25.008000,25.008000
13.000000,14,STAB-012,STABILITY,WEEKLY_CENTER_CHECK,77,50.000000,25.000000,UP,STABLE,50.410000,49.100000,25.030000,25.030000
14.000000,15,STAB-012,STABILITY,WEEKLY_CENTER_CHECK,77,50.000000,25.000000,UP,STABLE,50.330000,48.800000,25.038000,25.038000
15.000000,16,STAB-012,STABILITY,WEEKLY_CENTER_CHECK,77,50.000000,25.000000,UP,STABLE,50.420000,49.000000,25.044000,25.044000
16.000000,17,STAB-012,STABILITY,WEEKLY_CENTER_CHECK,77,50.000000,25.000000,UP,STABLE,50.420000,49.400000,25.020000,25.020000
17.000000,18,STAB-012,STABILITY,WEEKLY_CENTER_CHECK,77,50.000000,25.000000,UP,STABLE,50.250000,49.600000,25.039000,25.039000
18.000000,19,STAB-012,STABILITY,WEEKLY_CENTER_CHECK,77,50.000000,25.000000,UP,STABLE,50.200000,49.500000,25.011000,25.011000
19.000000,20,STAB-012,STABILITY,WEEKLY_CENTER_CHECK,77,50.000000,25.000000,UP,STABLE,50.370000,49.200000,25.000000,25.000000
20.000000,21,STAB-012,STABILITY,WEEKLY_CENTER_CHECK,77,50.000000,25.000000,UP,STABLE,50.320000,49.400000,24.996000,24.996000
21.000000,22,STAB-012,STABILITY,WEEKLY_CENTER_CHECK,77,50.000000,25.000000,UP,STABLE,50.360000,48.900000,25.037000,25.037000
22.000000,23,STAB-012,STABILITY,WEEKLY_CENTER_CHECK,77,50.000000,25.000000,UP,STABLE,50.220000,49.100000,25.056000,25.056000
23.000000,24,STAB-012,STABILITY,WEEKLY_CENTER_CHECK,77,50.000000,25.000000,UP,STABLE,50.250000,49.700000,25.010000,25.010000
24.000000,25,STAB-012,STABILITY,WEEKLY_CENTER_CHECK,77,50.000000,25.000000,UP,STABLE,50.180000,48.800000,25.019000,25.019000
25.000000,26,STAB-012,STABILITY,WEEKLY_CENTER_CHECK,77,50.000000,25.000000,UP,STABLE,50.410000,49.300000,25.030000,25.030000
26.000000,27,STAB-012,STABILITY,WEEKLY_CENTER_CHECK,77,50.000000,25.000000,UP,STABLE,50.190000,49.100000,25.043000,25.043000
27.000000,28,STAB-012,STABILITY,WEEKLY_CENTER_CHECK,77,50.000000,25.000000,UP,STABLE,50.280000,48.800000,25.011000,25.011000
28.000000,29,STAB-012,STABILITY,WEEKLY_CENTER_CHECK,77,50.000000,25.000000,UP,STABLE,50.510000,49.400000,25.029000,25.029000
29.000000,30,STAB-012,STABILITY,WEEKLY_CENTER_CHECK,77,50.000000,25.000000,UP,STABLE,50.210000,49.100000,25.028000,25.028000
30.000000,31,STAB-012,STABILITY,WEEKLY_CENTER_CHECK,77,50.000000,25.000000,UP,STABLE,50.520000,49.000000,25.075000,25.075000
31.000000,32,STAB-012,STABILITY,WEEKLY_CENTER_CHECK,77,50.000000,25.000000,UP,STABLE,50.260000,49.400000,24.977000,24.977000
32.000000,33,STAB-012,STABILITY,WEEKLY_CENTER_CHECK,77,50.000000,25.000000,UP,STABLE,50.380000,48.800000,25.019000,25.019000
33.000000,34,STAB-012,STABILITY,WEEKLY_CENTER_CHECK,77,50.000000,25.000000,UP,STABLE,50.390000,49.200000,25.055000,25.055000
34.000000,35,STAB-012,STABILITY,WEEKLY_CENTER_CHECK,77,50.000000,25.000000,UP,STABLE,50.250000,49.300000,25.041000,25.041000
35.000000,36,STAB-012,STABILITY,WEEKLY_CENTER_CHECK,77,50.000000,25.000000,UP,STABLE,50.170000,49.500000,24.963000,24.963000
36.000000,37,STAB-012,STABILITY,WEEKLY_CENTER_CHECK,77,50.000000,25.000000,UP,STABLE,50.370000,49.300000,25.015000,25.015000
37.000000,38,STAB-012,STABILITY,WEEKLY_CENTER_CHECK,77,50.000000,25.000000,UP,STABLE,50.420000,49.500000,25.023000,25.023000
38.000000,39,STAB-012,STABILITY,WEEKLY_CENTER_CHECK,77,50.000000,25.000000,UP,STABLE,50.170000,49.000000,25.067000,25.067000
39.000000,40,STAB-012,STABILITY,WEEKLY_CENTER_CHECK,77,50.000000,25.000000,UP,STABLE,50.370000,49.100000,25.040000,25.040000
40.000000,41,STAB-012,STABILITY,WEEKLY_CENTER_CHECK,77,50.000000,25.000000,UP,STABLE,50.180000,48.800000,25.043000,25.043000
41.000000,42,STAB-012,STABILITY,WEEKLY_CENTER_CHECK,77,50.000000,25.000000,UP,STABLE,50.060000,48.500000,25.036000,25.036000
42.000000,43,STAB-012,STABILITY,WEEKLY_CENTER_CHECK,77,50.000000,25.000000,UP,STABLE,50.290000,49.400000,25.037000,25.037000
43.000000,44,STAB-012,STABILITY,WEEKLY_CENTER_CHECK,77,50.000000,25.000000,UP,STABLE,50.240000,49.400000,24.990000,24.990000
44.000000,45,STAB-012,STABILITY,WEEKLY_CENTER_CHECK,77,50.000000,25.000000,UP,STABLE,50.410000,49.200000,25.006000,25.006000
45.000000,46,STAB-012,STABILITY,WEEKLY_CENTER_CHECK,77,50.000000,25.000000,UP,STABLE,50.320000,49.000000,25.020000,25.020000
46.000000,47,STAB-012,STABILITY,WEEKLY_CENTER_CHECK,77,50.000000,25.000000,UP,STABLE,50.240000,48.900000,25.042000,25.042000
47.000000,48,STAB-012,STABILITY,WEEKLY_CENTER_CHECK,77,50.000000,25.000000,UP,STABLE,50.210000,48.900000,25.004000,25.004000
48.000000,49,STAB-012,STABILITY,WEEKLY_CENTER_CHECK,77,50.000000,25.000000,UP,STABLE,50.170000,48.600000,25.030000,25.030000
49.000000,50,STAB-012,STABILITY,WEEKLY_CENTER_CHECK,77,50.000000,25.000000,UP,STABLE,50.300000,49.500000,25.014000,25.014000
50.000000,51,STAB-012,STABILITY,WEEKLY_CENTER_CHECK,77,50.000000,25.000000,UP,STABLE,50.290000,49.000000,25.019000,25.019000
51.000000,52,STAB-012,STABILITY,WEEKLY_CENTER_CHECK,77,50.000000,25.000000,UP,STABLE,50.500000,49.600000,24.990000,24.990000
52.000000,53,STAB-012,STABILITY,WEEKLY_CENTER_CHECK,77,50.000000,25.000000,UP,STABLE,50.190000,48.800000,25.091000,25.091000
53.000000,54,STAB-012,STABILITY,WEEKLY_CENTER_CHECK,77,50.000000,25.000000,UP,STABLE,50.370000,49.200000,25.036000,25.036000
54.000000,55,STAB-012,STABILITY,WEEKLY_CENTER_CHECK,77,50.000000,25.000000,UP,STABLE,50.370000,48.900000,25.064000,25.064000
55.000000,56,STAB-012,STABILITY,WEEKLY_CENTER_CHECK,77,50.000000,25.000000,UP,STABLE,50.220000,49.500000,25.048000,25.048000
56.000000,57,STAB-012,STABILITY,WEEKLY_CENTER_CHECK,77,50.000000,25.000000,UP,STABLE,50.150000,48.700000,25.036000,25.036000
57.000000,58,STAB-012,STABILITY,WEEKLY_CENTER_CHECK,77,50.000000,25.000000,UP,STABLE,50.250000,49.800000,25.057000,25.057000
58.000000,59,STAB-012,STABILITY,WEEKLY_CENTER_CHECK,77,50.000000,25.000000,UP,STABLE,50.570000,49.500000,24.983000,24.983000
59.000000,60,STAB-012,STABILITY,WEEKLY_CENTER_CHECK,77,50.000000,25.000000,UP,STABLE,50.190000,49.300000,24.957000,24.957000
0.000000,1,STAB-013,STABILITY,WEEKLY_CENTER_CHECK,84,50.000000,25.000000,UP,STABLE,50.170000,48.800000,25.019000,25.019000
1.000000,2,STAB-013,STABILITY,WEEKLY_CENTER_CHECK,84,50.000000,25.000000,UP,STABLE,50.460000,49.300000,25.031000,25.031000
2.000000,3,STAB-013,STABILITY,WEEKLY_CENTER_CHECK,84,50.000000,25.000000,UP,STABLE,50.360000,48.600000,25.018000,25.018000
3.000000,4,STAB-013,STABILITY,WEEKLY_CENTER_CHECK,84,50.000000,25.000000,UP,STABLE,50.270000,48.500000,24.980000,24.980000
4.000000,5,STAB-013,STABILITY,WEEKLY_CENTER_CHECK,84,50.000000,25.000000,UP,STABLE,50.250000,48.700000,25.034000,25.034000
5.000000,6,STAB-013,STABILITY,WEEKLY_CENTER_CHECK,84,50.000000,25.000000,UP,STABLE,50.310000,49.000000,24.997000,24.997000
6.000000,7,STAB-013,STABILITY,WEEKLY_CENTER_CHECK,84,50.000000,25.000000,UP,STABLE,50.180000,48.300000,25.024000,25.024000
7.000000,8,STAB-013,STABILITY,WEEKLY_CENTER_CHECK,84,50.000000,25.000000,UP,STABLE,50.200000,48.400000,24.981000,24.981000
8.000000,9,STAB-013,STABILITY,WEEKLY_CENTER_CHECK,84,50.000000,25.000000,UP,STABLE,50.530000,49.200000,25.016000,25.016000
9.000000,10,STAB-013,STABILITY,WEEKLY_CENTER_CHECK,84,50.000000,25.000000,UP,STABLE,50.110000,48.700000,25.032000,25.032000
10.000000,11,STAB-013,STABILITY,WEEKLY_CENTER_CHECK,84,50.000000,25.000000,UP,STABLE,50.220000,48.700000,25.048000,25.048000
11.000000,12,STAB-013,STABILITY,WEEKLY_CENTER_CHECK,84,50.000000,25.000000,UP,STABLE,50.320000,48.700000,24.990000,24.990000
12.000000,13,STAB-013,STABILITY,WEEKLY_CENTER_CHECK,84,50.000000,25.000000,UP,STABLE,50.260000,49.100000,25.028000,25.028000
13.000000,14,STAB-013,STABILITY,WEEKLY_CENTER_CHECK,84,50.000000,25.000000,UP,STABLE,50.090000,48.700000,25.053000,25.053000
14.000000,15,STAB-013,STABILITY,WEEKLY_CENTER_CHECK,84,50.000000,25.000000,UP,STABLE,49.960000,48.500000,25.027000,25.027000
15.000000,16,STAB-013,STABILITY,WEEKLY_CENTER_CHECK,84,50.000000,25.000000,UP,STABLE,50.330000,48.800000,24.987000,24.987000
16.000000,17,STAB-013,STABILITY,WEEKLY_CENTER_CHECK,84,50.000000,25.000000,UP,STABLE,50.230000,48.600000,25.013000,25.013000
17.000000,18,STAB-013,STABILITY,WEEKLY_CENTER_CHECK,84,50.000000,25.000000,UP,STABLE,50.310000,49.100000,25.042000,25.042000
18.000000,19,STAB-013,STABILITY,WEEKLY_CENTER_CHECK,84,50.000000,25.000000,UP,STABLE,50.460000,49.000000,24.993000,24.993000
19.000000,20,STAB-013,STABILITY,WEEKLY_CENTER_CHECK,84,50.000000,25.000000,UP,STABLE,50.370000,48.700000,25.011000,25.011000
20.000000,21,STAB-013,STABILITY,WEEKLY_CENTER_CHECK,84,50.000000,25.000000,UP,STABLE,50.280000,48.800000,25.032000,25.032000
21.000000,22,STAB-013,STABILITY,WEEKLY_CENTER_CHECK,84,50.000000,25.000000,UP,STABLE,50.020000,48.500000,25.028000,25.028000
22.000000,23,STAB-013,STABILITY,WEEKLY_CENTER_CHECK,84,50.000000,25.000000,UP,STABLE,50.080000,48.600000,24.971000,24.971000
23.000000,24,STAB-013,STABILITY,WEEKLY_CENTER_CHECK,84,50.000000,25.000000,UP,STABLE,50.390000,48.500000,25.026000,25.026000
24.000000,25,STAB-013,STABILITY,WEEKLY_CENTER_CHECK,84,50.000000,25.000000,UP,STABLE,50.340000,48.600000,25.016000,25.016000
25.000000,26,STAB-013,STABILITY,WEEKLY_CENTER_CHECK,84,50.000000,25.000000,UP,STABLE,50.200000,48.800000,25.067000,25.067000
26.000000,27,STAB-013,STABILITY,WEEKLY_CENTER_CHECK,84,50.000000,25.000000,UP,STABLE,50.290000,48.400000,25.021000,25.021000
27.000000,28,STAB-013,STABILITY,WEEKLY_CENTER_CHECK,84,50.000000,25.000000,UP,STABLE,50.490000,48.900000,25.028000,25.028000
28.000000,29,STAB-013,STABILITY,WEEKLY_CENTER_CHECK,84,50.000000,25.000000,UP,STABLE,50.300000,48.800000,25.025000,25.025000
29.000000,30,STAB-013,STABILITY,WEEKLY_CENTER_CHECK,84,50.000000,25.000000,UP,STABLE,50.440000,49.400000,25.020000,25.020000
30.000000,31,STAB-013,STABILITY,WEEKLY_CENTER_CHECK,84,50.000000,25.000000,UP,STABLE,50.200000,48.500000,24.996000,24.996000
31.000000,32,STAB-013,STABILITY,WEEKLY_CENTER_CHECK,84,50.000000,25.000000,UP,STABLE,50.330000,48.800000,25.062000,25.062000
32.000000,33,STAB-013,STABILITY,WEEKLY_CENTER_CHECK,84,50.000000,25.000000,UP,STABLE,50.370000,49.200000,24.990000,24.990000
33.000000,34,STAB-013,STABILITY,WEEKLY_CENTER_CHECK,84,50.000000,25.000000,UP,STABLE,50.220000,49.100000,25.022000,25.022000
34.000000,35,STAB-013,STABILITY,WEEKLY_CENTER_CHECK,84,50.000000,25.000000,UP,STABLE,50.380000,48.800000,25.004000,25.004000
35.000000,36,STAB-013,STABILITY,WEEKLY_CENTER_CHECK,84,50.000000,25.000000,UP,STABLE,50.330000,49.300000,25.005000,25.005000
36.000000,37,STAB-013,STABILITY,WEEKLY_CENTER_CHECK,84,50.000000,25.000000,UP,STABLE,50.310000,49.200000,25.044000,25.044000
37.000000,38,STAB-013,STABILITY,WEEKLY_CENTER_CHECK,84,50.000000,25.000000,UP,STABLE,50.320000,48.900000,25.015000,25.015000
38.000000,39,STAB-013,STABILITY,WEEKLY_CENTER_CHECK,84,50.000000,25.000000,UP,STABLE,50.230000,48.800000,24.983000,24.983000
39.000000,40,STAB-013,STABILITY,WEEKLY_CENTER_CHECK,84,50.000000,25.000000,UP,STABLE,50.230000,48.700000,25.030000,25.030000
40.000000,41,STAB-013,STABILITY,WEEKLY_CENTER_CHECK,84,50.000000,25.000000,UP,STABLE,50.410000,48.500000,25.050000,25.050000
41.000000,42,STAB-013,STABILITY,WEEKLY_CENTER_CHECK,84,50.000000,25.000000,UP,STABLE,50.320000,48.500000,25.005000,25.005000
42.000000,43,STAB-013,STABILITY,WEEKLY_CENTER_CHECK,84,50.000000,25.000000,UP,STABLE,50.200000,49.100000,24.996000,24.996000
43.000000,44,STAB-013,STABILITY,WEEKLY_CENTER_CHECK,84,50.000000,25.000000,UP,STABLE,50.230000,48.700000,24.984000,24.984000
44.000000,45,STAB-013,STABILITY,WEEKLY_CENTER_CHECK,84,50.000000,25.000000,UP,STABLE,50.210000,48.700000,24.988000,24.988000
45.000000,46,STAB-013,STABILITY,WEEKLY_CENTER_CHECK,84,50.000000,25.000000,UP,STABLE,50.080000,48.400000,25.042000,25.042000
46.000000,47,STAB-013,STABILITY,WEEKLY_CENTER_CHECK,84,50.000000,25.000000,UP,STABLE,50.450000,49.100000,24.994000,24.994000
47.000000,48,STAB-013,STABILITY,WEEKLY_CENTER_CHECK,84,50.000000,25.000000,UP,STABLE,50.190000,48.100000,25.014000,25.014000
48.000000,49,STAB-013,STABILITY,WEEKLY_CENTER_CHECK,84,50.000000,25.000000,UP,STABLE,50.120000,49.000000,25.040000,25.040000
49.000000,50,STAB-013,STABILITY,WEEKLY_CENTER_CHECK,84,50.000000,25.000000,UP,STABLE,50.320000,48.800000,25.077000,25.077000
50.000000,51,STAB-013,STABILITY,WEEKLY_CENTER_CHECK,84,50.000000,25.000000,UP,STABLE,50.320000,49.000000,24.988000,24.988000
51.000000,52,STAB-013,STABILITY,WEEKLY_CENTER_CHECK,84,50.000000,25.000000,UP,STABLE,50.270000,49.200000,24.972000,24.972000
52.000000,53,STAB-013,STABILITY,WEEKLY_CENTER_CHECK,84,50.000000,25.000000,UP,STABLE,50.380000,49.300000,24.964000,24.964000
53.000000,54,STAB-013,STABILITY,WEEKLY_CENTER_CHECK,84,50.000000,25.000000,UP,STABLE,50.300000,49.000000,25.058000,25.058000
54.000000,55,STAB-013,STABILITY,WEEKLY_CENTER_CHECK,84,50.000000,25.000000,UP,STABLE,50.310000,49.500000,25.052000,25.052000
55.000000,56,STAB-013,STABILITY,WEEKLY_CENTER_CHECK,84,50.000000,25.000000,UP,STABLE,50.220000,48.800000,25.029000,25.029000
56.000000,57,STAB-013,STABILITY,WEEKLY_CENTER_CHECK,84,50.000000,25.000000,UP,STABLE,50.390000,49.000000,24.952000,24.952000
57.000000,58,STAB-013,STABILITY,WEEKLY_CENTER_CHECK,84,50.000000,25.000000,UP,STABLE,50.300000,48.500000,25.018000,25.018000
58.000000,59,STAB-013,STABILITY,WEEKLY_CENTER_CHECK,84,50.000000,25.000000,UP,STABLE,50.510000,48.900000,25.045000,25.045000
59.000000,60,STAB-013,STABILITY,WEEKLY_CENTER_CHECK,84,50.000000,25.000000,UP,STABLE,50.180000,48.900000,25.032000,25.032000
0.000000,1,STAB-014,STABILITY,MONTHLY_MULTI_POINT,30,30.000000,25.000000,UP,STABLE,30.360000,29.000000,25.061000,25.061000
1.000000,2,STAB-014,STABILITY,MONTHLY_MULTI_POINT,30,30.000000,25.000000,UP,STABLE,30.250000,28.800000,24.970000,24.970000
2.000000,3,STAB-014,STABILITY,MONTHLY_MULTI_POINT,30,30.000000,25.000000,UP,STABLE,30.250000,28.600000,25.087000,25.087000
3.000000,4,STAB-014,STABILITY,MONTHLY_MULTI_POINT,30,30.000000,25.000000,UP,STABLE,30.160000,28.600000,25.005000,25.005000
4.000000,5,STAB-014,STABILITY,MONTHLY_MULTI_POINT,30,30.000000,25.000000,UP,STABLE,30.150000,28.900000,25.007000,25.007000
5.000000,6,STAB-014,STABILITY,MONTHLY_MULTI_POINT,30,30.000000,25.000000,UP,STABLE,30.320000,29.200000,25.058000,25.058000
6.000000,7,STAB-014,STABILITY,MONTHLY_MULTI_POINT,30,30.000000,25.000000,UP,STABLE,30.350000,29.200000,25.042000,25.042000
7.000000,8,STAB-014,STABILITY,MONTHLY_MULTI_POINT,30,30.000000,25.000000,UP,STABLE,30.350000,29.200000,25.034000,25.034000
8.000000,9,STAB-014,STABILITY,MONTHLY_MULTI_POINT,30,30.000000,25.000000,UP,STABLE,30.390000,29.000000,24.984000,24.984000
9.000000,10,STAB-014,STABILITY,MONTHLY_MULTI_POINT,30,30.000000,25.000000,UP,STABLE,30.170000,28.800000,25.002000,25.002000
10.000000,11,STAB-014,STABILITY,MONTHLY_MULTI_POINT,30,30.000000,25.000000,UP,STABLE,30.360000,28.600000,25.052000,25.052000
11.000000,12,STAB-014,STABILITY,MONTHLY_MULTI_POINT,30,30.000000,25.000000,UP,STABLE,30.370000,29.000000,25.064000,25.064000
12.000000,13,STAB-014,STABILITY,MONTHLY_MULTI_POINT,30,30.000000,25.000000,UP,STABLE,30.200000,28.700000,25.038000,25.038000
13.000000,14,STAB-014,STABILITY,MONTHLY_MULTI_POINT,30,30.000000,25.000000,UP,STABLE,30.280000,28.500000,25.020000,25.020000
14.000000,15,STAB-014,STABILITY,MONTHLY_MULTI_POINT,30,30.000000,25.000000,UP,STABLE,30.180000,29.200000,25.007000,25.007000
15.000000,16,STAB-014,STABILITY,MONTHLY_MULTI_POINT,30,30.000000,25.000000,UP,STABLE,30.110000,28.800000,25.008000,25.008000
16.000000,17,STAB-014,STABILITY,MONTHLY_MULTI_POINT,30,30.000000,25.000000,UP,STABLE,30.400000,29.300000,25.010000,25.010000
17.000000,18,STAB-014,STABILITY,MONTHLY_MULTI_POINT,30,30.000000,25.000000,UP,STABLE,30.290000,28.700000,25.023000,25.023000
18.000000,19,STAB-014,STABILITY,MONTHLY_MULTI_POINT,30,30.000000,25.000000,UP,STABLE,30.370000,28.900000,25.030000,25.030000
19.000000,20,STAB-014,STABILITY,MONTHLY_MULTI_POINT,30,30.000000,25.000000,UP,STABLE,30.170000,28.700000,25.055000,25.055000
20.000000,21,STAB-014,STABILITY,MONTHLY_MULTI_POINT,30,30.000000,25.000000,UP,STABLE,30.070000,28.800000,24.981000,24.981000
21.000000,22,STAB-014,STABILITY,MONTHLY_MULTI_POINT,30,30.000000,25.000000,UP,STABLE,30.270000,28.800000,25.022000,25.022000
22.000000,23,STAB-014,STABILITY,MONTHLY_MULTI_POINT,30,30.000000,25.000000,UP,STABLE,30.210000,29.300000,25.042000,25.042000
23.000000,24,STAB-014,STABILITY,MONTHLY_MULTI_POINT,30,30.000000,25.000000,UP,STABLE,30.310000,29.200000,24.969000,24.969000
24.000000,25,STAB-014,STABILITY,MONTHLY_MULTI_POINT,30,30.000000,25.000000,UP,STABLE,30.190000,28.500000,25.010000,25.010000
25.000000,26,STAB-014,STABILITY,MONTHLY_MULTI_POINT,30,30.000000,25.000000,UP,STABLE,30.200000,28.900000,24.975000,24.975000
26.000000,27,STAB-014,STABILITY,MONTHLY_MULTI_POINT,30,30.000000,25.000000,UP,STABLE,30.250000,28.800000,25.039000,25.039000
27.000000,28,STAB-014,STABILITY,MONTHLY_MULTI_POINT,30,30.000000,25.000000,UP,STABLE,30.290000,28.600000,25.022000,25.022000
28.000000,29,STAB-014,STABILITY,MONTHLY_MULTI_POINT,30,30.000000,25.000000,UP,STABLE,30.190000,28.600000,25.008000,25.008000
29.000000,30,STAB-014,STABILITY,MONTHLY_MULTI_POINT,30,30.000000,25.000000,UP,STABLE,30.250000,28.500000,25.036000,25.036000
30.000000,31,STAB-014,STABILITY,MONTHLY_MULTI_POINT,30,30.000000,25.000000,UP,STABLE,30.330000,29.100000,25.013000,25.013000
31.000000,32,STAB-014,STABILITY,MONTHLY_MULTI_POINT,30,30.000000,25.000000,UP,STABLE,30.460000,28.900000,25.012000,25.012000
32.000000,33,STAB-014,STABILITY,MONTHLY_MULTI_POINT,30,30.000000,25.000000,UP,STABLE,30.310000,28.400000,25.044000,25.044000
33.000000,34,STAB-014,STABILITY,MONTHLY_MULTI_POINT,30,30.000000,25.000000,UP,STABLE,30.370000,28.600000,24.985000,24.985000
34.000000,35,STAB-014,STABILITY,MONTHLY_MULTI_POINT,30,30.000000,25.000000,UP,STABLE,30.130000,29.000000,24.981000,24.981000
35.000000,36,STAB-014,STABILITY,MONTHLY_MULTI_POINT,30,30.000000,25.000000,UP,STABLE,30.220000,28.700000,25.036000,25.036000
36.000000,37,STAB-014,STABILITY,MONTHLY_MULTI_POINT,30,30.000000,25.000000,UP,STABLE,30.250000,28.400000,25.014000,25.014000
37.000000,38,STAB-014,STABILITY,MONTHLY_MULTI_POINT,30,30.000000,25.000000,UP,STABLE,30.340000,28.700000,24.995000,24.995000
38.000000,39,STAB-014,STABILITY,MONTHLY_MULTI_POINT,30,30.000000,25.000000,UP,STABLE,30.310000,29.300000,25.011000,25.011000
39.000000,40,STAB-014,STABILITY,MONTHLY_MULTI_POINT,30,30.000000,25.000000,UP,STABLE,30.230000,28.500000,25.033000,25.033000
40.000000,41,STAB-014,STABILITY,MONTHLY_MULTI_POINT,30,30.000000,25.000000,UP,STABLE,30.220000,29.200000,25.035000,25.035000
41.000000,42,STAB-014,STABILITY,MONTHLY_MULTI_POINT,30,30.000000,25.000000,UP,STABLE,30.420000,29.200000,25.024000,25.024000
42.000000,43,STAB-014,STABILITY,MONTHLY_MULTI_POINT,30,30.000000,25.000000,UP,STABLE,30.340000,28.700000,24.992000,24.992000
43.000000,44,STAB-014,STABILITY,MONTHLY_MULTI_POINT,30,30.000000,25.000000,UP,STABLE,30.300000,28.500000,25.049000,25.049000
44.000000,45,STAB-014,STABILITY,MONTHLY_MULTI_POINT,30,30.000000,25.000000,UP,STABLE,30.290000,28.900000,24.977000,24.977000
45.000000,46,STAB-014,STABILITY,MONTHLY_MULTI_POINT,30,30.000000,25.000000,UP,STABLE,30.250000,28.700000,24.973000,24.973000
46.000000,47,STAB-014,STABILITY,MONTHLY_MULTI_POINT,30,30.000000,25.000000,UP,STABLE,30.350000,28.800000,25.008000,25.008000
47.000000,48,STAB-014,STABILITY,MONTHLY_MULTI_POINT,30,30.000000,25.000000,UP,STABLE,30.320000,28.900000,25.040000,25.040000
48.000000,49,STAB-014,STABILITY,MONTHLY_MULTI_POINT,30,30.000000,25.000000,UP,STABLE,30.110000,28.500000,25.023000,25.023000
49.000000,50,STAB-014,STABILITY,MONTHLY_MULTI_POINT,30,30.000000,25.000000,UP,STABLE,30.270000,28.200000,24.990000,24.990000
50.000000,51,STAB-014,STABILITY,MONTHLY_MULTI_POINT,30,30.000000,25.000000,UP,STABLE,30.290000,28.600000,25.037000,25.037000
51.000000,52,STAB-014,STABILITY,MONTHLY_MULTI_POINT,30,30.000000,25.000000,UP,STABLE,30.230000,29.200000,25.065000,25.065000
52.000000,53,STAB-014,STABILITY,MONTHLY_MULTI_POINT,30,30.000000,25.000000,UP,STABLE,30.300000,29.200000,25.031000,25.031000
53.000000,54,STAB-014,STABILITY,MONTHLY_MULTI_POINT,30,30.000000,25.000000,UP,STABLE,30.170000,28.600000,25.010000,25.010000
54.000000,55,STAB-014,STABILITY,MONTHLY_MULTI_POINT,30,30.000000,25.000000,UP,STABLE,30.370000,29.000000,24.975000,24.975000
55.000000,56,STAB-014,STABILITY,MONTHLY_MULTI_POINT,30,30.000000,25.000000,UP,STABLE,30.160000,28.500000,24.981000,24.981000
56.000000,57,STAB-014,STABILITY,MONTHLY_MULTI_POINT,30,30.000000,25.000000,UP,STABLE,30.200000,28.500000,25.057000,25.057000
57.000000,58,STAB-014,STABILITY,MONTHLY_MULTI_POINT,30,30.000000,25.000000,UP,STABLE,30.250000,28.900000,25.051000,25.051000
58.000000,59,STAB-014,STABILITY,MONTHLY_MULTI_POINT,30,30.000000,25.000000,UP,STABLE,30.330000,28.800000,24.974000,24.974000
59.000000,60,STAB-014,STABILITY,MONTHLY_MULTI_POINT,30,30.000000,25.000000,UP,STABLE,30.280000,28.300000,25.037000,25.037000
0.000000,1,STAB-015,STABILITY,MONTHLY_MULTI_POINT,30,50.000000,25.000000,UP,STABLE,50.350000,48.800000,25.015000,25.015000
1.000000,2,STAB-015,STABILITY,MONTHLY_MULTI_POINT,30,50.000000,25.000000,UP,STABLE,50.250000,49.200000,25.114000,25.114000
2.000000,3,STAB-015,STABILITY,MONTHLY_MULTI_POINT,30,50.000000,25.000000,UP,STABLE,50.300000,49.100000,25.011000,25.011000
3.000000,4,STAB-015,STABILITY,MONTHLY_MULTI_POINT,30,50.000000,25.000000,UP,STABLE,50.220000,48.400000,25.010000,25.010000
4.000000,5,STAB-015,STABILITY,MONTHLY_MULTI_POINT,30,50.000000,25.000000,UP,STABLE,50.390000,48.700000,24.969000,24.969000
5.000000,6,STAB-015,STABILITY,MONTHLY_MULTI_POINT,30,50.000000,25.000000,UP,STABLE,50.240000,48.600000,25.036000,25.036000
6.000000,7,STAB-015,STABILITY,MONTHLY_MULTI_POINT,30,50.000000,25.000000,UP,STABLE,50.190000,49.200000,25.012000,25.012000
7.000000,8,STAB-015,STABILITY,MONTHLY_MULTI_POINT,30,50.000000,25.000000,UP,STABLE,50.320000,48.900000,24.985000,24.985000
8.000000,9,STAB-015,STABILITY,MONTHLY_MULTI_POINT,30,50.000000,25.000000,UP,STABLE,50.170000,49.100000,24.975000,24.975000
9.000000,10,STAB-015,STABILITY,MONTHLY_MULTI_POINT,30,50.000000,25.000000,UP,STABLE,50.210000,49.100000,25.044000,25.044000
10.000000,11,STAB-015,STABILITY,MONTHLY_MULTI_POINT,30,50.000000,25.000000,UP,STABLE,50.390000,48.900000,24.982000,24.982000
11.000000,12,STAB-015,STABILITY,MONTHLY_MULTI_POINT,30,50.000000,25.000000,UP,STABLE,50.360000,49.400000,25.027000,25.027000
12.000000,13,STAB-015,STABILITY,MONTHLY_MULTI_POINT,30,50.000000,25.000000,UP,STABLE,50.320000,49.100000,25.011000,25.011000
13.000000,14,STAB-015,STABILITY,MONTHLY_MULTI_POINT,30,50.000000,25.000000,UP,STABLE,49.990000,48.700000,24.984000,24.984000
14.000000,15,STAB-015,STABILITY,MONTHLY_MULTI_POINT,30,50.000000,25.000000,UP,STABLE,50.320000,48.700000,24.996000,24.996000
15.000000,16,STAB-015,STABILITY,MONTHLY_MULTI_POINT,30,50.000000,25.000000,UP,STABLE,50.350000,49.000000,25.036000,25.036000
16.000000,17,STAB-015,STABILITY,MONTHLY_MULTI_POINT,30,50.000000,25.000000,UP,STABLE,50.290000,49.100000,25.008000,25.008000
17.000000,18,STAB-015,STABILITY,MONTHLY_MULTI_POINT,30,50.000000,25.000000,UP,STABLE,50.250000,48.500000,25.050000,25.050000
18.000000,19,STAB-015,STABILITY,MONTHLY_MULTI_POINT,30,50.000000,25.000000,UP,STABLE,50.320000,48.400000,25.020000,25.020000
19.000000,20,STAB-015,STABILITY,MONTHLY_MULTI_POINT,30,50.000000,25.000000,UP,STABLE,50.280000,49.000000,25.056000,25.056000
20.000000,21,STAB-015,STABILITY,MONTHLY_MULTI_POINT,30,50.000000,25.000000,UP,STABLE,50.330000,48.800000,25.056000,25.056000
21.000000,22,STAB-015,STABILITY,MONTHLY_MULTI_POINT,30,50.000000,25.000000,UP,STABLE,50.360000,48.900000,25.039000,25.039000
22.000000,23,STAB-015,STABILITY,MONTHLY_MULTI_POINT,30,50.000000,25.000000,UP,STABLE,50.030000,49.000000,25.013000,25.013000
23.000000,24,STAB-015,STABILITY,MONTHLY_MULTI_POINT,30,50.000000,25.000000,UP,STABLE,50.210000,48.800000,25.047000,25.047000
24.000000,25,STAB-015,STABILITY,MONTHLY_MULTI_POINT,30,50.000000,25.000000,UP,STABLE,50.160000,49.000000,25.040000,25.040000
25.000000,26,STAB-015,STABILITY,MONTHLY_MULTI_POINT,30,50.000000,25.000000,UP,STABLE,50.210000,49.000000,25.011000,25.011000
26.000000,27,STAB-015,STABILITY,MONTHLY_MULTI_POINT,30,50.000000,25.000000,UP,STABLE,50.280000,49.100000,25.034000,25.034000
27.000000,28,STAB-015,STABILITY,MONTHLY_MULTI_POINT,30,50.000000,25.000000,UP,STABLE,50.150000,48.600000,25.001000,25.001000
28.000000,29,STAB-015,STABILITY,MONTHLY_MULTI_POINT,30,50.000000,25.000000,UP,STABLE,50.300000,49.200000,25.038000,25.038000
29.000000,30,STAB-015,STABILITY,MONTHLY_MULTI_POINT,30,50.000000,25.000000,UP,STABLE,50.320000,49.100000,25.008000,25.008000
30.000000,31,STAB-015,STABILITY,MONTHLY_MULTI_POINT,30,50.000000,25.000000,UP,STABLE,50.500000,48.600000,25.033000,25.033000
31.000000,32,STAB-015,STABILITY,MONTHLY_MULTI_POINT,30,50.000000,25.000000,UP,STABLE,50.150000,48.600000,25.006000,25.006000
32.000000,33,STAB-015,STABILITY,MONTHLY_MULTI_POINT,30,50.000000,25.000000,UP,STABLE,50.290000,48.800000,25.086000,25.086000
33.000000,34,STAB-015,STABILITY,MONTHLY_MULTI_POINT,30,50.000000,25.000000,UP,STABLE,50.240000,48.500000,25.013000,25.013000
34.000000,35,STAB-015,STABILITY,MONTHLY_MULTI_POINT,30,50.000000,25.000000,UP,STABLE,50.440000,48.800000,25.014000,25.014000
35.000000,36,STAB-015,STABILITY,MONTHLY_MULTI_POINT,30,50.000000,25.000000,UP,STABLE,50.190000,49.200000,24.966000,24.966000
36.000000,37,STAB-015,STABILITY,MONTHLY_MULTI_POINT,30,50.000000,25.000000,UP,STABLE,50.340000,48.600000,24.977000,24.977000
37.000000,38,STAB-015,STABILITY,MONTHLY_MULTI_POINT,30,50.000000,25.000000,UP,STABLE,50.410000,48.500000,25.007000,25.007000
38.000000,39,STAB-015,STABILITY,MONTHLY_MULTI_POINT,30,50.000000,25.000000,UP,STABLE,50.170000,49.000000,24.990000,24.990000
39.000000,40,STAB-015,STABILITY,MONTHLY_MULTI_POINT,30,50.000000,25.000000,UP,STABLE,50.340000,49.300000,24.978000,24.978000
40.000000,41,STAB-015,STABILITY,MONTHLY_MULTI_POINT,30,50.000000,25.000000,UP,STABLE,50.280000,49.100000,24.986000,24.986000
41.000000,42,STAB-015,STABILITY,MONTHLY_MULTI_POINT,30,50.000000,25.000000,UP,STABLE,50.230000,48.500000,24.954000,24.954000
42.000000,43,STAB-015,STABILITY,MONTHLY_MULTI_POINT,30,50.000000,25.000000,UP,STABLE,50.210000,49.100000,25.001000,25.001000
43.000000,44,STAB-015,STABILITY,MONTHLY_MULTI_POINT,30,50.000000,25.000000,UP,STABLE,50.480000,49.300000,25.075000,25.075000
44.000000,45,STAB-015,STABILITY,MONTHLY_MULTI_POINT,30,50.000000,25.000000,UP,STABLE,50.380000,49.200000,25.060000,25.060000
45.000000,46,STAB-015,STABILITY,MONTHLY_MULTI_POINT,30,50.000000,25.000000,UP,STABLE,50.350000,48.900000,25.021000,25.021000
46.000000,47,STAB-015,STABILITY,MONTHLY_MULTI_POINT,30,50.000000,25.000000,UP,STABLE,50.390000,49.200000,25.087000,25.087000
47.000000,48,STAB-015,STABILITY,MONTHLY_MULTI_POINT,30,50.000000,25.000000,UP,STABLE,50.160000,49.000000,24.958000,24.958000
48.000000,49,STAB-015,STABILITY,MONTHLY_MULTI_POINT,30,50.000000,25.000000,UP,STABLE,50.030000,48.600000,24.983000,24.983000
49.000000,50,STAB-015,STABILITY,MONTHLY_MULTI_POINT,30,50.000000,25.000000,UP,STABLE,50.160000,48.600000,25.030000,25.030000
50.000000,51,STAB-015,STABILITY,MONTHLY_MULTI_POINT,30,50.000000,25.000000,UP,STABLE,50.310000,48.400000,25.053000,25.053000
51.000000,52,STAB-015,STABILITY,MONTHLY_MULTI_POINT,30,50.000000,25.000000,UP,STABLE,50.180000,49.000000,25.020000,25.020000
52.000000,53,STAB-015,STABILITY,MONTHLY_MULTI_POINT,30,50.000000,25.000000,UP,STABLE,50.300000,49.200000,24.989000,24.989000
53.000000,54,STAB-015,STABILITY,MONTHLY_MULTI_POINT,30,50.000000,25.000000,UP,STABLE,50.440000,48.800000,25.018000,25.018000
54.000000,55,STAB-015,STABILITY,MONTHLY_MULTI_POINT,30,50.000000,25.000000,UP,STABLE,50.270000,49.400000,25.026000,25.026000
55.000000,56,STAB-015,STABILITY,MONTHLY_MULTI_POINT,30,50.000000,25.000000,UP,STABLE,50.310000,49.500000,24.977000,24.977000
56.000000,57,STAB-015,STABILITY,MONTHLY_MULTI_POINT,30,50.000000,25.000000,UP,STABLE,50.260000,49.100000,25.022000,25.022000
57.000000,58,STAB-015,STABILITY,MONTHLY_MULTI_POINT,30,50.000000,25.000000,UP,STABLE,50.220000,49.000000,25.068000,25.068000
58.000000,59,STAB-015,STABILITY,MONTHLY_MULTI_POINT,30,50.000000,25.000000,UP,STABLE,50.190000,49.000000,25.056000,25.056000
59.000000,60,STAB-015,STABILITY,MONTHLY_MULTI_POINT,30,50.000000,25.000000,UP,STABLE,50.360000,49.100000,25.013000,25.013000
0.000000,1,STAB-016,STABILITY,MONTHLY_MULTI_POINT,30,70.000000,25.000000,UP,STABLE,70.490000,68.700000,25.062000,25.062000
1.000000,2,STAB-016,STABILITY,MONTHLY_MULTI_POINT,30,70.000000,25.000000,UP,STABLE,70.320000,68.900000,25.020000,25.020000
2.000000,3,STAB-016,STABILITY,MONTHLY_MULTI_POINT,30,70.000000,25.000000,UP,STABLE,70.180000,69.100000,25.025000,25.025000
3.000000,4,STAB-016,STABILITY,MONTHLY_MULTI_POINT,30,70.000000,25.000000,UP,STABLE,70.150000,69.300000,25.070000,25.070000
4.000000,5,STAB-016,STABILITY,MONTHLY_MULTI_POINT,30,70.000000,25.000000,UP,STABLE,70.300000,68.600000,25.011000,25.011000
5.000000,6,STAB-016,STABILITY,MONTHLY_MULTI_POINT,30,70.000000,25.000000,UP,STABLE,70.420000,69.000000,24.975000,24.975000
6.000000,7,STAB-016,STABILITY,MONTHLY_MULTI_POINT,30,70.000000,25.000000,UP,STABLE,70.360000,69.000000,24.987000,24.987000
7.000000,8,STAB-016,STABILITY,MONTHLY_MULTI_POINT,30,70.000000,25.000000,UP,STABLE,70.520000,68.800000,25.087000,25.087000
8.000000,9,STAB-016,STABILITY,MONTHLY_MULTI_POINT,30,70.000000,25.000000,UP,STABLE,70.130000,68.500000,25.058000,25.058000
9.000000,10,STAB-016,STABILITY,MONTHLY_MULTI_POINT,30,70.000000,25.000000,UP,STABLE,70.270000,68.700000,24.981000,24.981000
10.000000,11,STAB-016,STABILITY,MONTHLY_MULTI_POINT,30,70.000000,25.000000,UP,STABLE,70.270000,69.300000,25.045000,25.045000
11.000000,12,STAB-016,STABILITY,MONTHLY_MULTI_POINT,30,70.000000,25.000000,UP,STABLE,70.170000,68.700000,24.993000,24.993000
12.000000,13,STAB-016,STABILITY,MONTHLY_MULTI_POINT,30,70.000000,25.000000,UP,STABLE,70.210000,68.800000,24.980000,24.980000
13.000000,14,STAB-016,STABILITY,MONTHLY_MULTI_POINT,30,70.000000,25.000000,UP,STABLE,70.390000,69.200000,25.034000,25.034000
14.000000,15,STAB-016,STABILITY,MONTHLY_MULTI_POINT,30,70.000000,25.000000,UP,STABLE,70.200000,69.400000,24.993000,24.993000
15.000000,16,STAB-016,STABILITY,MONTHLY_MULTI_POINT,30,70.000000,25.000000,UP,STABLE,70.230000,68.900000,25.036000,25.036000
16.000000,17,STAB-016,STABILITY,MONTHLY_MULTI_POINT,30,70.000000,25.000000,UP,STABLE,70.020000,68.600000,25.059000,25.059000
17.000000,18,STAB-016,STABILITY,MONTHLY_MULTI_POINT,30,70.000000,25.000000,UP,STABLE,70.280000,69.000000,25.087000,25.087000
18.000000,19,STAB-016,STABILITY,MONTHLY_MULTI_POINT,30,70.000000,25.000000,UP,STABLE,70.430000,69.200000,25.022000,25.022000
19.000000,20,STAB-016,STABILITY,MONTHLY_MULTI_POINT,30,70.000000,25.000000,UP,STABLE,70.260000,68.800000,24.992000,24.992000
20.000000,21,STAB-016,STABILITY,MONTHLY_MULTI_POINT,30,70.000000,25.000000,UP,STABLE,70.280000,68.900000,24.989000,24.989000
21.000000,22,STAB-016,STABILITY,MONTHLY_MULTI_POINT,30,70.000000,25.000000,UP,STABLE,70.200000,68.800000,25.041000,25.041000
22.000000,23,STAB-016,STABILITY,MONTHLY_MULTI_POINT,30,70.000000,25.000000,UP,STABLE,70.330000,68.600000,25.009000,25.009000
23.000000,24,STAB-016,STABILITY,MONTHLY_MULTI_POINT,30,70.000000,25.000000,UP,STABLE,70.230000,68.900000,24.977000,24.977000
24.000000,25,STAB-016,STABILITY,MONTHLY_MULTI_POINT,30,70.000000,25.000000,UP,STABLE,70.290000,69.200000,25.051000,25.051000
25.000000,26,STAB-016,STABILITY,MONTHLY_MULTI_POINT,30,70.000000,25.000000,UP,STABLE,70.040000,68.300000,24.984000,24.984000
26.000000,27,STAB-016,STABILITY,MONTHLY_MULTI_POINT,30,70.000000,25.000000,UP,STABLE,70.260000,68.700000,25.060000,25.060000
27.000000,28,STAB-016,STABILITY,MONTHLY_MULTI_POINT,30,70.000000,25.000000,UP,STABLE,70.150000,69.000000,25.044000,25.044000
28.000000,29,STAB-016,STABILITY,MONTHLY_MULTI_POINT,30,70.000000,25.000000,UP,STABLE,70.300000,69.400000,24.997000,24.997000
29.000000,30,STAB-016,STABILITY,MONTHLY_MULTI_POINT,30,70.000000,25.000000,UP,STABLE,70.260000,68.600000,24.993000,24.993000
30.000000,31,STAB-016,STABILITY,MONTHLY_MULTI_POINT,30,70.000000,25.000000,UP,STABLE,70.320000,68.800000,25.012000,25.012000
31.000000,32,STAB-016,STABILITY,MONTHLY_MULTI_POINT,30,70.000000,25.000000,UP,STABLE,70.220000,68.500000,24.953000,24.953000
32.000000,33,STAB-016,STABILITY,MONTHLY_MULTI_POINT,30,70.000000,25.000000,UP,STABLE,70.280000,68.600000,25.029000,25.029000
33.000000,34,STAB-016,STABILITY,MONTHLY_MULTI_POINT,30,70.000000,25.000000,UP,STABLE,70.380000,69.300000,25.029000,25.029000
34.000000,35,STAB-016,STABILITY,MONTHLY_MULTI_POINT,30,70.000000,25.000000,UP,STABLE,70.270000,69.100000,25.064000,25.064000
35.000000,36,STAB-016,STABILITY,MONTHLY_MULTI_POINT,30,70.000000,25.000000,UP,STABLE,70.130000,68.700000,25.036000,25.036000
36.000000,37,STAB-016,STABILITY,MONTHLY_MULTI_POINT,30,70.000000,25.000000,UP,STABLE,70.080000,68.900000,25.081000,25.081000
37.000000,38,STAB-016,STABILITY,MONTHLY_MULTI_POINT,30,70.000000,25.000000,UP,STABLE,70.440000,69.100000,25.092000,25.092000
38.000000,39,STAB-016,STABILITY,MONTHLY_MULTI_POINT,30,70.000000,25.000000,UP,STABLE,70.300000,69.400000,25.045000,25.045000
39.000000,40,STAB-016,STABILITY,MONTHLY_MULTI_POINT,30,70.000000,25.000000,UP,STABLE,70.200000,68.600000,25.012000,25.012000
40.000000,41,STAB-016,STABILITY,MONTHLY_MULTI_POINT,30,70.000000,25.000000,UP,STABLE,70.340000,69.300000,25.028000,25.028000
41.000000,42,STAB-016,STABILITY,MONTHLY_MULTI_POINT,30,70.000000,25.000000,UP,STABLE,70.260000,68.600000,25.023000,25.023000
42.000000,43,STAB-016,STABILITY,MONTHLY_MULTI_POINT,30,70.000000,25.000000,UP,STABLE,70.220000,69.300000,25.056000,25.056000
43.000000,44,STAB-016,STABILITY,MONTHLY_MULTI_POINT,30,70.000000,25.000000,UP,STABLE,70.190000,68.800000,24.994000,24.994000
44.000000,45,STAB-016,STABILITY,MONTHLY_MULTI_POINT,30,70.000000,25.000000,UP,STABLE,70.330000,68.700000,25.041000,25.041000
45.000000,46,STAB-016,STABILITY,MONTHLY_MULTI_POINT,30,70.000000,25.000000,UP,STABLE,70.210000,69.200000,25.005000,25.005000
46.000000,47,STAB-016,STABILITY,MONTHLY_MULTI_POINT,30,70.000000,25.000000,UP,STABLE,70.100000,68.700000,25.008000,25.008000
47.000000,48,STAB-016,STABILITY,MONTHLY_MULTI_POINT,30,70.000000,25.000000,UP,STABLE,70.380000,69.300000,24.958000,24.958000
48.000000,49,STAB-016,STABILITY,MONTHLY_MULTI_POINT,30,70.000000,25.000000,UP,STABLE,70.360000,68.800000,25.031000,25.031000
49.000000,50,STAB-016,STABILITY,MONTHLY_MULTI_POINT,30,70.000000,25.000000,UP,STABLE,70.280000,69.100000,25.005000,25.005000
50.000000,51,STAB-016,STABILITY,MONTHLY_MULTI_POINT,30,70.000000,25.000000,UP,STABLE,70.310000,68.900000,24.999000,24.999000
51.000000,52,STAB-016,STABILITY,MONTHLY_MULTI_POINT,30,70.000000,25.000000,UP,STABLE,70.130000,68.600000,24.938000,24.938000
52.000000,53,STAB-016,STABILITY,MONTHLY_MULTI_POINT,30,70.000000,25.000000,UP,STABLE,70.330000,68.900000,25.007000,25.007000
53.000000,54,STAB-016,STABILITY,MONTHLY_MULTI_POINT,30,70.000000,25.000000,UP,STABLE,70.210000,68.700000,25.022000,25.022000
54.000000,55,STAB-016,STABILITY,MONTHLY_MULTI_POINT,30,70.000000,25.000000,UP,STABLE,70.310000,69.600000,24.966000,24.966000
55.000000,56,STAB-016,STABILITY,MONTHLY_MULTI_POINT,30,70.000000,25.000000,UP,STABLE,70.270000,68.800000,24.998000,24.998000
56.000000,57,STAB-016,STABILITY,MONTHLY_MULTI_POINT,30,70.000000,25.000000,UP,STABLE,70.280000,68.700000,25.011000,25.011000
57.000000,58,STAB-016,STABILITY,MONTHLY_MULTI_POINT,30,70.000000,25.000000,UP,STABLE,70.310000,68.700000,25.014000,25.014000
58.000000,59,STAB-016,STABILITY,MONTHLY_MULTI_POINT,30,70.000000,25.000000,UP,STABLE,70.360000,69.000000,24.987000,24.987000
59.000000,60,STAB-016,STABILITY,MONTHLY_MULTI_POINT,30,70.000000,25.000000,UP,STABLE,70.240000,69.200000,25.027000,25.027000
0.000000,1,STAB-017,STABILITY,MONTHLY_MULTI_POINT,60,30.000000,25.000000,UP,STABLE,30.350000,28.500000,25.039000,25.039000
1.000000,2,STAB-017,STABILITY,MONTHLY_MULTI_POINT,60,30.000000,25.000000,UP,STABLE,30.130000,28.700000,24.978000,24.978000
2.000000,3,STAB-017,STABILITY,MONTHLY_MULTI_POINT,60,30.000000,25.000000,UP,STABLE,30.440000,29.300000,25.014000,25.014000
3.000000,4,STAB-017,STABILITY,MONTHLY_MULTI_POINT,60,30.000000,25.000000,UP,STABLE,30.260000,28.800000,24.966000,24.966000
4.000000,5,STAB-017,STABILITY,MONTHLY_MULTI_POINT,60,30.000000,25.000000,UP,STABLE,30.280000,29.000000,24.953000,24.953000
5.000000,6,STAB-017,STABILITY,MONTHLY_MULTI_POINT,60,30.000000,25.000000,UP,STABLE,30.340000,29.000000,25.007000,25.007000
6.000000,7,STAB-017,STABILITY,MONTHLY_MULTI_POINT,60,30.000000,25.000000,UP,STABLE,30.190000,28.400000,25.020000,25.020000
7.000000,8,STAB-017,STABILITY,MONTHLY_MULTI_POINT,60,30.000000,25.000000,UP,STABLE,30.180000,28.900000,24.988000,24.988000
8.000000,9,STAB-017,STABILITY,MONTHLY_MULTI_POINT,60,30.000000,25.000000,UP,STABLE,30.240000,28.600000,24.996000,24.996000
9.000000,10,STAB-017,STABILITY,MONTHLY_MULTI_POINT,60,30.000000,25.000000,UP,STABLE,30.240000,29.000000,24.977000,24.977000
10.000000,11,STAB-017,STABILITY,MONTHLY_MULTI_POINT,60,30.000000,25.000000,UP,STABLE,30.400000,29.000000,25.017000,25.017000
11.000000,12,STAB-017,STABILITY,MONTHLY_MULTI_POINT,60,30.000000,25.000000,UP,STABLE,30.230000,28.600000,25.017000,25.017000
12.000000,13,STAB-017,STABILITY,MONTHLY_MULTI_POINT,60,30.000000,25.000000,UP,STABLE,30.380000,29.100000,24.971000,24.971000
13.000000,14,STAB-017,STABILITY,MONTHLY_MULTI_POINT,60,30.000000,25.000000,UP,STABLE,30.270000,29.000000,25.039000,25.039000
14.000000,15,STAB-017,STABILITY,MONTHLY_MULTI_POINT,60,30.000000,25.000000,UP,STABLE,30.210000,29.000000,25.082000,25.082000
15.000000,16,STAB-017,STABILITY,MONTHLY_MULTI_POINT,60,30.000000,25.000000,UP,STABLE,30.270000,28.100000,25.041000,25.041000
16.000000,17,STAB-017,STABILITY,MONTHLY_MULTI_POINT,60,30.000000,25.000000,UP,STABLE,30.290000,29.100000,25.028000,25.028000
17.000000,18,STAB-017,STABILITY,MONTHLY_MULTI_POINT,60,30.000000,25.000000,UP,STABLE,30.250000,28.800000,25.055000,25.055000
18.000000,19,STAB-017,STABILITY,MONTHLY_MULTI_POINT,60,30.000000,25.000000,UP,STABLE,30.280000,28.600000,25.031000,25.031000
19.000000,20,STAB-017,STABILITY,MONTHLY_MULTI_POINT,60,30.000000,25.000000,UP,STABLE,30.210000,28.700000,25.033000,25.033000
20.000000,21,STAB-017,STABILITY,MONTHLY_MULTI_POINT,60,30.000000,25.000000,UP,STABLE,30.170000,29.300000,24.986000,24.986000
21.000000,22,STAB-017,STABILITY,MONTHLY_MULTI_POINT,60,30.000000,25.000000,UP,STABLE,30.290000,29.300000,24.953000,24.953000
22.000000,23,STAB-017,STABILITY,MONTHLY_MULTI_POINT,60,30.000000,25.000000,UP,STABLE,30.270000,28.500000,25.037000,25.037000
23.000000,24,STAB-017,STABILITY,MONTHLY_MULTI_POINT,60,30.000000,25.000000,UP,STABLE,30.200000,29.400000,25.051000,25.051000
24.000000,25,STAB-017,STABILITY,MONTHLY_MULTI_POINT,60,30.000000,25.000000,UP,STABLE,30.230000,28.900000,25.056000,25.056000
25.000000,26,STAB-017,STABILITY,MONTHLY_MULTI_POINT,60,30.000000,25.000000,UP,STABLE,30.080000,28.600000,25.002000,25.002000
26.000000,27,STAB-017,STABILITY,MONTHLY_MULTI_POINT,60,30.000000,25.000000,UP,STABLE,30.340000,28.900000,25.013000,25.013000
27.000000,28,STAB-017,STABILITY,MONTHLY_MULTI_POINT,60,30.000000,25.000000,UP,STABLE,30.360000,29.100000,25.034000,25.034000
28.000000,29,STAB-017,STABILITY,MONTHLY_MULTI_POINT,60,30.000000,25.000000,UP,STABLE,30.260000,28.800000,25.023000,25.023000
29.000000,30,STAB-017,STABILITY,MONTHLY_MULTI_POINT,60,30.000000,25.000000,UP,STABLE,30.240000,28.900000,24.982000,24.982000
30.000000,31,STAB-017,STABILITY,MONTHLY_MULTI_POINT,60,30.000000,25.000000,UP,STABLE,30.340000,29.100000,24.990000,24.990000
31.000000,32,STAB-017,STABILITY,MONTHLY_MULTI_POINT,60,30.000000,25.000000,UP,STABLE,30.320000,29.100000,25.022000,25.022000
32.000000,33,STAB-017,STABILITY,MONTHLY_MULTI_POINT,60,30.000000,25.000000,UP,STABLE,30.290000,28.300000,25.021000,25.021000
33.000000,34,STAB-017,STABILITY,MONTHLY_MULTI_POINT,60,30.000000,25.000000,UP,STABLE,30.240000,28.700000,24.981000,24.981000
34.000000,35,STAB-017,STABILITY,MONTHLY_MULTI_POINT,60,30.000000,25.000000,UP,STABLE,30.280000,29.000000,25.058000,25.058000
35.000000,36,STAB-017,STABILITY,MONTHLY_MULTI_POINT,60,30.000000,25.000000,UP,STABLE,30.240000,28.300000,25.006000,25.006000
36.000000,37,STAB-017,STABILITY,MONTHLY_MULTI_POINT,60,30.000000,25.000000,UP,STABLE,30.100000,28.600000,24.981000,24.981000
37.000000,38,STAB-017,STABILITY,MONTHLY_MULTI_POINT,60,30.000000,25.000000,UP,STABLE,30.520000,28.900000,25.045000,25.045000
38.000000,39,STAB-017,STABILITY,MONTHLY_MULTI_POINT,60,30.000000,25.000000,UP,STABLE,30.400000,28.900000,25.052000,25.052000
39.000000,40,STAB-017,STABILITY,MONTHLY_MULTI_POINT,60,30.000000,25.000000,UP,STABLE,30.330000,28.900000,25.039000,25.039000
40.000000,41,STAB-017,STABILITY,MONTHLY_MULTI_POINT,60,30.000000,25.000000,UP,STABLE,30.360000,28.900000,24.992000,24.992000
41.000000,42,STAB-017,STABILITY,MONTHLY_MULTI_POINT,60,30.000000,25.000000,UP,STABLE,30.360000,28.800000,24.981000,24.981000
42.000000,43,STAB-017,STABILITY,MONTHLY_MULTI_POINT,60,30.000000,25.000000,UP,STABLE,30.200000,29.100000,24.992000,24.992000
43.000000,44,STAB-017,STABILITY,MONTHLY_MULTI_POINT,60,30.000000,25.000000,UP,STABLE,30.180000,28.400000,24.978000,24.978000
44.000000,45,STAB-017,STABILITY,MONTHLY_MULTI_POINT,60,30.000000,25.000000,UP,STABLE,30.280000,28.800000,25.008000,25.008000
45.000000,46,STAB-017,STABILITY,MONTHLY_MULTI_POINT,60,30.000000,25.000000,UP,STABLE,30.210000,28.900000,25.016000,25.016000
46.000000,47,STAB-017,STABILITY,MONTHLY_MULTI_POINT,60,30.000000,25.000000,UP,STABLE,30.440000,28.600000,25.063000,25.063000
47.000000,48,STAB-017,STABILITY,MONTHLY_MULTI_POINT,60,30.000000,25.000000,UP,STABLE,30.220000,28.600000,25.030000,25.030000
48.000000,49,STAB-017,STABILITY,MONTHLY_MULTI_POINT,60,30.000000,25.000000,UP,STABLE,30.300000,28.900000,24.992000,24.992000
49.000000,50,STAB-017,STABILITY,MONTHLY_MULTI_POINT,60,30.000000,25.000000,UP,STABLE,30.310000,28.600000,24.978000,24.978000
50.000000,51,STAB-017,STABILITY,MONTHLY_MULTI_POINT,60,30.000000,25.000000,UP,STABLE,30.530000,29.000000,25.001000,25.001000
51.000000,52,STAB-017,STABILITY,MONTHLY_MULTI_POINT,60,30.000000,25.000000,UP,STABLE,30.340000,28.900000,25.045000,25.045000
52.000000,53,STAB-017,STABILITY,MONTHLY_MULTI_POINT,60,30.000000,25.000000,UP,STABLE,30.350000,28.600000,25.049000,25.049000
53.000000,54,STAB-017,STABILITY,MONTHLY_MULTI_POINT,60,30.000000,25.000000,UP,STABLE,30.400000,29.400000,25.009000,25.009000
54.000000,55,STAB-017,STABILITY,MONTHLY_MULTI_POINT,60,30.000000,25.000000,UP,STABLE,30.150000,28.600000,25.004000,25.004000
55.000000,56,STAB-017,STABILITY,MONTHLY_MULTI_POINT,60,30.000000,25.000000,UP,STABLE,30.420000,29.200000,24.982000,24.982000
56.000000,57,STAB-017,STABILITY,MONTHLY_MULTI_POINT,60,30.000000,25.000000,UP,STABLE,30.180000,29.200000,25.021000,25.021000
57.000000,58,STAB-017,STABILITY,MONTHLY_MULTI_POINT,60,30.000000,25.000000,UP,STABLE,30.300000,28.500000,25.020000,25.020000
58.000000,59,STAB-017,STABILITY,MONTHLY_MULTI_POINT,60,30.000000,25.000000,UP,STABLE,30.360000,28.700000,25.048000,25.048000
59.000000,60,STAB-017,STABILITY,MONTHLY_MULTI_POINT,60,30.000000,25.000000,UP,STABLE,30.330000,28.800000,25.045000,25.045000
0.000000,1,STAB-018,STABILITY,MONTHLY_MULTI_POINT,60,50.000000,25.000000,UP,STABLE,50.360000,48.500000,24.984000,24.984000
1.000000,2,STAB-018,STABILITY,MONTHLY_MULTI_POINT,60,50.000000,25.000000,UP,STABLE,50.540000,48.800000,24.978000,24.978000
2.000000,3,STAB-018,STABILITY,MONTHLY_MULTI_POINT,60,50.000000,25.000000,UP,STABLE,50.330000,48.600000,25.054000,25.054000
3.000000,4,STAB-018,STABILITY,MONTHLY_MULTI_POINT,60,50.000000,25.000000,UP,STABLE,50.400000,48.900000,25.000000,25.000000
4.000000,5,STAB-018,STABILITY,MONTHLY_MULTI_POINT,60,50.000000,25.000000,UP,STABLE,50.110000,48.500000,24.988000,24.988000
5.000000,6,STAB-018,STABILITY,MONTHLY_MULTI_POINT,60,50.000000,25.000000,UP,STABLE,50.180000,48.400000,25.025000,25.025000
6.000000,7,STAB-018,STABILITY,MONTHLY_MULTI_POINT,60,50.000000,25.000000,UP,STABLE,50.260000,49.100000,24.989000,24.989000
7.000000,8,STAB-018,STABILITY,MONTHLY_MULTI_POINT,60,50.000000,25.000000,UP,STABLE,50.250000,48.300000,24.981000,24.981000
8.000000,9,STAB-018,STABILITY,MONTHLY_MULTI_POINT,60,50.000000,25.000000,UP,STABLE,50.290000,48.400000,25.016000,25.016000
9.000000,10,STAB-018,STABILITY,MONTHLY_MULTI_POINT,60,50.000000,25.000000,UP,STABLE,50.360000,48.700000,24.962000,24.962000
10.000000,11,STAB-018,STABILITY,MONTHLY_MULTI_POINT,60,50.000000,25.000000,UP,STABLE,50.270000,48.700000,25.004000,25.004000
11.000000,12,STAB-018,STABILITY,MONTHLY_MULTI_POINT,60,50.000000,25.000000,UP,STABLE,50.220000,48.900000,24.979000,24.979000
12.000000,13,STAB-018,STABILITY,MONTHLY_MULTI_POINT,60,50.000000,25.000000,UP,STABLE,50.430000,49.000000,25.001000,25.001000
13.000000,14,STAB-018,STABILITY,MONTHLY_MULTI_POINT,60,50.000000,25.000000,UP,STABLE,50.250000,48.500000,25.039000,25.039000
14.000000,15,STAB-018,STABILITY,MONTHLY_MULTI_POINT,60,50.000000,25.000000,UP,STABLE,50.340000,48.800000,24.999000,24.999000
15.000000,16,STAB-018,STABILITY,MONTHLY_MULTI_POINT,60,50.000000,25.000000,UP,STABLE,50.080000,48.700000,24.981000,24.981000
16.000000,17,STAB-018,STABILITY,MONTHLY_MULTI_POINT,60,50.000000,25.000000,UP,STABLE,50.230000,49.000000,24.980000,24.980000
17.000000,18,STAB-018,STABILITY,MONTHLY_MULTI_POINT,60,50.000000,25.000000,UP,STABLE,50.370000,49.000000,25.022000,25.022000
18.000000,19,STAB-018,STABILITY,MONTHLY_MULTI_POINT,60,50.000000,25.000000,UP,STABLE,50.290000,48.600000,25.048000,25.048000
19.000000,20,STAB-018,STABILITY,MONTHLY_MULTI_POINT,60,50.000000,25.000000,UP,STABLE,50.260000,49.300000,25.020000,25.020000
20.000000,21,STAB-018,STABILITY,MONTHLY_MULTI_POINT,60,50.000000,25.000000,UP,STABLE,50.140000,48.600000,24.991000,24.991000
21.000000,22,STAB-018,STABILITY,MONTHLY_MULTI_POINT,60,50.000000,25.000000,UP,STABLE,50.120000,49.100000,25.014000,25.014000
22.000000,23,STAB-018,STABILITY,MONTHLY_MULTI_POINT,60,50.000000,25.000000,UP,STABLE,50.100000,48.800000,25.051000,25.051000
23.000000,24,STAB-018,STABILITY,MONTHLY_MULTI_POINT,60,50.000000,25.000000,UP,STABLE,50.460000,49.000000,25.106000,25.106000
24.000000,25,STAB-018,STABILITY,MONTHLY_MULTI_POINT,60,50.000000,25.000000,UP,STABLE,50.310000,48.700000,25.002000,25.002000
25.000000,26,STAB-018,STABILITY,MONTHLY_MULTI_POINT,60,50.000000,25.000000,UP,STABLE,50.170000,48.700000,24.992000,24.992000
26.000000,27,STAB-018,STABILITY,MONTHLY_MULTI_POINT,60,50.000000,25.000000,UP,STABLE,50.110000,48.400000,24.963000,24.963000
27.000000,28,STAB-018,STABILITY,MONTHLY_MULTI_POINT,60,50.000000,25.000000,UP,STABLE,50.240000,48.400000,24.974000,24.974000
28.000000,29,STAB-018,STABILITY,MONTHLY_MULTI_POINT,60,50.000000,25.000000,UP,STABLE,50.210000,49.300000,25.026000,25.026000
29.000000,30,STAB-018,STABILITY,MONTHLY_MULTI_POINT,60,50.000000,25.000000,UP,STABLE,50.210000,48.600000,25.005000,25.005000
30.000000,31,STAB-018,STABILITY,MONTHLY_MULTI_POINT,60,50.000000,25.000000,UP,STABLE,50.150000,48.400000,24.940000,24.940000
31.000000,32,STAB-018,STABILITY,MONTHLY_MULTI_POINT,60,50.000000,25.000000,UP,STABLE,50.250000,48.600000,25.066000,25.066000
32.000000,33,STAB-018,STABILITY,MONTHLY_MULTI_POINT,60,50.000000,25.000000,UP,STABLE,50.500000,49.000000,25.042000,25.042000
33.000000,34,STAB-018,STABILITY,MONTHLY_MULTI_POINT,60,50.000000,25.000000,UP,STABLE,50.360000,49.400000,25.007000,25.007000
34.000000,35,STAB-018,STABILITY,MONTHLY_MULTI_POINT,60,50.000000,25.000000,UP,STABLE,50.280000,48.900000,25.049000,25.049000
35.000000,36,STAB-018,STABILITY,MONTHLY_MULTI_POINT,60,50.000000,25.000000,UP,STABLE,50.240000,48.800000,24.943000,24.943000
36.000000,37,STAB-018,STABILITY,MONTHLY_MULTI_POINT,60,50.000000,25.000000,UP,STABLE,50.220000,49.000000,25.048000,25.048000
37.000000,38,STAB-018,STABILITY,MONTHLY_MULTI_POINT,60,50.000000,25.000000,UP,STABLE,50.210000,48.800000,25.054000,25.054000
38.000000,39,STAB-018,STABILITY,MONTHLY_MULTI_POINT,60,50.000000,25.000000,UP,STABLE,50.300000,49.000000,25.028000,25.028000
39.000000,40,STAB-018,STABILITY,MONTHLY_MULTI_POINT,60,50.000000,25.000000,UP,STABLE,50.360000,49.000000,25.013000,25.013000
40.000000,41,STAB-018,STABILITY,MONTHLY_MULTI_POINT,60,50.000000,25.000000,UP,STABLE,50.230000,48.800000,24.996000,24.996000
41.000000,42,STAB-018,STABILITY,MONTHLY_MULTI_POINT,60,50.000000,25.000000,UP,STABLE,50.370000,48.400000,25.033000,25.033000
42.000000,43,STAB-018,STABILITY,MONTHLY_MULTI_POINT,60,50.000000,25.000000,UP,STABLE,50.210000,48.600000,25.009000,25.009000
43.000000,44,STAB-018,STABILITY,MONTHLY_MULTI_POINT,60,50.000000,25.000000,UP,STABLE,50.190000,48.400000,25.059000,25.059000
44.000000,45,STAB-018,STABILITY,MONTHLY_MULTI_POINT,60,50.000000,25.000000,UP,STABLE,50.150000,49.100000,24.990000,24.990000
45.000000,46,STAB-018,STABILITY,MONTHLY_MULTI_POINT,60,50.000000,25.000000,UP,STABLE,50.310000,49.100000,25.002000,25.002000
46.000000,47,STAB-018,STABILITY,MONTHLY_MULTI_POINT,60,50.000000,25.000000,UP,STABLE,50.170000,49.000000,25.011000,25.011000
47.000000,48,STAB-018,STABILITY,MONTHLY_MULTI_POINT,60,50.000000,25.000000,UP,STABLE,50.380000,48.700000,25.040000,25.040000
48.000000,49,STAB-018,STABILITY,MONTHLY_MULTI_POINT,60,50.000000,25.000000,UP,STABLE,50.230000,48.800000,25.090000,25.090000
49.000000,50,STAB-018,STABILITY,MONTHLY_MULTI_POINT,60,50.000000,25.000000,UP,STABLE,50.340000,48.700000,25.004000,25.004000
50.000000,51,STAB-018,STABILITY,MONTHLY_MULTI_POINT,60,50.000000,25.000000,UP,STABLE,50.250000,48.800000,25.031000,25.031000
51.000000,52,STAB-018,STABILITY,MONTHLY_MULTI_POINT,60,50.000000,25.000000,UP,STABLE,50.280000,49.000000,24.972000,24.972000
52.000000,53,STAB-018,STABILITY,MONTHLY_MULTI_POINT,60,50.000000,25.000000,UP,STABLE,50.200000,48.800000,25.035000,25.035000
53.000000,54,STAB-018,STABILITY,MONTHLY_MULTI_POINT,60,50.000000,25.000000,UP,STABLE,50.200000,48.800000,25.025000,25.025000
54.000000,55,STAB-018,STABILITY,MONTHLY_MULTI_POINT,60,50.000000,25.000000,UP,STABLE,50.160000,48.900000,24.958000,24.958000
55.000000,56,STAB-018,STABILITY,MONTHLY_MULTI_POINT,60,50.000000,25.000000,UP,STABLE,50.260000,48.600000,25.016000,25.016000
56.000000,57,STAB-018,STABILITY,MONTHLY_MULTI_POINT,60,50.000000,25.000000,UP,STABLE,50.240000,49.000000,24.982000,24.982000
57.000000,58,STAB-018,STABILITY,MONTHLY_MULTI_POINT,60,50.000000,25.000000,UP,STABLE,50.120000,48.900000,24.979000,24.979000
58.000000,59,STAB-018,STABILITY,MONTHLY_MULTI_POINT,60,50.000000,25.000000,UP,STABLE,50.120000,49.000000,25.020000,25.020000
59.000000,60,STAB-018,STABILITY,MONTHLY_MULTI_POINT,60,50.000000,25.000000,UP,STABLE,50.180000,49.200000,25.045000,25.045000
0.000000,1,STAB-019,STABILITY,MONTHLY_MULTI_POINT,60,70.000000,25.000000,UP,STABLE,70.300000,69.200000,25.016000,25.016000
1.000000,2,STAB-019,STABILITY,MONTHLY_MULTI_POINT,60,70.000000,25.000000,UP,STABLE,70.300000,69.000000,25.018000,25.018000
2.000000,3,STAB-019,STABILITY,MONTHLY_MULTI_POINT,60,70.000000,25.000000,UP,STABLE,70.360000,69.200000,25.028000,25.028000
3.000000,4,STAB-019,STABILITY,MONTHLY_MULTI_POINT,60,70.000000,25.000000,UP,STABLE,70.280000,68.700000,25.039000,25.039000
4.000000,5,STAB-019,STABILITY,MONTHLY_MULTI_POINT,60,70.000000,25.000000,UP,STABLE,70.380000,68.600000,25.071000,25.071000
5.000000,6,STAB-019,STABILITY,MONTHLY_MULTI_POINT,60,70.000000,25.000000,UP,STABLE,70.280000,68.600000,25.048000,25.048000
6.000000,7,STAB-019,STABILITY,MONTHLY_MULTI_POINT,60,70.000000,25.000000,UP,STABLE,70.210000,68.600000,24.979000,24.979000
7.000000,8,STAB-019,STABILITY,MONTHLY_MULTI_POINT,60,70.000000,25.000000,UP,STABLE,70.260000,68.500000,25.059000,25.059000
8.000000,9,STAB-019,STABILITY,MONTHLY_MULTI_POINT,60,70.000000,25.000000,UP,STABLE,70.340000,69.000000,25.021000,25.021000
9.000000,10,STAB-019,STABILITY,MONTHLY_MULTI_POINT,60,70.000000,25.000000,UP,STABLE,70.390000,69.000000,25.035000,25.035000
10.000000,11,STAB-019,STABILITY,MONTHLY_MULTI_POINT,60,70.000000,25.000000,UP,STABLE,70.390000,68.700000,25.043000,25.043000
11.000000,12,STAB-019,STABILITY,MONTHLY_MULTI_POINT,60,70.000000,25.000000,UP,STABLE,70.290000,68.600000,25.023000,25.023000
12.000000,13,STAB-019,STABILITY,MONTHLY_MULTI_POINT,60,70.000000,25.000000,UP,STABLE,70.260000,69.000000,25.038000,25.038000
13.000000,14,STAB-019,STABILITY,MONTHLY_MULTI_POINT,60,70.000000,25.000000,UP,STABLE,70.070000,68.400000,25.086000,25.086000
14.000000,15,STAB-019,STABILITY,MONTHLY_MULTI_POINT,60,70.000000,25.000000,UP,STABLE,70.270000,69.200000,24.935000,24.935000
15.000000,16,STAB-019,STABILITY,MONTHLY_MULTI_POINT,60,70.000000,25.000000,UP,STABLE,70.380000,69.200000,25.023000,25.023000
16.000000,17,STAB-019,STABILITY,MONTHLY_MULTI_POINT,60,70.000000,25.000000,UP,STABLE,70.420000,69.100000,25.080000,25.080000
17.000000,18,STAB-019,STABILITY,MONTHLY_MULTI_POINT,60,70.000000,25.000000,UP,STABLE,70.290000,69.000000,25.050000,25.050000
18.000000,19,STAB-019,STABILITY,MONTHLY_MULTI_POINT,60,70.000000,25.000000,UP,STABLE,70.250000,68.900000,25.032000,25.032000
19.000000,20,STAB-019,STABILITY,MONTHLY_MULTI_POINT,60,70.000000,25.000000,UP,STABLE,70.180000,68.700000,24.979000,24.979000
20.000000,21,STAB-019,STABILITY,MONTHLY_MULTI_POINT,60,70.000000,25.000000,UP,STABLE,70.290000,68.700000,25.042000,25.042000
21.000000,22,STAB-019,STABILITY,MONTHLY_MULTI_POINT,60,70.000000,25.000000,UP,STABLE,70.010000,68.700000,25.032000,25.032000
22.000000,23,STAB-019,STABILITY,MONTHLY_MULTI_POINT,60,70.000000,25.000000,UP,STABLE,70.350000,69.300000,24.992000,24.992000
23.000000,24,STAB-019,STABILITY,MONTHLY_MULTI_POINT,60,70.000000,25.000000,UP,STABLE,70.390000,68.900000,25.005000,25.005000
24.000000,25,STAB-019,STABILITY,MONTHLY_MULTI_POINT,60,70.000000,25.000000,UP,STABLE,70.190000,69.000000,25.040000,25.040000
25.000000,26,STAB-019,STABILITY,MONTHLY_MULTI_POINT,60,70.000000,25.000000,UP,STABLE,70.150000,68.200000,25.044000,25.044000
26.000000,27,STAB-019,STABILITY,MONTHLY_MULTI_POINT,60,70.000000,25.000000,UP,STABLE,70.260000,68.600000,25.000000,25.000000
27.000000,28,STAB-019,STABILITY,MONTHLY_MULTI_POINT,60,70.000000,25.000000,UP,STABLE,70.200000,68.300000,25.024000,25.024000
28.000000,29,STAB-019,STABILITY,MONTHLY_MULTI_POINT,60,70.000000,25.000000,UP,STABLE,70.340000,68.900000,25.019000,25.019000
29.000000,30,STAB-019,STABILITY,MONTHLY_MULTI_POINT,60,70.000000,25.000000,UP,STABLE,70.540000,69.000000,25.059000,25.059000
30.000000,31,STAB-019,STABILITY,MONTHLY_MULTI_POINT,60,70.000000,25.000000,UP,STABLE,70.280000,68.700000,25.033000,25.033000
31.000000,32,STAB-019,STABILITY,MONTHLY_MULTI_POINT,60,70.000000,25.000000,UP,STABLE,70.350000,68.700000,25.043000,25.043000
32.000000,33,STAB-019,STABILITY,MONTHLY_MULTI_POINT,60,70.000000,25.000000,UP,STABLE,70.180000,69.000000,25.009000,25.009000
33.000000,34,STAB-019,STABILITY,MONTHLY_MULTI_POINT,60,70.000000,25.000000,UP,STABLE,70.290000,68.600000,25.049000,25.049000
34.000000,35,STAB-019,STABILITY,MONTHLY_MULTI_POINT,60,70.000000,25.000000,UP,STABLE,70.260000,68.800000,25.071000,25.071000
35.000000,36,STAB-019,STABILITY,MONTHLY_MULTI_POINT,60,70.000000,25.000000,UP,STABLE,70.180000,68.400000,24.995000,24.995000
36.000000,37,STAB-019,STABILITY,MONTHLY_MULTI_POINT,60,70.000000,25.000000,UP,STABLE,70.360000,68.700000,24.981000,24.981000
37.000000,38,STAB-019,STABILITY,MONTHLY_MULTI_POINT,60,70.000000,25.000000,UP,STABLE,70.240000,68.800000,24.989000,24.989000
38.000000,39,STAB-019,STABILITY,MONTHLY_MULTI_POINT,60,70.000000,25.000000,UP,STABLE,70.390000,68.600000,24.996000,24.996000
39.000000,40,STAB-019,STABILITY,MONTHLY_MULTI_POINT,60,70.000000,25.000000,UP,STABLE,70.130000,69.100000,25.026000,25.026000
40.000000,41,STAB-019,STABILITY,MONTHLY_MULTI_POINT,60,70.000000,25.000000,UP,STABLE,70.270000,69.100000,25.023000,25.023000
41.000000,42,STAB-019,STABILITY,MONTHLY_MULTI_POINT,60,70.000000,25.000000,UP,STABLE,70.350000,68.800000,24.981000,24.981000
42.000000,43,STAB-019,STABILITY,MONTHLY_MULTI_POINT,60,70.000000,25.000000,UP,STABLE,70.190000,68.500000,24.964000,24.964000
43.000000,44,STAB-019,STABILITY,MONTHLY_MULTI_POINT,60,70.000000,25.000000,UP,STABLE,70.250000,68.900000,25.073000,25.073000
44.000000,45,STAB-019,STABILITY,MONTHLY_MULTI_POINT,60,70.000000,25.000000,UP,STABLE,70.240000,68.400000,25.059000,25.059000
45.000000,46,STAB-019,STABILITY,MONTHLY_MULTI_POINT,60,70.000000,25.000000,UP,STABLE,70.200000,68.400000,25.023000,25.023000
46.000000,47,STAB-019,STABILITY,MONTHLY_MULTI_POINT,60,70.000000,25.000000,UP,STABLE,70.220000,68.900000,25.035000,25.035000
47.000000,48,STAB-019,STABILITY,MONTHLY_MULTI_POINT,60,70.000000,25.000000,UP,STABLE,70.320000,69.100000,25.052000,25.052000
48.000000,49,STAB-019,STABILITY,MONTHLY_MULTI_POINT,60,70.000000,25.000000,UP,STABLE,70.350000,68.800000,25.007000,25.007000
49.000000,50,STAB-019,STABILITY,MONTHLY_MULTI_POINT,60,70.000000,25.000000,UP,STABLE,70.350000,69.000000,25.004000,25.004000
50.000000,51,STAB-019,STABILITY,MONTHLY_MULTI_POINT,60,70.000000,25.000000,UP,STABLE,70.040000,68.800000,25.005000,25.005000
51.000000,52,STAB-019,STABILITY,MONTHLY_MULTI_POINT,60,70.000000,25.000000,UP,STABLE,70.430000,68.800000,24.998000,24.998000
52.000000,53,STAB-019,STABILITY,MONTHLY_MULTI_POINT,60,70.000000,25.000000,UP,STABLE,70.280000,68.600000,25.045000,25.045000
53.000000,54,STAB-019,STABILITY,MONTHLY_MULTI_POINT,60,70.000000,25.000000,UP,STABLE,70.280000,68.200000,25.101000,25.101000
54.000000,55,STAB-019,STABILITY,MONTHLY_MULTI_POINT,60,70.000000,25.000000,UP,STABLE,70.270000,69.000000,25.007000,25.007000
55.000000,56,STAB-019,STABILITY,MONTHLY_MULTI_POINT,60,70.000000,25.000000,UP,STABLE,70.250000,68.700000,24.992000,24.992000
56.000000,57,STAB-019,STABILITY,MONTHLY_MULTI_POINT,60,70.000000,25.000000,UP,STABLE,70.220000,68.600000,25.057000,25.057000
57.000000,58,STAB-019,STABILITY,MONTHLY_MULTI_POINT,60,70.000000,25.000000,UP,STABLE,70.180000,68.800000,24.989000,24.989000
58.000000,59,STAB-019,STABILITY,MONTHLY_MULTI_POINT,60,70.000000,25.000000,UP,STABLE,70.370000,68.600000,24.992000,24.992000
59.000000,60,STAB-019,STABILITY,MONTHLY_MULTI_POINT,60,70.000000,25.000000,UP,STABLE,70.240000,68.800000,25.022000,25.022000
0.000000,1,STAB-020,STABILITY,MONTHLY_MULTI_POINT,90,30.000000,25.000000,UP,STABLE,30.340000,29.100000,24.990000,24.990000
1.000000,2,STAB-020,STABILITY,MONTHLY_MULTI_POINT,90,30.000000,25.000000,UP,STABLE,30.350000,29.000000,25.032000,25.032000
2.000000,3,STAB-020,STABILITY,MONTHLY_MULTI_POINT,90,30.000000,25.000000,UP,STABLE,30.380000,29.200000,25.078000,25.078000
3.000000,4,STAB-020,STABILITY,MONTHLY_MULTI_POINT,90,30.000000,25.000000,UP,STABLE,30.190000,29.000000,25.025000,25.025000
4.000000,5,STAB-020,STABILITY,MONTHLY_MULTI_POINT,90,30.000000,25.000000,UP,STABLE,30.220000,28.700000,25.039000,25.039000
5.000000,6,STAB-020,STABILITY,MONTHLY_MULTI_POINT,90,30.000000,25.000000,UP,STABLE,30.180000,28.700000,24.984000,24.984000
6.000000,7,STAB-020,STABILITY,MONTHLY_MULTI_POINT,90,30.000000,25.000000,UP,STABLE,30.280000,28.800000,24.995000,24.995000
7.000000,8,STAB-020,STABILITY,MONTHLY_MULTI_POINT,90,30.000000,25.000000,UP,STABLE,30.150000,29.000000,25.024000,25.024000
8.000000,9,STAB-020,STABILITY,MONTHLY_MULTI_POINT,90,30.000000,25.000000,UP,STABLE,30.240000,28.400000,25.001000,25.001000
9.000000,10,STAB-020,STABILITY,MONTHLY_MULTI_POINT,90,30.000000,25.000000,UP,STABLE,30.220000,28.500000,25.019000,25.019000
10.000000,11,STAB-020,STABILITY,MONTHLY_MULTI_POINT,90,30.000000,25.000000,UP,STABLE,30.190000,28.800000,25.000000,25.000000
11.000000,12,STAB-020,STABILITY,MONTHLY_MULTI_POINT,90,30.000000,25.000000,UP,STABLE,30.340000,28.900000,25.059000,25.059000
12.000000,13,STAB-020,STABILITY,MONTHLY_MULTI_POINT,90,30.000000,25.000000,UP,STABLE,30.230000,29.000000,25.041000,25.041000
13.000000,14,STAB-020,STABILITY,MONTHLY_MULTI_POINT,90,30.000000,25.000000,UP,STABLE,30.240000,28.900000,25.033000,25.033000
14.000000,15,STAB-020,STABILITY,MONTHLY_MULTI_POINT,90,30.000000,25.000000,UP,STABLE,30.300000,29.100000,25.040000,25.040000
15.000000,16,STAB-020,STABILITY,MONTHLY_MULTI_POINT,90,30.000000,25.000000,UP,STABLE,30.360000,29.100000,25.026000,25.026000
16.000000,17,STAB-020,STABILITY,MONTHLY_MULTI_POINT,90,30.000000,25.000000,UP,STABLE,30.140000,28.100000,24.986000,24.986000
17.000000,18,STAB-020,STABILITY,MONTHLY_MULTI_POINT,90,30.000000,25.000000,UP,STABLE,30.430000,28.900000,25.088000,25.088000
18.000000,19,STAB-020,STABILITY,MONTHLY_MULTI_POINT,90,30.000000,25.000000,UP,STABLE,30.180000,28.600000,24.982000,24.982000
19.000000,20,STAB-020,STABILITY,MONTHLY_MULTI_POINT,90,30.000000,25.000000,UP,STABLE,30.320000,29.000000,25.025000,25.025000
20.000000,21,STAB-020,STABILITY,MONTHLY_MULTI_POINT,90,30.000000,25.000000,UP,STABLE,30.230000,29.400000,25.030000,25.030000
21.000000,22,STAB-020,STABILITY,MONTHLY_MULTI_POINT,90,30.000000,25.000000,UP,STABLE,30.130000,28.700000,25.026000,25.026000
22.000000,23,STAB-020,STABILITY,MONTHLY_MULTI_POINT,90,30.000000,25.000000,UP,STABLE,30.320000,29.200000,25.049000,25.049000
23.000000,24,STAB-020,STABILITY,MONTHLY_MULTI_POINT,90,30.000000,25.000000,UP,STABLE,30.140000,28.700000,25.008000,25.008000
24.000000,25,STAB-020,STABILITY,MONTHLY_MULTI_POINT,90,30.000000,25.000000,UP,STABLE,30.360000,28.900000,25.036000,25.036000
25.000000,26,STAB-020,STABILITY,MONTHLY_MULTI_POINT,90,30.000000,25.000000,UP,STABLE,30.330000,28.600000,25.027000,25.027000
26.000000,27,STAB-020,STABILITY,MONTHLY_MULTI_POINT,90,30.000000,25.000000,UP,STABLE,30.280000,28.800000,24.989000,24.989000
27.000000,28,STAB-020,STABILITY,MONTHLY_MULTI_POINT,90,30.000000,25.000000,UP,STABLE,30.380000,28.600000,25.016000,25.016000
28.000000,29,STAB-020,STABILITY,MONTHLY_MULTI_POINT,90,30.000000,25.000000,UP,STABLE,30.320000,28.400000,25.026000,25.026000
29.000000,30,STAB-020,STABILITY,MONTHLY_MULTI_POINT,90,30.000000,25.000000,UP,STABLE,30.460000,29.100000,25.009000,25.009000
30.000000,31,STAB-020,STABILITY,MONTHLY_MULTI_POINT,90,30.000000,25.000000,UP,STABLE,30.400000,29.100000,25.052000,25.052000
31.000000,32,STAB-020,STABILITY,MONTHLY_MULTI_POINT,90,30.000000,25.000000,UP,STABLE,30.170000,29.200000,25.005000,25.005000
32.000000,33,STAB-020,STABILITY,MONTHLY_MULTI_POINT,90,30.000000,25.000000,UP,STABLE,30.210000,28.600000,25.044000,25.044000
33.000000,34,STAB-020,STABILITY,MONTHLY_MULTI_POINT,90,30.000000,25.000000,UP,STABLE,30.130000,29.200000,25.045000,25.045000
34.000000,35,STAB-020,STABILITY,MONTHLY_MULTI_POINT,90,30.000000,25.000000,UP,STABLE,30.240000,28.600000,25.036000,25.036000
35.000000,36,STAB-020,STABILITY,MONTHLY_MULTI_POINT,90,30.000000,25.000000,UP,STABLE,30.330000,29.100000,24.971000,24.971000
36.000000,37,STAB-020,STABILITY,MONTHLY_MULTI_POINT,90,30.000000,25.000000,UP,STABLE,30.410000,29.000000,25.021000,25.021000
37.000000,38,STAB-020,STABILITY,MONTHLY_MULTI_POINT,90,30.000000,25.000000,UP,STABLE,30.310000,29.000000,24.997000,24.997000
38.000000,39,STAB-020,STABILITY,MONTHLY_MULTI_POINT,90,30.000000,25.000000,UP,STABLE,30.320000,29.700000,25.056000,25.056000
39.000000,40,STAB-020,STABILITY,MONTHLY_MULTI_POINT,90,30.000000,25.000000,UP,STABLE,30.240000,28.900000,25.060000,25.060000
40.000000,41,STAB-020,STABILITY,MONTHLY_MULTI_POINT,90,30.000000,25.000000,UP,STABLE,30.180000,28.400000,25.017000,25.017000
41.000000,42,STAB-020,STABILITY,MONTHLY_MULTI_POINT,90,30.000000,25.000000,UP,STABLE,30.320000,28.600000,25.028000,25.028000
42.000000,43,STAB-020,STABILITY,MONTHLY_MULTI_POINT,90,30.000000,25.000000,UP,STABLE,30.360000,28.800000,25.061000,25.061000
43.000000,44,STAB-020,STABILITY,MONTHLY_MULTI_POINT,90,30.000000,25.000000,UP,STABLE,30.320000,29.100000,25.022000,25.022000
44.000000,45,STAB-020,STABILITY,MONTHLY_MULTI_POINT,90,30.000000,25.000000,UP,STABLE,30.320000,28.700000,25.057000,25.057000
45.000000,46,STAB-020,STABILITY,MONTHLY_MULTI_POINT,90,30.000000,25.000000,UP,STABLE,30.440000,29.100000,25.038000,25.038000
46.000000,47,STAB-020,STABILITY,MONTHLY_MULTI_POINT,90,30.000000,25.000000,UP,STABLE,30.220000,28.900000,24.967000,24.967000
47.000000,48,STAB-020,STABILITY,MONTHLY_MULTI_POINT,90,30.000000,25.000000,UP,STABLE,30.230000,28.500000,25.004000,25.004000
48.000000,49,STAB-020,STABILITY,MONTHLY_MULTI_POINT,90,30.000000,25.000000,UP,STABLE,30.130000,28.600000,25.068000,25.068000
49.000000,50,STAB-020,STABILITY,MONTHLY_MULTI_POINT,90,30.000000,25.000000,UP,STABLE,30.310000,28.700000,25.057000,25.057000
50.000000,51,STAB-020,STABILITY,MONTHLY_MULTI_POINT,90,30.000000,25.000000,UP,STABLE,30.040000,28.800000,25.033000,25.033000
51.000000,52,STAB-020,STABILITY,MONTHLY_MULTI_POINT,90,30.000000,25.000000,UP,STABLE,30.270000,29.200000,25.043000,25.043000
52.000000,53,STAB-020,STABILITY,MONTHLY_MULTI_POINT,90,30.000000,25.000000,UP,STABLE,30.210000,28.800000,25.057000,25.057000
53.000000,54,STAB-020,STABILITY,MONTHLY_MULTI_POINT,90,30.000000,25.000000,UP,STABLE,30.280000,29.000000,24.986000,24.986000
54.000000,55,STAB-020,STABILITY,MONTHLY_MULTI_POINT,90,30.000000,25.000000,UP,STABLE,30.210000,28.700000,25.008000,25.008000
55.000000,56,STAB-020,STABILITY,MONTHLY_MULTI_POINT,90,30.000000,25.000000,UP,STABLE,30.270000,29.100000,25.018000,25.018000
56.000000,57,STAB-020,STABILITY,MONTHLY_MULTI_POINT,90,30.000000,25.000000,UP,STABLE,30.290000,28.800000,24.967000,24.967000
57.000000,58,STAB-020,STABILITY,MONTHLY_MULTI_POINT,90,30.000000,25.000000,UP,STABLE,30.270000,28.800000,25.065000,25.065000
58.000000,59,STAB-020,STABILITY,MONTHLY_MULTI_POINT,90,30.000000,25.000000,UP,STABLE,30.400000,28.800000,25.057000,25.057000
59.000000,60,STAB-020,STABILITY,MONTHLY_MULTI_POINT,90,30.000000,25.000000,UP,STABLE,30.230000,28.600000,25.000000,25.000000
0.000000,1,STAB-021,STABILITY,MONTHLY_MULTI_POINT,90,50.000000,25.000000,UP,STABLE,50.150000,48.800000,24.972000,24.972000
1.000000,2,STAB-021,STABILITY,MONTHLY_MULTI_POINT,90,50.000000,25.000000,UP,STABLE,50.390000,49.200000,25.048000,25.048000
2.000000,3,STAB-021,STABILITY,MONTHLY_MULTI_POINT,90,50.000000,25.000000,UP,STABLE,50.310000,48.800000,25.000000,25.000000
3.000000,4,STAB-021,STABILITY,MONTHLY_MULTI_POINT,90,50.000000,25.000000,UP,STABLE,50.390000,48.700000,25.034000,25.034000
4.000000,5,STAB-021,STABILITY,MONTHLY_MULTI_POINT,90,50.000000,25.000000,UP,STABLE,50.170000,49.400000,25.016000,25.016000
5.000000,6,STAB-021,STABILITY,MONTHLY_MULTI_POINT,90,50.000000,25.000000,UP,STABLE,50.250000,48.600000,25.000000,25.000000
6.000000,7,STAB-021,STABILITY,MONTHLY_MULTI_POINT,90,50.000000,25.000000,UP,STABLE,50.260000,48.700000,25.043000,25.043000
7.000000,8,STAB-021,STABILITY,MONTHLY_MULTI_POINT,90,50.000000,25.000000,UP,STABLE,50.230000,49.100000,25.002000,25.002000
8.000000,9,STAB-021,STABILITY,MONTHLY_MULTI_POINT,90,50.000000,25.000000,UP,STABLE,50.180000,48.400000,25.001000,25.001000
9.000000,10,STAB-021,STABILITY,MONTHLY_MULTI_POINT,90,50.000000,25.000000,UP,STABLE,50.170000,49.000000,25.057000,25.057000
10.000000,11,STAB-021,STABILITY,MONTHLY_MULTI_POINT,90,50.000000,25.000000,UP,STABLE,50.330000,49.100000,25.017000,25.017000
11.000000,12,STAB-021,STABILITY,MONTHLY_MULTI_POINT,90,50.000000,25.000000,UP,STABLE,50.290000,49.100000,25.033000,25.033000
12.000000,13,STAB-021,STABILITY,MONTHLY_MULTI_POINT,90,50.000000,25.000000,UP,STABLE,50.200000,48.800000,25.017000,25.017000
13.000000,14,STAB-021,STABILITY,MONTHLY_MULTI_POINT,90,50.000000,25.000000,UP,STABLE,50.140000,49.500000,25.066000,25.066000
14.000000,15,STAB-021,STABILITY,MONTHLY_MULTI_POINT,90,50.000000,25.000000,UP,STABLE,50.300000,48.900000,25.036000,25.036000
15.000000,16,STAB-021,STABILITY,MONTHLY_MULTI_POINT,90,50.000000,25.000000,UP,STABLE,50.290000,48.700000,25.034000,25.034000
16.000000,17,STAB-021,STABILITY,MONTHLY_MULTI_POINT,90,50.000000,25.000000,UP,STABLE,50.260000,49.300000,25.020000,25.020000
17.000000,18,STAB-021,STABILITY,MONTHLY_MULTI_POINT,90,50.000000,25.000000,UP,STABLE,50.310000,49.000000,25.009000,25.009000
18.000000,19,STAB-021,STABILITY,MONTHLY_MULTI_POINT,90,50.000000,25.000000,UP,STABLE,50.340000,49.200000,25.051000,25.051000
19.000000,20,STAB-021,STABILITY,MONTHLY_MULTI_POINT,90,50.000000,25.000000,UP,STABLE,50.100000,48.500000,25.020000,25.020000
20.000000,21,STAB-021,STABILITY,MONTHLY_MULTI_POINT,90,50.000000,25.000000,UP,STABLE,50.160000,48.600000,24.977000,24.977000
21.000000,22,STAB-021,STABILITY,MONTHLY_MULTI_POINT,90,50.000000,25.000000,UP,STABLE,50.120000,49.000000,25.080000,25.080000
22.000000,23,STAB-021,STABILITY,MONTHLY_MULTI_POINT,90,50.000000,25.000000,UP,STABLE,50.190000,48.700000,25.007000,25.007000
23.000000,24,STAB-021,STABILITY,MONTHLY_MULTI_POINT,90,50.000000,25.000000,UP,STABLE,50.250000,49.300000,25.039000,25.039000
24.000000,25,STAB-021,STABILITY,MONTHLY_MULTI_POINT,90,50.000000,25.000000,UP,STABLE,50.280000,48.800000,25.037000,25.037000
25.000000,26,STAB-021,STABILITY,MONTHLY_MULTI_POINT,90,50.000000,25.000000,UP,STABLE,50.280000,48.700000,25.045000,25.045000
26.000000,27,STAB-021,STABILITY,MONTHLY_MULTI_POINT,90,50.000000,25.000000,UP,STABLE,50.280000,48.900000,24.979000,24.979000
27.000000,28,STAB-021,STABILITY,MONTHLY_MULTI_POINT,90,50.000000,25.000000,UP,STABLE,50.290000,49.200000,25.038000,25.038000
28.000000,29,STAB-021,STABILITY,MONTHLY_MULTI_POINT,90,50.000000,25.000000,UP,STABLE,50.260000,48.300000,25.038000,25.038000
29.000000,30,STAB-021,STABILITY,MONTHLY_MULTI_POINT,90,50.000000,25.000000,UP,STABLE,50.180000,48.500000,25.020000,25.020000
30.000000,31,STAB-021,STABILITY,MONTHLY_MULTI_POINT,90,50.000000,25.000000,UP,STABLE,50.310000,48.500000,25.024000,25.024000
31.000000,32,STAB-021,STABILITY,MONTHLY_MULTI_POINT,90,50.000000,25.000000,UP,STABLE,50.180000,49.000000,25.052000,25.052000
32.000000,33,STAB-021,STABILITY,MONTHLY_MULTI_POINT,90,50.000000,25.000000,UP,STABLE,50.220000,48.700000,25.035000,25.035000
33.000000,34,STAB-021,STABILITY,MONTHLY_MULTI_POINT,90,50.000000,25.000000,UP,STABLE,50.460000,49.300000,25.031000,25.031000
34.000000,35,STAB-021,STABILITY,MONTHLY_MULTI_POINT,90,50.000000,25.000000,UP,STABLE,50.350000,48.500000,25.042000,25.042000
35.000000,36,STAB-021,STABILITY,MONTHLY_MULTI_POINT,90,50.000000,25.000000,UP,STABLE,50.310000,49.100000,25.029000,25.029000
36.000000,37,STAB-021,STABILITY,MONTHLY_MULTI_POINT,90,50.000000,25.000000,UP,STABLE,50.380000,49.200000,24.982000,24.982000
37.000000,38,STAB-021,STABILITY,MONTHLY_MULTI_POINT,90,50.000000,25.000000,UP,STABLE,50.090000,48.600000,25.083000,25.083000
38.000000,39,STAB-021,STABILITY,MONTHLY_MULTI_POINT,90,50.000000,25.000000,UP,STABLE,50.200000,48.900000,25.019000,25.019000
39.000000,40,STAB-021,STABILITY,MONTHLY_MULTI_POINT,90,50.000000,25.000000,UP,STABLE,50.310000,49.500000,25.045000,25.045000
40.000000,41,STAB-021,STABILITY,MONTHLY_MULTI_POINT,90,50.000000,25.000000,UP,STABLE,50.530000,49.300000,24.980000,24.980000
41.000000,42,STAB-021,STABILITY,MONTHLY_MULTI_POINT,90,50.000000,25.000000,UP,STABLE,50.330000,49.300000,24.938000,24.938000
42.000000,43,STAB-021,STABILITY,MONTHLY_MULTI_POINT,90,50.000000,25.000000,UP,STABLE,50.170000,48.900000,25.045000,25.045000
43.000000,44,STAB-021,STABILITY,MONTHLY_MULTI_POINT,90,50.000000,25.000000,UP,STABLE,50.320000,48.800000,24.999000,24.999000
44.000000,45,STAB-021,STABILITY,MONTHLY_MULTI_POINT,90,50.000000,25.000000,UP,STABLE,50.240000,48.800000,25.058000,25.058000
45.000000,46,STAB-021,STABILITY,MONTHLY_MULTI_POINT,90,50.000000,25.000000,UP,STABLE,50.240000,49.100000,25.005000,25.005000
46.000000,47,STAB-021,STABILITY,MONTHLY_MULTI_POINT,90,50.000000,25.000000,UP,STABLE,50.160000,49.000000,25.063000,25.063000
47.000000,48,STAB-021,STABILITY,MONTHLY_MULTI_POINT,90,50.000000,25.000000,UP,STABLE,50.180000,49.000000,24.966000,24.966000
48.000000,49,STAB-021,STABILITY,MONTHLY_MULTI_POINT,90,50.000000,25.000000,UP,STABLE,50.270000,48.700000,25.009000,25.009000
49.000000,50,STAB-021,STABILITY,MONTHLY_MULTI_POINT,90,50.000000,25.000000,UP,STABLE,50.300000,49.100000,25.020000,25.020000
50.000000,51,STAB-021,STABILITY,MONTHLY_MULTI_POINT,90,50.000000,25.000000,UP,STABLE,50.510000,49.000000,24.976000,24.976000
51.000000,52,STAB-021,STABILITY,MONTHLY_MULTI_POINT,90,50.000000,25.000000,UP,STABLE,50.250000,48.900000,25.026000,25.026000
52.000000,53,STAB-021,STABILITY,MONTHLY_MULTI_POINT,90,50.000000,25.000000,UP,STABLE,50.320000,49.000000,25.046000,25.046000
53.000000,54,STAB-021,STABILITY,MONTHLY_MULTI_POINT,90,50.000000,25.000000,UP,STABLE,50.140000,48.700000,25.025000,25.025000
54.000000,55,STAB-021,STABILITY,MONTHLY_MULTI_POINT,90,50.000000,25.000000,UP,STABLE,50.110000,49.200000,25.001000,25.001000
55.000000,56,STAB-021,STABILITY,MONTHLY_MULTI_POINT,90,50.000000,25.000000,UP,STABLE,50.280000,49.000000,24.958000,24.958000
56.000000,57,STAB-021,STABILITY,MONTHLY_MULTI_POINT,90,50.000000,25.000000,UP,STABLE,50.190000,49.100000,25.025000,25.025000
57.000000,58,STAB-021,STABILITY,MONTHLY_MULTI_POINT,90,50.000000,25.000000,UP,STABLE,50.440000,49.600000,24.931000,24.931000
58.000000,59,STAB-021,STABILITY,MONTHLY_MULTI_POINT,90,50.000000,25.000000,UP,STABLE,50.270000,48.400000,25.042000,25.042000
59.000000,60,STAB-021,STABILITY,MONTHLY_MULTI_POINT,90,50.000000,25.000000,UP,STABLE,50.170000,49.100000,24.970000,24.970000
0.000000,1,STAB-022,STABILITY,MONTHLY_MULTI_POINT,90,70.000000,25.000000,UP,STABLE,70.350000,68.900000,24.954000,24.954000
1.000000,2,STAB-022,STABILITY,MONTHLY_MULTI_POINT,90,70.000000,25.000000,UP,STABLE,70.230000,68.600000,25.080000,25.080000
2.000000,3,STAB-022,STABILITY,MONTHLY_MULTI_POINT,90,70.000000,25.000000,UP,STABLE,70.270000,69.400000,24.991000,24.991000
3.000000,4,STAB-022,STABILITY,MONTHLY_MULTI_POINT,90,70.000000,25.000000,UP,STABLE,70.290000,68.900000,24.971000,24.971000
4.000000,5,STAB-022,STABILITY,MONTHLY_MULTI_POINT,90,70.000000,25.000000,UP,STABLE,70.380000,68.900000,25.023000,25.023000
5.000000,6,STAB-022,STABILITY,MONTHLY_MULTI_POINT,90,70.000000,25.000000,UP,STABLE,70.350000,69.400000,25.042000,25.042000
6.000000,7,STAB-022,STABILITY,MONTHLY_MULTI_POINT,90,70.000000,25.000000,UP,STABLE,70.380000,69.100000,25.007000,25.007000
7.000000,8,STAB-022,STABILITY,MONTHLY_MULTI_POINT,90,70.000000,25.000000,UP,STABLE,70.270000,68.500000,24.970000,24.970000
8.000000,9,STAB-022,STABILITY,MONTHLY_MULTI_POINT,90,70.000000,25.000000,UP,STABLE,70.300000,69.300000,25.055000,25.055000
9.000000,10,STAB-022,STABILITY,MONTHLY_MULTI_POINT,90,70.000000,25.000000,UP,STABLE,70.220000,69.200000,25.061000,25.061000
10.000000,11,STAB-022,STABILITY,MONTHLY_MULTI_POINT,90,70.000000,25.000000,UP,STABLE,70.170000,68.200000,25.040000,25.040000
11.000000,12,STAB-022,STABILITY,MONTHLY_MULTI_POINT,90,70.000000,25.000000,UP,STABLE,70.310000,68.700000,25.036000,25.036000
12.000000,13,STAB-022,STABILITY,MONTHLY_MULTI_POINT,90,70.000000,25.000000,UP,STABLE,70.320000,68.500000,25.012000,25.012000
13.000000,14,STAB-022,STABILITY,MONTHLY_MULTI_POINT,90,70.000000,25.000000,UP,STABLE,70.140000,68.900000,24.960000,24.960000
14.000000,15,STAB-022,STABILITY,MONTHLY_MULTI_POINT,90,70.000000,25.000000,UP,STABLE,70.410000,69.200000,25.072000,25.072000
15.000000,16,STAB-022,STABILITY,MONTHLY_MULTI_POINT,90,70.000000,25.000000,UP,STABLE,70.170000,68.600000,25.069000,25.069000
16.000000,17,STAB-022,STABILITY,MONTHLY_MULTI_POINT,90,70.000000,25.000000,UP,STABLE,70.410000,68.800000,25.020000,25.020000
17.000000,18,STAB-022,STABILITY,MONTHLY_MULTI_POINT,90,70.000000,25.000000,UP,STABLE,70.250000,68.700000,24.990000,24.990000
18.000000,19,STAB-022,STABILITY,MONTHLY_MULTI_POINT,90,70.000000,25.000000,UP,STABLE,70.130000,68.500000,24.960000,24.960000
19.000000,20,STAB-022,STABILITY,MONTHLY_MULTI_POINT,90,70.000000,25.000000,UP,STABLE,70.400000,69.300000,25.040000,25.040000
20.000000,21,STAB-022,STABILITY,MONTHLY_MULTI_POINT,90,70.000000,25.000000,UP,STABLE,70.430000,69.000000,25.051000,25.051000
21.000000,22,STAB-022,STABILITY,MONTHLY_MULTI_POINT,90,70.000000,25.000000,UP,STABLE,70.160000,69.000000,25.051000,25.051000
22.000000,23,STAB-022,STABILITY,MONTHLY_MULTI_POINT,90,70.000000,25.000000,UP,STABLE,70.150000,68.300000,25.022000,25.022000
23.000000,24,STAB-022,STABILITY,MONTHLY_MULTI_POINT,90,70.000000,25.000000,UP,STABLE,70.270000,68.600000,24.993000,24.993000
24.000000,25,STAB-022,STABILITY,MONTHLY_MULTI_POINT,90,70.000000,25.000000,UP,STABLE,70.270000,68.700000,25.009000,25.009000
25.000000,26,STAB-022,STABILITY,MONTHLY_MULTI_POINT,90,70.000000,25.000000,UP,STABLE,70.340000,69.100000,25.003000,25.003000
26.000000,27,STAB-022,STABILITY,MONTHLY_MULTI_POINT,90,70.000000,25.000000,UP,STABLE,70.330000,69.000000,25.010000,25.010000
27.000000,28,STAB-022,STABILITY,MONTHLY_MULTI_POINT,90,70.000000,25.000000,UP,STABLE,70.530000,69.500000,25.005000,25.005000
28.000000,29,STAB-022,STABILITY,MONTHLY_MULTI_POINT,90,70.000000,25.000000,UP,STABLE,70.330000,69.300000,25.063000,25.063000
29.000000,30,STAB-022,STABILITY,MONTHLY_MULTI_POINT,90,70.000000,25.000000,UP,STABLE,70.240000,68.500000,25.053000,25.053000
30.000000,31,STAB-022,STABILITY,MONTHLY_MULTI_POINT,90,70.000000,25.000000,UP,STABLE,70.420000,69.000000,25.008000,25.008000
31.000000,32,STAB-022,STABILITY,MONTHLY_MULTI_POINT,90,70.000000,25.000000,UP,STABLE,70.300000,68.700000,24.978000,24.978000
32.000000,33,STAB-022,STABILITY,MONTHLY_MULTI_POINT,90,70.000000,25.000000,UP,STABLE,70.200000,69.100000,25.032000,25.032000
33.000000,34,STAB-022,STABILITY,MONTHLY_MULTI_POINT,90,70.000000,25.000000,UP,STABLE,70.200000,68.500000,25.008000,25.008000
34.000000,35,STAB-022,STABILITY,MONTHLY_MULTI_POINT,90,70.000000,25.000000,UP,STABLE,70.140000,68.500000,25.047000,25.047000
35.000000,36,STAB-022,STABILITY,MONTHLY_MULTI_POINT,90,70.000000,25.000000,UP,STABLE,70.200000,68.500000,25.002000,25.002000
36.000000,37,STAB-022,STABILITY,MONTHLY_MULTI_POINT,90,70.000000,25.000000,UP,STABLE,70.110000,68.500000,25.071000,25.071000
37.000000,38,STAB-022,STABILITY,MONTHLY_MULTI_POINT,90,70.000000,25.000000,UP,STABLE,70.260000,68.400000,25.017000,25.017000
38.000000,39,STAB-022,STABILITY,MONTHLY_MULTI_POINT,90,70.000000,25.000000,UP,STABLE,70.320000,68.800000,24.987000,24.987000
39.000000,40,STAB-022,STABILITY,MONTHLY_MULTI_POINT,90,70.000000,25.000000,UP,STABLE,70.220000,68.900000,24.997000,24.997000
40.000000,41,STAB-022,STABILITY,MONTHLY_MULTI_POINT,90,70.000000,25.000000,UP,STABLE,70.280000,68.600000,25.053000,25.053000
41.000000,42,STAB-022,STABILITY,MONTHLY_MULTI_POINT,90,70.000000,25.000000,UP,STABLE,70.270000,68.800000,25.042000,25.042000
42.000000,43,STAB-022,STABILITY,MONTHLY_MULTI_POINT,90,70.000000,25.000000,UP,STABLE,70.250000,68.900000,24.974000,24.974000
43.000000,44,STAB-022,STABILITY,MONTHLY_MULTI_POINT,90,70.000000,25.000000,UP,STABLE,70.370000,68.800000,25.050000,25.050000
44.000000,45,STAB-022,STABILITY,MONTHLY_MULTI_POINT,90,70.000000,25.000000,UP,STABLE,70.410000,69.500000,25.022000,25.022000
45.000000,46,STAB-022,STABILITY,MONTHLY_MULTI_POINT,90,70.000000,25.000000,UP,STABLE,70.380000,68.700000,25.074000,25.074000
46.000000,47,STAB-022,STABILITY,MONTHLY_MULTI_POINT,90,70.000000,25.000000,UP,STABLE,70.410000,69.100000,24.935000,24.935000
47.000000,48,STAB-022,STABILITY,MONTHLY_MULTI_POINT,90,70.000000,25.000000,UP,STABLE,70.300000,68.600000,25.045000,25.045000
48.000000,49,STAB-022,STABILITY,MONTHLY_MULTI_POINT,90,70.000000,25.000000,UP,STABLE,70.310000,68.800000,25.027000,25.027000
49.000000,50,STAB-022,STABILITY,MONTHLY_MULTI_POINT,90,70.000000,25.000000,UP,STABLE,70.350000,69.000000,25.029000,25.029000
50.000000,51,STAB-022,STABILITY,MONTHLY_MULTI_POINT,90,70.000000,25.000000,UP,STABLE,70.200000,68.900000,25.102000,25.102000
51.000000,52,STAB-022,STABILITY,MONTHLY_MULTI_POINT,90,70.000000,25.000000,UP,STABLE,70.150000,68.500000,25.035000,25.035000
52.000000,53,STAB-022,STABILITY,MONTHLY_MULTI_POINT,90,70.000000,25.000000,UP,STABLE,70.390000,69.000000,24.974000,24.974000
53.000000,54,STAB-022,STABILITY,MONTHLY_MULTI_POINT,90,70.000000,25.000000,UP,STABLE,70.160000,68.700000,24.997000,24.997000
54.000000,55,STAB-022,STABILITY,MONTHLY_MULTI_POINT,90,70.000000,25.000000,UP,STABLE,70.290000,68.500000,25.016000,25.016000
55.000000,56,STAB-022,STABILITY,MONTHLY_MULTI_POINT,90,70.000000,25.000000,UP,STABLE,70.250000,68.700000,25.046000,25.046000
56.000000,57,STAB-022,STABILITY,MONTHLY_MULTI_POINT,90,70.000000,25.000000,UP,STABLE,70.280000,68.900000,25.076000,25.076000
57.000000,58,STAB-022,STABILITY,MONTHLY_MULTI_POINT,90,70.000000,25.000000,UP,STABLE,70.220000,68.500000,25.028000,25.028000
58.000000,59,STAB-022,STABILITY,MONTHLY_MULTI_POINT,90,70.000000,25.000000,UP,STABLE,70.320000,68.900000,25.043000,25.043000
59.000000,60,STAB-022,STABILITY,MONTHLY_MULTI_POINT,90,70.000000,25.000000,UP,STABLE,70.270000,68.800000,25.010000,25.010000
